priority_score,tier,new_this_run,title,game_url,has_discord,discord_url,discord_server,discord_members,discord_online,active,peak_active_seen,visits,visits_growth_per_day,favorites,likes,dislikes,like_ratio,heat_active_per_1k_visits,age_days,created,last_updated,creator_type,creator_name,creator_url,group_members,owner_name,owner_url,youtube,tiktok,twitter_x,twitch,instagram,other_links,genre,max_players,universe_id,place_id,found_via,checked_at_utc

1135,1-BEST (MUST BUY),NEW,+1 Chop Trees for Treasure,https://www.roblox.com/games/110730550789828/,,,,,,116,116,16573,,700,11,5,68.8,7.0,11,2026-08-24,2026-09-04,Group,ArcHaven,https://www.roblox.com/groups/874625030,593497,Geodneyz,https://www.roblox.com/users/804882130/profile,,,,,,,All,15,10759430423,110730550789828,search:chop,2026-09-05 13:09

1129,1-BEST (MUST BUY),NEW,[🚗] Punch Lucky Blocks For Cars!,https://www.roblox.com/games/131911637331495/,,,,,,120,120,20753,,357,38,7,84.4,5.78,13,2026-08-22,2026-09-04,Group,Rot Brothers,https://www.roblox.com/groups/350051376,2644,YuLovex,https://www.roblox.com/users/547707800/profile,,,,,,,All,6,10754231978,131911637331495,search:punch battlegrounds,2026-09-05 13:04

1129,1-BEST (MUST BUY),NEW,+1 Loot To Forge,https://www.roblox.com/games/118805555015549/,,,,,,178,178,30993,,1882,59,2,96.7,5.74,24,2026-08-12,2026-09-05,Group,Good Bro Studio,https://www.roblox.com/groups/828376264,5090,CandySnow18,https://www.roblox.com/users/7058882480/profile,,,,,,,All,8,10684750879,118805555015549,search:loot,2026-09-05 13:09

1127,1-BEST (MUST BUY),NEW,Magnet Fishing 🧲,https://www.roblox.com/games/83717725495693/,,,,,,188,188,35246,,925,54,19,74.0,5.33,25,2026-08-11,2026-09-05,Group,Magnet Fishing: 519,https://www.roblox.com/groups/1012569219,81,ahmedluai22,https://www.roblox.com/users/13929414/profile,,,,,,,All,8,10679441410,83717725495693,search:fishing frontier,2026-09-05 13:05

1126,1-BEST (MUST BUY),NEW,Swing For Eggs,https://www.roblox.com/games/109203247742910/,,,,,,125,125,24041,,1409,56,14,80.0,5.2,8,2026-08-27,2026-09-05,Group,faderanat's spiders,https://www.roblox.com/groups/964523081,3436,faderanat,https://www.roblox.com/users/2298224959/profile,,,,,,,All,6,10763764817,109203247742910,search:eggs,2026-09-05 13:07

1122,1-BEST (MUST BUY),NEW,+1 Mog Evolution,https://www.roblox.com/games/92648272637932/,,,,,,124,124,28182,,461,353,13,96.4,4.4,5,2026-08-30,2026-09-04,Group,Navoj Mog,https://www.roblox.com/groups/426881025,621,Techvast,https://www.roblox.com/users/1447614618/profile,,,,,,,All,12,10764479526,92648272637932,search:evolution,2026-09-05 13:08

1120,1-BEST (MUST BUY),NEW,😰 TAKE IT MODDED 😀 INFS OWNER PANEL! (SAEE),https://www.roblox.com/games/87531258970120/,,,,,,110,110,27744,,2568,316,13,96.0,3.96,4,2026-09-01,2026-09-01,Group,Gragnano Italia STUDIOS,https://www.roblox.com/groups/930641689,151427,LavaBrainrot_games,https://www.roblox.com/users/10395547141/profile,,,,,,,All,7,10764694411,87531258970120,creator:Group:930641689,2026-09-05 13:10

1119,1-BEST (MUST BUY),NEW,🎣  How to Catch Fish,https://www.roblox.com/games/116781904441020/,,,,,,119,119,31476,,60,9,10,47.4,3.78,9,2026-08-26,2026-09-05,Group,Fish Gang Be Fishin,https://www.roblox.com/groups/322191605,11,BladianMC,https://www.roblox.com/users/660123971/profile,,,,,,,All,12,10762546555,116781904441020,search:catch a,2026-09-05 13:02

1119,1-BEST (MUST BUY),NEW,🌈 SAEZ with ADMINS PANEL x888m MODDEDS 🤑,https://www.roblox.com/games/78092712332606/,,,,,,140,140,36725,,3646,278,15,94.9,3.81,4,2026-09-01,2026-09-01,Group,Gragnano Italia STUDIOS,https://www.roblox.com/groups/930641689,151427,LavaBrainrot_games,https://www.roblox.com/users/10395547141/profile,,,,,,,All,7,10764694390,78092712332606,creator:Group:930641689,2026-09-05 13:10

1116,1-BEST (MUST BUY),NEW,[UPD 🎩] Train a Fish Fighter 🐟,https://www.roblox.com/games/135318247691553/,,,,,,107,107,33471,,219,64,29,68.8,3.2,25,2026-08-11,2026-09-05,Group,another fish studio,https://www.roblox.com/groups/15015023,1725,Modas28,https://www.roblox.com/users/3700216142/profile,,,,,,,All,8,10680132879,135318247691553,search:🐟,2026-09-05 13:06

1116,1-BEST (MUST BUY),NEW,[UPDATE] Collect The Flags ,https://www.roblox.com/games/82004366420941/,,,,,,115,115,36472,,742,39,27,59.1,3.15,14,2026-08-22,2026-09-05,Group,Marv Marv,https://www.roblox.com/groups/895277058,3157,Marveccio,https://www.roblox.com/users/9325971766/profile,,,,,,,All,6,10750983677,82004366420941,search:capture the flag,2026-09-05 13:07

1116,1-BEST (MUST BUY),NEW,Choose the Stronger Anime!,https://www.roblox.com/games/111801263516291/,,,,,,118,118,37298,,171,74,39,65.5,3.16,11,2026-08-24,2026-09-05,Group,Epic Party Games!,https://www.roblox.com/groups/797650200,7132,DankifyPlayz,https://www.roblox.com/users/1716305660/profile,,,,,,,All,30,10759594563,111801263516291,search:overpowered,2026-09-05 13:09

1114,1-BEST (MUST BUY),NEW,🕸️Cart Ride Into Spiderman!,https://www.roblox.com/games/83111831297040/,,,,,,106,106,39130,,3928,19,11,63.3,2.71,15,2026-08-21,2026-09-05,User,BilboBloodAxe,https://www.roblox.com/users/22989985/profile,,BilboBloodAxe,https://www.roblox.com/users/22989985/profile,,,,,,,All,20,10747911114,83111831297040,search:cart ride,2026-09-05 13:09

1038,1-BEST (MUST BUY),NEW,🗣️ ENGLISH OR SPANISH,https://www.roblox.com/games/123540622480082/,,,,,,216,216,28433,,1271,2,7,22.2,7.6,35,2026-07-31,2026-09-02,Group,MMH Games,https://www.roblox.com/groups/35271531,5804,MurderMysteryHub,https://www.roblox.com/users/7643231675/profile,,,,,,,All,12,10605099109,123540622480082,creator:Group:35271531,2026-09-05 13:10

1036,1-BEST (MUST BUY),NEW,[😈] EVIL Ascension,https://www.roblox.com/games/114285878045610/,,,,,,165,165,23031,,105,35,8,81.4,7.16,44,2026-07-22,2026-09-05,Group,Evolune,https://www.roblox.com/groups/134986516,751,XX_bannanaboiXX,https://www.roblox.com/users/2063687494/profile,,,,,,,All,14,10548415830,114285878045610,search:😈,2026-09-05 13:06

1036,1-BEST (MUST BUY),NEW,My PC Store 🖥️ ,https://www.roblox.com/games/124383051659240/,,,,,,173,173,24322,,153,86,23,78.9,7.11,75,2026-06-21,2026-09-05,Group,Parallax Studio.,https://www.roblox.com/groups/855081453,4808,ScriptedAsync,https://www.roblox.com/users/702184164/profile,,,,,,,All,6,10371266739,124383051659240,search:store,2026-09-05 13:08

1033,1-BEST (MUST BUY),NEW,[UPD 1🔥] Floppa Incremental,https://www.roblox.com/games/119585769811611/,,,,,,205,205,31183,,751,131,26,83.4,6.57,81,2026-06-15,2026-09-05,Group,Grand Blue Studios,https://www.roblox.com/groups/321537542,760,6danek_skiller9,https://www.roblox.com/users/1606178578/profile,,,,,,,All,6,10334028537,119585769811611,search:incremental,2026-09-05 13:06

1032,1-BEST (MUST BUY),NEW,🚀 Build a Spaceship and Blast!,https://www.roblox.com/games/72580001474846/,,,,,,219,219,33960,,179,32,21,60.4,6.45,39,2026-07-27,2026-09-01,Group,Tower Craft,https://www.roblox.com/groups/323613672,1537,piecefirem,https://www.roblox.com/users/920402497/profile,,,,,,,All,8,10582654437,72580001474846,search:explode,2026-09-05 13:08

1031,1-BEST (MUST BUY),NEW,🎃 Halloween Scare Nights,https://www.roblox.com/games/132781663296476/,,,,,,106,106,16865,,101,94,4,95.9,6.29,53,2026-07-13,2026-09-05,Group,Universal Roblox Park & Resort,https://www.roblox.com/groups/1181615,131405,Dapale,https://www.roblox.com/users/18247660/profile,,,,,,,All,40,10497600743,132781663296476,search:[HALLOWEEN],2026-09-05 13:06

1021,1-BEST (MUST BUY),NEW,🍣 2 Player Japanese Restaurant Tycoon,https://www.roblox.com/games/98429767972135/,,,,,,124,124,29847,,1270,72,7,91.1,4.15,159,2026-03-29,2026-09-01,Group,Chunc Studios,https://www.roblox.com/groups/35543766,456915,Electroyzm,https://www.roblox.com/users/118103320/profile,,,x.com/groups,,,,All,6,9960952281,98429767972135,search:restaurant tycoon,2026-09-05 13:03

1019,1-BEST (MUST BUY),NEW,[NEW] Expedition Halmahera,https://www.roblox.com/games/116478094418484/,,,,,,121,121,31791,,286,114,22,83.8,3.81,40,2026-07-27,2026-09-04,Group,Knight Code Studio,https://www.roblox.com/groups/650685587,42212,satriadevloper,https://www.roblox.com/users/9492646150/profile,,,,,,,All,100,10576933077,116478094418484,rec:10583006996,2026-09-05 13:10

1018,1-BEST (MUST BUY),NEW,Makeup Artist 🎨,https://www.roblox.com/games/71734923267048/,,,,,,122,122,33311,,115,10,9,52.6,3.66,70,2026-06-26,2026-09-05,Group,pixel pink games,https://www.roblox.com/groups/345964381,168191,MustacheJoey,https://www.roblox.com/users/23899869/profile,,,,,,,All,7,10399174001,71734923267048,search:starving artists,2026-09-05 13:04

1016,1-BEST (MUST BUY),NEW,Head Eater,https://www.roblox.com/games/139047851897442/,,,,,,102,102,32641,,131,15,34,30.6,3.12,484,2025-05-08,2026-09-03,User,elitelupus,https://www.roblox.com/users/68599326/profile,,elitelupus,https://www.roblox.com/users/68599326/profile,,,,,,,All,30,7664042327,139047851897442,search:siren head,2026-09-05 13:09

898,2-GREAT,NEW,Defend Your Treehouse!,https://www.roblox.com/games/100641654440407/,,,,,,663,663,68836,,302,615,27,95.8,9.63,10,2026-08-25,2026-09-05,Group,Sapling House Games,https://www.roblox.com/groups/42321785,9170,Relian_Dev,https://www.roblox.com/users/4031560378/profile,,,,,,,All,6,10761375938,100641654440407,search:defend,2026-09-05 13:08

893,2-GREAT,NEW,🌋 [UPD!] How to Really Fish,https://www.roblox.com/games/112778631702542/,,,,,,825,825,96941,,2875,167,57,74.6,8.51,12,2026-08-24,2026-09-05,Group,Crazy Fishing Friends,https://www.roblox.com/groups/132957452,6031,Alorist,https://www.roblox.com/users/42902110/profile,,,,,,,All,50,10758034175,112778631702542,search:fishing frontier,2026-09-05 13:05

888,2-GREAT,NEW,Airport Tycoon 2! [NEW],https://www.roblox.com/games/124848984306038/,,,,,,621,621,82091,,1129,593,96,86.1,7.56,12,2026-08-23,2026-09-05,Group,Fat Whale Games,https://www.roblox.com/groups/4920885,1330514,Florian27,https://www.roblox.com/users/16956792/profile,,,,,,,All,7,10756847038,124848984306038,search:airport tycoon,2026-09-05 13:04

884,2-GREAT,NEW,Mysterious Killers,https://www.roblox.com/games/139884411373750/,,,,,,611,611,90201,,5612,30,13,69.8,6.77,24,2026-08-12,2026-09-05,Group,>>><<12_STORAGE_NOT_CASHGRAB_GAMES_3456789101<><><,https://www.roblox.com/groups/901576934,146114,kingtungs16,https://www.roblox.com/users/9593146522/profile,,,,,,,All,12,10685261220,139884411373750,search:mystery,2026-09-05 13:07

788,2-GREAT,NEW,[UPD⛓️] Defeat Anime RNG,https://www.roblox.com/games/92606991708989/,,,,,,710,710,93135,,3976,640,44,93.6,7.62,43,2026-07-23,2026-09-04,Group,Defeat Anime Bosses,https://www.roblox.com/groups/584191075,14353,Rakaneki,https://www.roblox.com/users/63280699/profile,,,,,,,All,6,10552240401,92606991708989,search:sol's rng,2026-09-05 13:02

700,3-GOOD,NEW,Command An Army,https://www.roblox.com/games/101770480176177/,,,,,,6905,6905,132845,,10649,6292,56,99.1,51.98,95,2026-06-02,2026-09-05,Group,"Fight, Fight, Fight!",https://www.roblox.com/groups/1014980424,12465,JakeKamuii,https://www.roblox.com/users/977050527/profile,,,,,,,All,12,10258991999,101770480176177,search:army,2026-09-05 13:07

660,3-GOOD,NEW,Kick an Uma,https://www.roblox.com/games/74968636725538/,,,,,,1462,1462,122157,,13200,4111,28,99.3,11.97,11,2026-08-24,2026-09-05,Group,30 dollar games,https://www.roblox.com/groups/143238687,12607,pt2x,https://www.roblox.com/users/1171996164/profile,,,,,,,All,5,10759415852,74968636725538,search:kick,2026-09-05 13:08

658,3-GOOD,NEW,🌈 SAE SANDBOX MODDED X999999999,https://www.roblox.com/games/104448246276441/,,,,,,2120,2120,182990,,18709,700,36,95.1,11.59,4,2026-09-01,2026-09-01,Group,Gragnano Italia STUDIOS,https://www.roblox.com/groups/930641689,151427,LavaBrainrot_games,https://www.roblox.com/users/10395547141/profile,,,,,,,All,7,10764694943,104448246276441,search:🌈,2026-09-05 13:06

638,3-GOOD,NEW,Mystery of Murder,https://www.roblox.com/games/92010646346554/,,,,,,802,802,105344,,4898,64,15,81.0,7.61,23,2026-08-12,2026-09-05,Group,LOL STUDIO LOL,https://www.roblox.com/groups/722435904,10469,Voltbot57,https://www.roblox.com/users/11186881531/profile,,,,,,,All,12,10689265146,92010646346554,search:murder mystery 2,2026-09-05 13:03

636,3-GOOD,NEW,🥇 DIVINE EGG (OP),https://www.roblox.com/games/79504613717925/,,,,,,986,986,138404,,12639,424,21,95.3,7.12,4,2026-09-01,2026-09-01,Group,Gragnano Italia STUDIOS,https://www.roblox.com/groups/930641689,151427,LavaBrainrot_games,https://www.roblox.com/users/10395547141/profile,,,,,,,All,7,10764694425,79504613717925,search:eggs,2026-09-05 13:07

625,3-GOOD,NEW,Jump To Steal An Egg,https://www.roblox.com/games/106383201135975/,,,,,,875,875,174800,,9552,131,15,89.7,5.01,17,2026-08-18,2026-09-05,Group,Together for Animals,https://www.roblox.com/groups/783008896,31561,Jysse10000,https://www.roblox.com/users/494314808/profile,,,,,,,All,5,10737231383,106383201135975,search:eggs,2026-09-05 13:07

385,4-MID,NEW,🌈 OPEN SAE LUCKYBLOCK + MOD,https://www.roblox.com/games/97401327458823/,,,,,,2579,2579,369517,,35374,1268,59,95.6,6.98,4,2026-09-01,2026-09-01,Group,Gragnano Italia STUDIOS,https://www.roblox.com/groups/930641689,151427,LavaBrainrot_games,https://www.roblox.com/users/10395547141/profile,,,,,,,All,7,10764694925,97401327458823,search:[OPEN],2026-09-05 13:05

385,4-MID,NEW,🤑 SAEM with F2P ADMIN PANEL,https://www.roblox.com/games/97825190559255/,,,,,,1797,1797,253700,,24280,870,24,97.3,7.08,4,2026-09-01,2026-09-01,Group,Gragnano Italia STUDIOS,https://www.roblox.com/groups/930641689,151427,LavaBrainrot_games,https://www.roblox.com/users/10395547141/profile,,,,,,,All,7,10764694946,97825190559255,search:f,2026-09-05 13:09

384,4-MID,NEW,🚨 EGG for ADMINZ MODDED X999,https://www.roblox.com/games/77496442340909/,,,,,,1461,1461,217218,,20652,1390,61,95.8,6.73,4,2026-09-01,2026-09-01,Group,Gragnano Italia STUDIOS,https://www.roblox.com/groups/930641689,151427,LavaBrainrot_games,https://www.roblox.com/users/10395547141/profile,,,,,,,All,7,10764694931,77496442340909,search:🚨,2026-09-05 13:06

383,4-MID,NEW,Tank VS Train,https://www.roblox.com/games/119951978730660/,,,,,,1515,1515,228295,,2005,613,96,86.5,6.64,16,2026-08-20,2026-09-03,Group,Anything Game,https://www.roblox.com/groups/399021020,2160,TrueBIueKings,https://www.roblox.com/users/548028846/profile,,,,,,,All,12,10743374539,119951978730660,search:spider train,2026-09-05 13:03

382,4-MID,NEW,[UPD 2] Grow A Dragon,https://www.roblox.com/games/129894652722990/,,,,,,2359,2359,367019,,29310,957,77,92.6,6.43,17,2026-08-18,2026-09-01,Group,Grow A Dragon Group,https://www.roblox.com/groups/780916166,638,santhegt,https://www.roblox.com/users/188115554/profile,,,,,,,All,8,10737101552,129894652722990,search:grow a garden,2026-09-05 13:01

382,4-MID,NEW,Build a Dino Defense 🦖,https://www.roblox.com/games/138949299666923/,,,,,,1822,1822,288632,,874,175,32,84.5,6.31,26,2026-08-10,2026-09-05,Group,Big Chomp Games,https://www.roblox.com/groups/1111294267,26714,ToastyHam0,https://www.roblox.com/users/7872316101/profile,,,,,,,All,6,10669713140,138949299666923,search:dino game,2026-09-05 13:05

382,4-MID,NEW,[💧] +1 Fill Water Escape,https://www.roblox.com/games/93897811894563/,,,,,,1503,1503,234637,,676,392,27,93.6,6.41,17,2026-08-19,2026-09-05,Group,Consume Water,https://www.roblox.com/groups/382478974,44146,Pudochii,https://www.roblox.com/users/694550345/profile,,,,,,,All,8,10740201882,93897811894563,search:water,2026-09-05 13:08

379,4-MID,NEW,💸 SAE but FREE EVERYTHING X999999 [MODDEDS],https://www.roblox.com/games/101091731834314/,,,,,,1585,1585,270413,,25076,1211,73,94.3,5.86,4,2026-09-01,2026-09-01,Group,Gragnano Italia STUDIOS,https://www.roblox.com/groups/930641689,151427,LavaBrainrot_games,https://www.roblox.com/users/10395547141/profile,,,,,,,All,7,10764694429,101091731834314,creator:Group:930641689,2026-09-05 13:10

378,4-MID,NEW,Farmers Market 🍓,https://www.roblox.com/games/108479378357844/,,,,,,2440,2440,440587,,21077,837,83,91.0,5.54,29,2026-08-07,2026-08-28,Group,Silly Farming Co.,https://www.roblox.com/groups/771272433,741674,TJimt,https://www.roblox.com/users/1053109751/profile,,,,,,,All,6,10645450718,108479378357844,rec:10553704684,2026-09-05 13:10

376,4-MID,NEW,Dropshipping Tycoon,https://www.roblox.com/games/139186643787547/,,,,,,1322,1322,253373,,3183,1849,327,85.0,5.22,26,2026-08-09,2026-09-04,Group,DragonT Gaming,https://www.roblox.com/groups/34952375,1392,DragonTStudios,https://www.roblox.com/users/2295198698/profile,,,,,,,All,8,10666108087,139186643787547,search:tycoon,2026-09-05 13:06

373,4-MID,NEW,Steal an Egg for Squishy Dumplings!,https://www.roblox.com/games/134679507313109/,,,,,,1042,1042,221941,,712,593,15,97.5,4.69,12,2026-08-24,2026-09-05,Group,Cr4nky Studios,https://www.roblox.com/groups/1111024134,52640,fretzzzgaming,https://www.roblox.com/users/3798528958/profile,,,,,,,All,6,10758397570,134679507313109,search:steal a,2026-09-05 13:01

371,4-MID,NEW,[UPDATE] MM2 of The Monsters,https://www.roblox.com/games/100860415498291/,,,,,,1406,1406,328377,,1357,797,101,88.8,4.28,7,2026-08-28,2026-09-05,Group,forzik221,https://www.roblox.com/groups/33233730,27290,Lampochka0002,https://www.roblox.com/users/4059084383/profile,,,,,,,All,30,10764208570,100860415498291,search:mm2,2026-09-05 13:03

370,4-MID,NEW,(NEW🐾) Anomaly Hospital | Roleplay,https://www.roblox.com/games/81969410481703/,,,,,,1607,1607,400597,,1747,406,65,86.2,4.01,13,2026-08-22,2026-09-05,Group,/svdev,https://www.roblox.com/groups/186949690,5983,Aerovyn1x,https://www.roblox.com/users/670593935/profile,,,x.com/transactions,,,,All,20,10754173745,81969410481703,search:🐾,2026-09-05 13:06

369,4-MID,NEW,Grow a Pet Fighter! 🐶⚔️,https://www.roblox.com/games/83376581471284/,,,,,,875,875,235745,,951,863,75,92.0,3.71,19,2026-08-16,2026-09-05,Group,God Bless Zak 7,https://www.roblox.com/groups/693379190,59605,godblesszak,https://www.roblox.com/users/2663776925/profile,,,,,,,All,8,10724269636,83376581471284,search:grow a garden,2026-09-05 13:01

369,4-MID,NEW,Fruit Zombie Survival 🍇,https://www.roblox.com/games/75290583112878/,,,,,,986,986,263776,,2362,321,88,78.5,3.74,28,2026-08-08,2026-09-05,Group,Vibed Games,https://www.roblox.com/groups/35247239,9716,4stume,https://www.roblox.com/users/1617093165/profile,,,,,,,All,20,10654199482,75290583112878,search:fruit battlegrounds,2026-09-05 13:04

369,4-MID,NEW,bug fixes,https://www.roblox.com/games/100971017807798/,,,,,,1149,1149,306028,,9307,3275,651,83.4,3.75,26,2026-08-09,2026-09-05,User,captainwoodlegs,https://www.roblox.com/users/40174397/profile,,captainwoodlegs,https://www.roblox.com/users/40174397/profile,,,,,,,All,50,10666192800,100971017807798,search:[FIXED],2026-09-05 13:05

369,4-MID,NEW, 💪Void Muscle [Secret Void Crystal],https://www.roblox.com/games/96071743839078/,,,,,,1593,1593,411975,,2098,1430,129,91.7,3.87,29,2026-08-06,2026-09-05,Group,Rebloxian Studios,https://www.roblox.com/groups/424041539,12219,igothacdbrovi,https://www.roblox.com/users/7176865272/profile,,,,,,,All,22,10642053112,96071743839078,search:void,2026-09-05 13:08

369,4-MID,NEW,+1 KE But X9999M ,https://www.roblox.com/games/72260796326280/,,,,,,1519,1519,390760,,62388,62,26,70.5,3.89,9,2026-08-26,2026-08-29,Group,The ADMIN VERSE!,https://www.roblox.com/groups/457206543,7691,IDKToSmellIT,https://www.roblox.com/users/9441429870/profile,,,,,,,All,7,10762902443,72260796326280,search:m,2026-09-05 13:10

368,4-MID,NEW,Steal Fish Eggs,https://www.roblox.com/games/99183404085821/,,,,,,951,951,257148,,2287,894,32,96.5,3.7,20,2026-08-16,2026-09-05,Group,fishy fish fish!,https://www.roblox.com/groups/329536544,20371,AczKi0,https://www.roblox.com/users/5729232115/profile,,,,,,,All,6,10718240577,99183404085821,search:fishing sim,2026-09-05 13:02

365,4-MID,NEW,Experiment Box,https://www.roblox.com/games/135763299649828/,,,,,,861,861,294266,,2003,288,135,68.1,2.93,25,2026-08-10,2026-09-05,Group,World Simulation,https://www.roblox.com/groups/656546235,67840,SuuppaSonic,https://www.roblox.com/users/3499141394/profile,,,,,,,All,1,10673940067,135763299649828,search:untitled boxing game,2026-09-05 13:02

365,4-MID,NEW, (🐝BEE Part 3)🖤Raul Modded Game,https://www.roblox.com/games/112513142567337/,,,,,,946,946,323939,,8040,394,29,93.1,2.92,5,2026-08-30,2026-09-02,Group,BRAZLIAIN SPYDER,https://www.roblox.com/groups/503229637,971106,RaulXDev,https://www.roblox.com/users/3707024507/profile,,,,,,,All,8,10764536241,112513142567337,search:bee swarm simulator,2026-09-05 13:03

364,4-MID,NEW,Raise an Anomaly (SCP),https://www.roblox.com/games/71443883879110/,,,,,,1254,1254,436754,,3947,1862,139,93.1,2.87,19,2026-08-17,2026-09-05,Group,and Collect Weird Pets,https://www.roblox.com/groups/89503633,3755,TisNice8,https://www.roblox.com/users/9448291304/profile,,,,,,,All,5,10727829780,71443883879110,search:raise a,2026-09-05 13:01

364,4-MID,NEW,Mysterious 🔪,https://www.roblox.com/games/140714198832634/,,,,,,1142,1142,410585,,33797,78,56,58.2,2.78,13,2026-08-22,2026-09-02,Group,Hold Up Hold Up Hold Up,https://www.roblox.com/groups/592073712,1117,DarksDesired,https://www.roblox.com/users/10824122408/profile,,,,,,,All,12,10754358139,140714198832634,search:murder mystery 2,2026-09-05 13:03

363,4-MID,NEW,👻 Dig Haunted Items,https://www.roblox.com/games/120010119861239/,,,,,,977,977,373012,,8128,2753,189,93.6,2.62,29,2026-08-06,2026-09-03,Group,JSK Games,https://www.roblox.com/groups/726330026,743596,gdjsdsdygvjy,https://www.roblox.com/users/21128571/profile,,,,,,,All,6,10644103316,120010119861239,search:item asylum,2026-09-05 13:03

362,4-MID,NEW,[🏆X2] Frontflip Keyboard Escape,https://www.roblox.com/games/97518530743809/,,,,,,818,818,348233,,63976,63,17,78.8,2.35,24,2026-08-12,2026-09-04,Group,Old Town Labs,https://www.roblox.com/groups/639755862,391788,MMVTheOfficial,https://www.roblox.com/users/7531797339/profile,,,,,,,All,20,10685967810,97518530743809,search:[X2],2026-09-05 13:05

360,4-MID,NEW,+9999 Keyboard Speed + AP!!,https://www.roblox.com/games/115625353077883/,,,,,,803,803,422670,,719,61,68,47.3,1.9,10,2026-08-25,2026-09-02,Group,verified brochachos,https://www.roblox.com/groups/34585964,359,OrcaniaDevelops,https://www.roblox.com/users/342678098/profile,,,,,,,All,22,10761498041,115625353077883,search:typing,2026-09-05 13:09

359,4-MID,NEW,Hug TROLL Tower!,https://www.roblox.com/games/81364481968804/,,,,,,852,852,495552,,722,134,40,77.0,1.72,13,2026-08-22,2026-09-04,Group,Frame's Development,https://www.roblox.com/groups/741979648,1426022,2vsfl,https://www.roblox.com/users/10989483494/profile,,,,,,,All,20,10753085431,81364481968804,search:troll,2026-09-05 13:09

298,4-MID,NEW,TCU : RE-CODE v0.1,https://www.roblox.com/games/104890260413773/,,,,,,2819,2819,293138,,1739,1796,185,90.7,9.62,133,2026-04-25,2026-09-05,Group,LunarFrost,https://www.roblox.com/groups/35118229,21606,FS_TheAngelDevil,https://www.roblox.com/users/3008312451/profile,,,,,,,All,1,10080411105,104890260413773,search:[CODES],2026-09-05 13:06

288,4-MID,NEW,[SOON] Beat the Anime Boss!,https://www.roblox.com/games/129216769649527/,,,,,,2302,2302,299798,,2901,7630,107,98.6,7.68,53,2026-07-14,2026-09-05,Group,Fun and Giggles Games,https://www.roblox.com/groups/914557479,142608,Fouxelefr,https://www.roblox.com/users/877180405/profile,,,,,,,All,8,10501944811,129216769649527,search:anime defenders,2026-09-05 13:04

278,4-MID,NEW,🌴 Forgotten Island,https://www.roblox.com/games/106198290119397/,,,,,,1432,1432,259355,,1210,903,122,88.1,5.52,71,2026-06-25,2026-09-05,Group,Forgotten Island Official Movie,https://www.roblox.com/groups/225332780,15219,UniversalPictures,https://www.roblox.com/users/5567713582/profile,,,,,,,All,8,10394333907,106198290119397,search:adopt a,2026-09-05 13:02

275,4-MID,NEW,Carry the Glass Together! [2 Player Obby],https://www.roblox.com/games/81734857983173/,,,,,,2313,2313,468128,,5269,713,109,86.7,4.94,68,2026-06-29,2026-09-05,Group,Ritronics Studios,https://www.roblox.com/groups/774362029,33,ritonton,https://www.roblox.com/users/596099030/profile,,,,,,,All,26,10415694629,81734857983173,search:carry,2026-09-05 13:09

273,4-MID,NEW,Build to Survive a Nuke 💣 ,https://www.roblox.com/games/104010318509542/,,,,,,1599,1599,343815,,1306,269,436,38.2,4.65,46,2026-07-20,2026-09-04,Group,Group of Igor,https://www.roblox.com/groups/177135809,689,LiteraIIyBatman,https://www.roblox.com/users/3507921996/profile,,,,,,,All,8,10538550790,104010318509542,search:build to survive,2026-09-05 13:04

272,4-MID,NEW,[EVENT] MOUNT SOREYA🌄,https://www.roblox.com/games/118517641508250/,,,,,,1841,1841,416845,,1902,3161,140,95.8,4.42,44,2026-07-22,2026-09-05,Group,MPG COMMUNITY.,https://www.roblox.com/groups/7019573,297976,karlos443311,https://www.roblox.com/users/384123483/profile,,,,,,,All,35,10547430486,118517641508250,search:[NEW],2026-09-05 13:05

270,4-MID,NEW,Tap 4 Money 💸,https://www.roblox.com/games/125410772032969/,,,,,,1933,1933,471877,,1754,582,499,53.8,4.1,254,2025-12-24,2026-09-05,Group,Eternal Studio's!,https://www.roblox.com/groups/14624718,8514,balchm,https://www.roblox.com/users/710745032/profile,,,,,,,All,3,9416689400,125410772032969,search:4,2026-09-05 13:05

268,4-MID,NEW,Dreamality [DEMO],https://www.roblox.com/games/88127769676091/,,,,,,953,953,262553,,26721,4922,331,93.7,3.63,68,2026-06-29,2026-09-05,Group,Frutiger Studios!,https://www.roblox.com/groups/791837250,1706,hugs_plz,https://www.roblox.com/users/1198538069/profile,,,,,,,All,25,10414828414,88127769676091,sort:Trending in Adventure,2026-09-05 13:01

268,4-MID,NEW,[Beta] Bloxrooms,https://www.roblox.com/games/127943464865693/,,,,,,1185,1185,326897,,12663,3468,340,91.1,3.62,35,2026-07-31,2026-09-05,Group,Bloxrooms Corporation,https://www.roblox.com/groups/714121453,3541,Jab_Owns,https://www.roblox.com/users/50288942/profile,,,,,,,All,30,10605173611,127943464865693,search:dragon blox,2026-09-05 13:04

268,4-MID,NEW,+1 Speed Parkour Escape,https://www.roblox.com/games/83189497041857/,,,,,,1817,1817,499480,,47681,1135,202,84.9,3.64,51,2026-07-16,2026-09-04,Group,Pixel Umbrella,https://www.roblox.com/groups/230424474,6754,gamemanager94,https://www.roblox.com/users/9442818527/profile,,,,,,,All,10,10512890487,83189497041857,search:parkour,2026-09-05 13:07

266,4-MID,NEW,SAE with F2P Admin Panel x9999,https://www.roblox.com/games/85678491011899/,,,,,,1481,1481,465655,,933,154,88,63.6,3.18,97,2026-05-31,2026-08-29,Group,OBBY RANDOM INC.,https://www.roblox.com/groups/35812369,187561,1234janjan,https://www.roblox.com/users/52981644/profile,,,,,,,All,7,10249514452,85678491011899,search:op,2026-09-05 13:09

265,4-MID,NEW,Pop Bubbles! 🎯,https://www.roblox.com/games/72390882197205/,,,,,,871,871,290590,,22349,10005,198,98.1,3.0,52,2026-07-14,2026-09-05,Group,Bubble Planet,https://www.roblox.com/groups/345496772,22577,RGBeeeeee,https://www.roblox.com/users/3566542201/profile,,,,,,,All,5,10503838245,72390882197205,sort:Top Earning,2026-09-05 13:01

264,4-MID,NEW,Momo City [Alpha],https://www.roblox.com/games/131856811555630/,,,,,,850,850,310768,,8332,4444,189,95.9,2.74,599,2025-01-14,2026-09-05,Group,ももスタジオ,https://www.roblox.com/groups/17330972,22995,naturegirlprincess,https://www.roblox.com/users/30948657/profile,,,,,,,All,1,7084172542,131856811555630,sort:Top Earning,2026-09-05 13:01

261,4-MID,NEW,✨ AURA FARMING,https://www.roblox.com/games/88656547961390/,,,,,,1024,1024,455801,,23063,71,45,61.2,2.25,32,2026-08-03,2026-09-02,Group,MMH Games,https://www.roblox.com/groups/35271531,5804,MurderMysteryHub,https://www.roblox.com/users/7643231675/profile,,,,,,,All,12,10625923679,88656547961390,search:aura rng,2026-09-05 13:02

261,4-MID,NEW,[🚗 🔧] Disassemble Car Tycoon [⚡1.5x XP WEEKEND],https://www.roblox.com/games/89472775643845/,,,,,,869,869,387158,,6214,1237,465,72.7,2.24,46,2026-07-20,2026-09-05,User,GoldDim,https://www.roblox.com/users/26148215/profile,,GoldDim,https://www.roblox.com/users/26148215/profile,,,,,,,All,6,10537055421,89472775643845,search:car dealership tycoon,2026-09-05 13:03

260,4-MID,NEW,[🔥AURA] Auto Wallhop PHONK Tower 🔁,https://www.roblox.com/games/75884265758329/,,,,,,864,864,412956,,723,268,34,88.7,2.09,35,2026-07-31,2026-08-31,Group,Epic Wall Hop,https://www.roblox.com/groups/153092420,2191774,CarsonDevs,https://www.roblox.com/users/10407317043/profile,,,,,,,All,30,10605746344,75884265758329,search:aura rng,2026-09-05 13:02

﻿priority_score,tier,new_this_run,title,game_url,has_discord,discord_url,discord_server,discord_members,discord_online,discord_via,active,peak_active_seen,visits,visits_growth_per_day,favorites,likes,dislikes,like_ratio,heat_active_per_1k_visits,age_days,created,last_updated,creator_type,creator_name,creator_url,group_members,owner_name,owner_url,owner_roblox_signal,youtube,tiktok,twitter_x,twitch,instagram,other_links,genre,max_players,universe_id,place_id,found_via,checked_at_utc

1531,1-BEST (MUST BUY),NEW,[🔥HARDCORE + CAT😺] PET: REBIRTH 💰,https://www.roblox.com/games/94094414559863/,YES,https://discord.gg/vlg,Verity Little Games,3793,1001,game/group page,216,216,6953,,98,80,2,97.6,31.07,4,2026-09-01,2026-09-06,Group,Very Little Games.,https://www.roblox.com/groups/809506655,15661,ayodxsk,https://www.roblox.com/users/10129205148/profile,,,,,,,,All,10,10764751331,94094414559863,search:rebirth,2026-09-06 12:17

1465,1-BEST (MUST BUY),NEW,[BETA] RotorOps - Rescue Fire,https://www.roblox.com/games/115441230921165/,YES,https://discord.gg/bloxstrike,BloxStrike,119390,26401,creator ecosystem,322,322,24742,,601,349,24,93.6,13.01,14,2026-08-22,2026-09-06,User,Foxlisaa320,https://www.roblox.com/users/10747236867/profile,,Foxlisaa320,https://www.roblox.com/users/10747236867/profile,,https://youtube.com/@BasedGamesRBLX,,https://x.com/BloxStrikeRBLX | https://x.com/PowerCoreGames,,,,All,50,10754246438,115441230921165,search:fire,2026-09-06 12:17

1439,1-BEST (MUST BUY),NEW,(soft open) TIPZY BEARS,https://www.roblox.com/games/128899136869264/,YES,https://discord.gg/XjtkVQ6WrM,TANPA NAMA,4423,1378,creator ecosystem,224,224,22099,,79,198,13,93.8,10.14,10,2026-08-26,2026-09-06,Group,ANVAYA STUDIO,https://www.roblox.com/groups/726864169,2212,icatichiga098,https://www.roblox.com/users/9420511270/profile,,,,,,,,All,70,10762849244,128899136869264,search:[OPEN],2026-09-06 12:15

1424,1-BEST (MUST BUY),NEW,Steal An Anime Egg,https://www.roblox.com/games/76377501906469/,YES,https://discord.gg/Em8YcBEp7h,Alpha Engine,23539,3879,creator ecosystem,109,109,22697,,1644,66,21,75.9,4.8,16,2026-08-21,2026-09-06,Group,BlinkWorks Studios,https://www.roblox.com/groups/820014558,3628,geseunmaggiorenne,https://www.roblox.com/users/11383300169/profile,,https://youtube.com/channel/UCmFr6MDGFrxTc9AUrQrQsZg,,https://x.com/AlphaEngineRBX,,,,All,7,10747748563,76377501906469,search:eggs,2026-09-06 12:16

1413,1-BEST (MUST BUY),NEW,[🔮 FANTASY PART 2] Pet Dimensions! 🐾,https://www.roblox.com/games/101553263361830/,YES,https://discord.gg/McA28E8yfW,PIXEL Games,4589,745,creator ecosystem,152,152,35812,,412,250,103,70.8,4.24,27,2026-08-09,2026-09-06,Group,Starfall Incorporation,https://www.roblox.com/groups/453134528,542,oopsgamesholder,https://www.roblox.com/users/10953230252/profile,,https://youtube.com/@Ars1001,,https://x.com/PixelGames100,,,,All,8,10666654428,101553263361830,search:part 2,2026-09-06 12:14

1365,1-BEST (MUST BUY),NEW,KKN: THE HAUNTED VILLAGE [NEW],https://www.roblox.com/games/83133501920301/,YES,https://discord.gg/Hpp9c6v2RA,SUAKA Studios,19,9,game/group page,308,308,23651,,161,84,16,84.0,13.02,29,2026-08-07,2026-09-06,Group,SUAKA Studios,https://www.roblox.com/groups/943011312,7527,thewayofaxe,https://www.roblox.com/users/1081439892/profile,,https://youtube.com/channel/UCbOn7qw8_y-2W_Ybh5KMRqg,,x.com/games,,,,All,20,10648985835,83133501920301,search:village,2026-09-06 12:17

1341,1-BEST (MUST BUY),NEW,This road is reserved (school zone).,https://www.roblox.com/games/127375943397439/,YES,https://discord.gg/hskyvAmHRs,Gamek Finder,603,39,creator ecosystem,152,152,25973,,97,24,6,80.0,5.85,19,2026-08-18,2026-09-06,User,Rnut_666,https://www.roblox.com/users/5157598954/profile,,Rnut_666,https://www.roblox.com/users/5157598954/profile,,,,,,,,All,40,10734600637,127375943397439,search:school,2026-09-06 12:16

1334,1-BEST (MUST BUY),NEW,+1 Clone Evolution,https://www.roblox.com/games/120297898552393/,YES,https://discord.gg/y3VzQYp6Er,Rake The Leaves,25,10,creator ecosystem,160,160,24116,,83,46,10,82.1,6.63,12,2026-08-25,2026-09-06,Group,HEADTOP STUDIOS,https://www.roblox.com/groups/705496325,3108,INSDR_GAMES,https://www.roblox.com/users/4889508087/profile,,,,,,,,All,12,10760163096,120297898552393,search:strongest battlegrounds clone,2026-09-06 12:14

1330,1-BEST (MUST BUY),NEW,Raise a Pet 🐣,https://www.roblox.com/games/92405537801012/,YES,https://discord.gg/pTc8m5wBV6,Raise a Pet,15,5,game/group page,204,204,34213,,260,186,12,93.9,5.96,19,2026-08-17,2026-09-06,Group,Secret Animals Studio,https://www.roblox.com/groups/494219632,342,The06848T,https://www.roblox.com/users/4963585541/profile,YES,,,,,,,All,6,10731994755,92405537801012,search:raise a,2026-09-06 12:12

1329,1-BEST (MUST BUY),NEW,[FREE AVATAR & FREE TITLE] A2S OBSTACLE,https://www.roblox.com/games/73713971752867/,YES,https://discord.gg/BbY5YjhRSZ,KokoKrunch Studios,5281,933,creator ecosystem,145,145,24929,,104,163,29,84.9,5.82,94,2026-06-04,2026-09-06,User,shinooajaaa,https://www.roblox.com/users/8745951218/profile,,shinooajaaa,https://www.roblox.com/users/8745951218/profile,,,,,,,,All,40,10268595819,73713971752867,search:[FREE],2026-09-06 12:14

1329,1-BEST (MUST BUY),NEW,Longest Conveyor Tycoon 2,https://www.roblox.com/games/105186114181238/,YES,https://discord.gg/8GtWsPaK8e,Summit Games Productions,598,77,creator ecosystem,118,118,34031,,687,442,159,73.5,3.47,28,2026-08-09,2026-08-16,Group,DV Experiences,https://www.roblox.com/groups/17342566,63942,DeevyDeev,https://www.roblox.com/users/9600139/profile,,https://youtube.com/@DVExperiences,,https://x.com/ZotoronDev | x.com/games | x.com/Forum,,,,All,2,10659423869,105186114181238,search:long,2026-09-06 12:18

1327,1-BEST (MUST BUY),NEW,🍿Clean the Theater!  ,https://www.roblox.com/games/108386719484629/,YES,https://discord.gg/UuJhN4QHy5,Temp 3,132,20,creator ecosystem,103,103,20986,,274,27,15,64.3,4.91,22,2026-08-15,2026-09-05,User,PineappleDevx,https://www.roblox.com/users/2992968021/profile,,PineappleDevx,https://www.roblox.com/users/2992968021/profile,,,,https://x.com/dminer_rbx,,,,All,15,10710632462,108386719484629,search:theater,2026-09-06 12:18

1322,1-BEST (MUST BUY),NEW,⚔ Legendary Weapon RNG [BETA],https://www.roblox.com/games/124951815167262/,YES,https://discord.gg/r46Z85nKt6,Blox Monster,10773,2049,creator ecosystem,157,157,35371,,2396,346,58,85.6,4.44,44,2026-07-23,2026-09-06,User,keppekicamp,https://www.roblox.com/users/10865462998/profile,,keppekicamp,https://www.roblox.com/users/10865462998/profile,,,,https://x.com/keppekicamp,,,,All,7,10551814433,124951815167262,search:rng,2026-09-06 12:15

1262,1-BEST (MUST BUY),NEW, [👻NEW👻] Anime Soulborn,https://www.roblox.com/games/132005092093329/,YES,https://discord.gg/XYAEhmvCFx,Tara Monota Lala,1827,205,creator ecosystem,130,130,25368,,256,283,14,95.3,5.12,340,2025-10-01,2026-09-06,Group,X Studio G2,https://www.roblox.com/groups/82097592,1800,Alone_xDev,https://www.roblox.com/users/3029754826/profile,,https://youtube.com/@RealShadowX_YT,,https://x.com/wukaka001 | https://x.com/CS_StudiosX,,,,All,10,8842533636,132005092093329,search:👻,2026-09-06 12:15

1242,1-BEST (MUST BUY),NEW,[ NEW + FREE AVA ] MORVEN OBSTACLE ,https://www.roblox.com/games/87102959519155/,YES,https://discord.gg/HjyPC7kqAU,+1 Speed MineCart Escape,146,29,creator ecosystem,265,265,34139,,114,182,52,77.8,7.76,62,2026-07-05,2026-09-06,Group,MORVEN COMMUNITY,https://www.roblox.com/groups/402701705,8755,baliqmufid,https://www.roblox.com/users/7124496060/profile,,,,https://x.com/9dgamesRBLX,,,,All,50,10453331333,87102959519155,search:obstacle,2026-09-06 12:18

1229,1-BEST (MUST BUY),NEW,Project Liminality [RELEASE],https://www.roblox.com/games/139292249083750/,YES,https://discord.gg/ytKcWS7pwR,Project Liminality,159,83,game/group page,114,114,22199,,309,97,13,88.2,5.14,132,2026-04-26,2026-09-06,Group,LIMINAL HOUSE,https://www.roblox.com/groups/632870737,144,nunin0_4,https://www.roblox.com/users/89351730/profile,,https://youtube.com/@PangBoyCH | https://youtube.com/@SRIsekaiAwakening,,https://x.com/SlimeReBirth,,,,All,24,10088495944,139292249083750,search:project slayers,2026-09-06 12:14

1226,1-BEST (MUST BUY),NEW,[WORLD2] Mine Ore for Powers [BETA],https://www.roblox.com/games/133193813623291/,YES,https://discord.gg/Y8uJ4agSRH,Ritz Deli Games,153,18,game/group page,110,110,23544,,1226,81,10,89.0,4.67,33,2026-08-03,2026-09-06,Group,Ritz Deli Games,https://www.roblox.com/groups/583179835,2248,KingOfGabbaLand,https://www.roblox.com/users/10682009094/profile,,,,,,,,All,15,10625958480,133193813623291,search:miners haven,2026-09-06 12:13

937,3-GOOD,NEW,Yes or no ,https://www.roblox.com/games/79433459665042/,YES,https://discord.gg/D4r8AECVyD,Join Karmic Cycles PLEASE!,2677,611,creator ecosystem,2366,2366,141250,,1620,172,71,70.8,16.75,16,2026-08-21,2026-09-06,Group,Illumi_Studio KR,https://www.roblox.com/groups/749016833,2776,such_v,https://www.roblox.com/users/1406680310/profile,,,,,,,,All,30,10748525816,79433459665042,search:yes,2026-09-06 12:18

856,3-GOOD,NEW,[🔥2x QI/LUCK] Cultivation: Evermortal,https://www.roblox.com/games/96179204081384/,YES,https://discord.gg/WCj67fW4RM,Evermortal,1645,528,game/group page,881,881,188270,,17041,8200,180,97.9,4.68,27,2026-08-09,2026-09-05,Group,Miki and Miffy Games,https://www.roblox.com/groups/429377976,17858,JustMikami,https://www.roblox.com/users/1041705196/profile,,,,,,,,All,20,10667860714,96179204081384,sort:Top Earning,2026-09-06 12:11

835,3-GOOD,NEW,+1 TNT Mining,https://www.roblox.com/games/101304595834078/,YES,https://discord.gg/Yn2qKN3R3h,Hide or OOF!,9021,258,creator ecosystem,978,978,138159,,8631,239,26,90.2,7.08,68,2026-06-29,2026-09-06,Group,Slap Core Games,https://www.roblox.com/groups/980199281,21819,Dev_Staticzuz,https://www.roblox.com/users/4341129596/profile,,https://youtube.com/@animevanguardsofficial/,,https://x.com/SplitbrickRB,,,,All,16,10418224975,101304595834078,search:mining,2026-09-06 12:15

731,3-GOOD,NEW,Mysterious Murderers 🔪,https://www.roblox.com/games/99197901138797/,YES,https://discord.gg/kquYvczxd8,Highly’s Mysterious,48,9,game/group page,1124,1124,189430,,20103,165,45,78.6,5.93,80,2026-06-17,2026-09-04,Group,MMV Modded,https://www.roblox.com/groups/251589375,99979,roblox_user_2294572076,https://www.roblox.com/users/2294572076/profile,,,,,,,,All,12,10344772818,99197901138797,search:murder mystery 2,2026-09-06 12:13

687,4-MID,NEW,[🐣] Steal An Egg for Brainrot,https://www.roblox.com/games/122426256818221/,YES,https://discord.gg/solsrng,Sol's RNG,944675,179254,creator ecosystem,1503,1503,202212,,14288,607,47,92.8,7.43,13,2026-08-23,2026-09-06,Group,JahzCorp,https://www.roblox.com/groups/611365107,97179,JahzEmperor,https://www.roblox.com/users/11155818740/profile,,https://youtube.com/@Sols-Studio,,https://x.com/Team0Devs | x.com/games,,,,All,7,10757480072,122426256818221,search:eggs,2026-09-06 12:15

675,4-MID,NEW,Steal an Egg for Squishy Dumplings!,https://www.roblox.com/games/134679507313109/,YES,https://discord.gg/kCckr7XCq6,ScaryPlay,75765,16391,creator ecosystem,1488,1488,300109,,898,692,20,97.2,4.96,13,2026-08-24,2026-09-06,Group,Cr4nky Studios,https://www.roblox.com/groups/1111024134,53188,fretzzzgaming,https://www.roblox.com/users/3798528958/profile,,https://youtube.com/channel/UC_vXQlu6n2vvavA5KLRoVRg | https://youtube.com/channel/UCqJHqlYv9i47t1AGJMTCi4w,,https://x.com/CatalogAvatar | x.com/games,,,,All,6,10758397570,134679507313109,search:steal a,2026-09-06 12:11

672,4-MID,NEW,[BBM PT.2] BSS 1:1 REBIRTHS,https://www.roblox.com/games/135017882512650/,YES,https://discord.gg/bss1of1,Bee Swarm Simulator Modded,8404,2675,game/group page,1600,1600,371101,,1342,970,261,78.8,4.31,11,2026-08-25,2026-09-06,Group,yawning ヅ,https://www.roblox.com/groups/34238955,17766,iwasgoingtoyou12,https://www.roblox.com/users/9417004282/profile,,,,,,,,All,6,10761417258,135017882512650,sort:Top Earning,2026-09-06 12:11

665,4-MID,NEW,bug fixes,https://www.roblox.com/games/100971017807798/,YES,https://discord.gg/yveSpe7esW,nate&tep stuf,19308,4344,game/group page,1381,1381,448643,,12854,4434,871,83.6,3.08,27,2026-08-09,2026-09-06,User,captainwoodlegs,https://www.roblox.com/users/40174397/profile,,captainwoodlegs,https://www.roblox.com/users/40174397/profile,,https://youtube.com/@warshipproductions6103,,x.com/games,,,,All,50,10666192800,100971017807798,sort:Up-and-Coming,2026-09-06 12:10

656,4-MID,NEW, [🎉] The Veil,https://www.roblox.com/games/125503525638054/,YES,https://discord.gg/347fuFX92c,The Veil,25699,10145,game/group page,6584,6584,311076,,7419,23767,357,98.5,21.17,441,2025-06-22,2026-09-06,Group,BlackstarDW Studios,https://www.roblox.com/groups/36025827,48597,zapicxz,https://www.roblox.com/users/130399894/profile,,https://youtube.com/channel/UCtJ9Da_fBUxxes8jrkXQUtQ | https://youtube.com/channel/UCKevc-tX3tpddHg6NbTjrPQ,,https://x.com/onettdev | x.com/games,,,,All,16,7970033072,125503525638054,sort:Top Trending,2026-09-06 12:10

653,4-MID,NEW,[HARD MODE] Journey to the Watchtower,https://www.roblox.com/games/80124268479430/,YES,https://discord.gg/xpGTbeup3t,Brian's Youtube Gang,4100,286,game/group page,1319,1319,311770,,12520,7816,721,91.6,4.23,24,2026-08-13,2026-09-05,Group,Brian's Youtube Gang,https://www.roblox.com/groups/13099003,404566,briansingh10,https://www.roblox.com/users/134441568/profile,,https://youtube.com/channel/UCamdBcgEwWy7Ai2kLtLGB9w,,,,,,All,15,10694025593,80124268479430,search:adventure,2026-09-06 12:16

637,4-MID,NEW,🥇 DIVINE EGG (OP),https://www.roblox.com/games/79504613717925/,YES,https://discord.gg/dXyHXbW,Super Tall Server,3304,197,creator ecosystem,1016,1016,245224,,21559,693,34,95.3,4.14,5,2026-09-01,2026-09-01,Group,Gragnano Italia STUDIOS,https://www.roblox.com/groups/930641689,239096,LavaBrainrot_games,https://www.roblox.com/users/10395547141/profile,,https://youtube.com/channel/UC8slJn2yPPaGpB7k2HtWrUQ/ | https://youtube.com/channel/UC3H_Of6U1M7WQZtkGG2Dhiw,,https://x.com/OsyrissStudios | https://x.com/RumbleStudiosRB | https://x.com/Sonar_Games,,,,All,7,10764694425,79504613717925,search:[OPEN],2026-09-06 12:14

615,4-MID,NEW,Dropshipping Tycoon,https://www.roblox.com/games/139186643787547/,YES,https://discord.gg/SFKnarUMy4,DragonT Studios,678,56,game/group page,4150,4150,404023,,4678,2323,474,83.1,10.27,27,2026-08-09,2026-09-06,Group,DragonT Gaming,https://www.roblox.com/groups/34952375,1747,DragonTStudios,https://www.roblox.com/users/2295198698/profile,,,,https://x.com/DragontStudios,,,,All,8,10666108087,139186643787547,search:tycoon,2026-09-06 12:15

604,4-MID,NEW,Unfreeze an Animal,https://www.roblox.com/games/88773823105878/,YES,https://discord.gg/endlessgames,Endless Games,499,94,creator ecosystem,1918,1918,217371,,978,609,87,87.5,8.82,25,2026-08-11,2026-09-06,Group,Fast Group Name,https://www.roblox.com/groups/88347112,916,AlwaySprint,https://www.roblox.com/users/2659726162/profile,,,,https://x.com/kaanChillin,,,,All,6,10680863064,88773823105878,search:animal,2026-09-06 12:17

600,4-MID,NEW,[UPD] How to Fish🐟,https://www.roblox.com/games/86068599934040/,YES,https://discord.gg/j4mst5tfre,Basket Ent. — Roblox,545,55,creator ecosystem,1634,1634,207832,,1126,227,111,67.2,7.86,12,2026-08-24,2026-09-03,Group,Endless Eclipse 2,https://www.roblox.com/groups/697442343,44076,RuneCrafter97,https://www.roblox.com/users/10864649205/profile,,,,https://x.com/PlayCombatArena,,,,All,25,10759661128,86068599934040,search:fishing sim,2026-09-06 12:12

597,4-MID,NEW,Kick an Uma,https://www.roblox.com/games/74968636725538/,YES,https://discord.gg/WTWYsXYCw6,Kick An Uma! │ 30 Dollar Games,408,105,game/group page,1764,1764,226004,,23765,6970,105,98.5,7.81,12,2026-08-24,2026-09-06,Group,30 dollar games,https://www.roblox.com/groups/143238687,22138,pt2x,https://www.roblox.com/users/1171996164/profile,,,,,,,,All,5,10759415852,74968636725538,search:kick,2026-09-06 12:17

587,4-MID,NEW,Build a Dino Defense 🦖,https://www.roblox.com/games/138949299666923/,YES,https://discord.gg/yhRYXgpANu,Build a Dino Defense🦖,33,8,game/group page,3122,3122,427678,,1255,247,43,85.2,7.3,27,2026-08-10,2026-09-06,Group,Big Chomp Games,https://www.roblox.com/groups/1111294267,40118,ToastyHam0,https://www.roblox.com/users/7872316101/profile,,,,,,,,All,6,10669713140,138949299666923,search:dino game,2026-09-06 12:14

582,4-MID,NEW,Tank VS Train,https://www.roblox.com/games/119951978730660/,YES,https://discord.gg/DPWaBVCKNK,Save Animals,448,63,creator ecosystem,1516,1516,329632,,3308,1070,133,88.9,4.6,17,2026-08-20,2026-09-03,Group,Anything Game,https://www.roblox.com/groups/399021020,3280,TrueBIueKings,https://www.roblox.com/users/548028846/profile,,,,,,,,All,12,10743374539,119951978730660,search:pilot training,2026-09-06 12:13

581,4-MID,NEW,Steal Fish Eggs,https://www.roblox.com/games/99183404085821/,YES,https://discord.gg/simpleworks,⭐│ Simple Works™,209,71,creator ecosystem,2160,2160,409547,,3811,1483,48,96.9,5.27,21,2026-08-16,2026-09-06,Group,fishy fish fish!,https://www.roblox.com/groups/329536544,35271,AczKi0,https://www.roblox.com/users/5729232115/profile,,,,,,,,All,6,10718240577,99183404085821,search:fishing sim,2026-09-06 12:12

566,4-MID,NEW,Momo City [Alpha],https://www.roblox.com/games/131856811555630/,YES,https://discord.gg/RndpSzZgUs,Official Momo City Discord Server🌸,8738,1520,game/group page,1256,1256,388056,,10328,5113,233,95.6,3.24,600,2025-01-14,2026-09-05,Group,ももスタジオ,https://www.roblox.com/groups/17330972,23474,naturegirlprincess,https://www.roblox.com/users/30948657/profile,,https://youtube.com/@momocity | https://youtube.com/channel/UC3H_Of6U1M7WQZtkGG2Dhiw,,https://x.com/DreamMomoCity | https://x.com/bearpuppyrbx | https://x.com/HGesbert | https://x.com/Sonar_Games,,,,All,1,7084172542,131856811555630,sort:Top Earning,2026-09-06 12:10

566,4-MID,NEW,[ADMIN IN PRIVATE SERVERS!!] Deluxe,https://www.roblox.com/games/96911521240456/,YES,https://discord.gg/RHWxvhc,Pinewood Builders,9347,2339,creator ecosystem,1291,1291,395021,,2225,539,55,90.7,3.27,133,2026-04-25,2026-09-06,User,staqlee,https://www.roblox.com/users/2749889435/profile,,staqlee,https://www.roblox.com/users/2749889435/profile,YES,https://youtube.com/channel/UCkbQ3b2zN7_u1VNL7TfoydQ,,https://x.com/PinewoodRBLX,,,,All,50,10083368133,96911521240456,search:deluxe,2026-09-06 12:14

566,4-MID,NEW,[🐥] +1 Save Chicken for ADMIN!,https://www.roblox.com/games/79983900988379/,YES,https://discord.gg/yPwswvaHrV,Tiny Paw Prints,12,3,game/group page,1130,1130,354503,,1136,530,71,88.2,3.19,16,2026-08-21,2026-09-06,Group,Tiny Paw Prints,https://www.roblox.com/groups/701073636,85183,Tonkaa_Jahari,https://www.roblox.com/users/6073796079/profile,,,,https://x.com/slayer_rb,,,,All,20,10748486954,79983900988379,search:[ADMIN],2026-09-06 12:15

520,4-MID,NEW,+1 Speed Verity Backroom Escape,https://www.roblox.com/games/107866483212163/,YES,https://discord.gg/7EXhMcdKtY,Zap Works,2546,190,creator ecosystem,1720,1720,444896,,878,385,32,92.3,3.87,48,2026-07-20,2026-09-06,Group,Yash Studio,https://www.roblox.com/groups/610009273,968181,buildverse9,https://www.roblox.com/users/9553637381/profile,,,,https://x.com/roblox_ZAP,,,,All,11,10536000210,107866483212163,search:backrooms,2026-09-06 12:16

495,4-MID,NEW,Dreamality [DEMO],https://www.roblox.com/games/88127769676091/,YES,https://discord.gg/2mKrG2G6zU,Frutiger Studios!,1439,354,game/group page,1349,1349,427878,,44910,7614,426,94.7,3.15,69,2026-06-29,2026-09-06,Group,Frutiger Studios!,https://www.roblox.com/groups/791837250,2748,hugs_plz,https://www.roblox.com/users/1198538069/profile,,https://youtube.com/channel/UCx4wfrbtDeOxuDYULzpXDLA,,,,,,All,25,10414828414,88127769676091,sort:Trending in Adventure,2026-09-06 12:11

484,4-MID,NEW,🌴 Forgotten Island,https://www.roblox.com/games/106198290119397/,YES,https://discord.gg/R2na8trph,Forgotten Island,1146,168,game/group page,887,887,416534,,1505,1109,178,86.2,2.13,72,2026-06-25,2026-09-06,Group,Forgotten Island Official Movie,https://www.roblox.com/groups/225332780,19652,UniversalPictures,https://www.roblox.com/users/5567713582/profile,YES,,,x.com/catalog,,,,All,8,10394333907,106198290119397,search:steal a,2026-09-06 12:12

481,4-MID,NEW,Pop Bubbles! 🎯,https://www.roblox.com/games/72390882197205/,YES,https://discord.gg/bubbleplanet,Bubble Planet 🫧,406,127,game/group page,1530,1530,340968,,26703,12044,225,98.2,4.49,53,2026-07-14,2026-09-05,Group,Bubble Planet,https://www.roblox.com/groups/345496772,26915,RGBeeeeee,https://www.roblox.com/users/3566542201/profile,,,,,,,RobloxGroup:https://www.roblox.com/communities/345496772,All,5,10503838245,72390882197205,sort:Top Earning,2026-09-06 12:11

476,4-MID,NEW,Squishy Dumplings Farm,https://www.roblox.com/games/90447679404950/,YES,https://discord.gg/PbcF4sWqkc,My Squishy Dumplings,790,113,game/group page,891,891,458168,,1431,496,47,91.3,1.94,48,2026-07-19,2026-09-05,Group,Crazay Tycoon,https://www.roblox.com/groups/15951017,10138,andinations,https://www.roblox.com/users/1470652660/profile,YES,,,https://x.com/CrazayGames | x.com/catalog,,,,All,8,10530432355,90447679404950,search:farm tycoon,2026-09-06 12:13

391,4-MID,NEW,🌋How to Really Fish,https://www.roblox.com/games/112778631702542/,,,,,,,1660,1660,203355,,7669,496,130,79.2,8.16,13,2026-08-24,2026-09-05,Group,Crazy Fishing Friends,https://www.roblox.com/groups/132957452,14359,Alorist,https://www.roblox.com/users/42902110/profile,,,,https://x.com/ShonenBall | x.com/games,,,,All,50,10758034175,112778631702542,search:fisch,2026-09-06 12:12

378,4-MID,NEW,Fruit Zombie Survival 🍇,https://www.roblox.com/games/75290583112878/,,https://discord.gg/fbUq87g56A (UNVERIFIED/expired),,,,unverified mention,2776,2776,494696,,4876,508,120,80.9,5.61,29,2026-08-08,2026-09-06,Group,Vibed Games,https://www.roblox.com/groups/35247239,10169,4stume,https://www.roblox.com/users/1617093165/profile,,https://youtube.com/@Royaux,,,,,,All,20,10654199482,75290583112878,search:natural disaster survival,2026-09-06 12:13

369,4-MID,NEW,👻 Dig Haunted Items,https://www.roblox.com/games/120010119861239/,,,,,,,1888,1888,489571,,11144,3537,245,93.5,3.86,30,2026-08-06,2026-09-03,Group,JSK Games,https://www.roblox.com/groups/726330026,759928,gdjsdsdygvjy,https://www.roblox.com/users/21128571/profile,,,,x.com/R,,,,All,6,10644103316,120010119861239,search:item asylum,2026-09-06 12:13

368,4-MID,NEW,Jump To Steal An Egg,https://www.roblox.com/games/106383201135975/,,https://discord.gg/mRKFrhAB9u (UNVERIFIED/expired),,,,unverified mention,907,907,254056,,13350,179,25,87.7,3.57,18,2026-08-18,2026-09-06,Group,Together for Animals,https://www.roblox.com/groups/783008896,43718,Jysse10000,https://www.roblox.com/users/494314808/profile,,,,,,,,All,5,10737231383,106383201135975,search:steal a,2026-09-06 12:11

295,4-MID,NEW,+1 Ninja Monkey Escape [W2🧑‍💻],https://www.roblox.com/games/94808001424784/,,https://discord.gg/j6Ywu3qS4c (UNVERIFIED/expired),,,,unverified mention,3598,3598,398950,,83483,1720,62,96.5,9.02,35,2026-08-02,2026-09-06,Group,Schedule!,https://www.roblox.com/groups/35829928,33548,SpongyTuesday,https://www.roblox.com/users/116298455/profile,,https://youtube.com/channel/UCGvtdeBCaEsQJJkUpaS19Cw,,https://x.com/Zyontic,,,,All,15,10615385321,94808001424784,search:ninja legends,2026-09-06 12:13

﻿priority_score,tier,new_this_run,title,game_url,has_discord,discord_url,discord_server,discord_members,discord_online,discord_via,active,peak_active_seen,visits,visits_growth_per_day,favorites,likes,dislikes,like_ratio,heat_active_per_1k_visits,age_days,created,last_updated,creator_type,creator_name,creator_url,group_members,owner_name,owner_url,owner_roblox_signal,youtube,tiktok,twitter_x,twitch,instagram,other_links,genre,max_players,universe_id,place_id,found_via,checked_at_utc

1335,1-BEST (MUST BUY),NEW,HOUSE 13 [HORROR],https://www.roblox.com/games/114146618644145/,YES,https://discord.gg/SjW8KvX2bP,Dread Forge,2261,378,game/group page,186,186,10355,,118,24,3,88.9,17.96,31,2026-08-06,2026-09-05,Group,Dread Forge,https://www.roblox.com/groups/33501450,1293449,SlempHolder,https://www.roblox.com/users/5387197503/profile,,https://youtube.com/channel/UCr89GHBoh7yQMzy1OuhNVyw,,,,,,All,32,10642022844,114146618644145,search:horror,2026-09-06 15:04

1302,1-BEST (MUST BUY),NEW,🎃 Halloween Scare Nights,https://www.roblox.com/games/132781663296476/,YES,https://discord.gg/CnX4mN6bPK,Universal Roblox Theme Park,4389,939,game/group page,105,105,38010,,209,154,7,95.7,2.76,55,2026-07-13,2026-09-05,Group,Universal Roblox Park & Resort,https://www.roblox.com/groups/1181615,131444,Dapale,https://www.roblox.com/users/18247660/profile,YES,https://youtube.com/channel/UCB6guuqe67OxwiQ0vCsgXYg,,https://x.com/UniRobloxGame | https://x.com/raapaexpo,,,RobloxGroup:https://www.roblox.com/communities/1181615,All,40,10497600743,132781663296476,search:[HALLOWEEN],2026-09-06 15:04

priority_score,tier,new_this_run,title,game_url,has_discord,discord_url,discord_server,discord_members,discord_online,discord_via,active,peak_active_seen,visits,visits_growth_per_day,favorites,likes,dislikes,like_ratio,heat_active_per_1k_visits,age_days,created,last_updated,creator_type,creator_name,creator_url,group_members,owner_name,owner_url,owner_roblox_signal,youtube,tiktok,twitter_x,twitch,instagram,other_links,genre,max_players,universe_id,place_id,found_via,checked_at_utc

1331,1-BEST (MUST BUY),NEW,Spin a Car And Race! 🏎️,https://www.roblox.com/games/111646117342507/,YES,https://discord.gg/P3bRAwaKJQ,Spin a Car And Race!,21,5,game/group page,110,110,18226,,113,231,22,91.3,6.04,22,2026-08-15,2026-09-06,Group,Team Skylimit,https://www.roblox.com/groups/15770125,1219,aaatum,https://www.roblox.com/users/686664213/profile,,,,,,,,All,6,10714697542,111646117342507,search:spin,2026-09-06 19:59

1289,1-BEST (MUST BUY),NEW,Destroy Roblox 💫 [Incremental],https://www.roblox.com/games/98329275431505/,YES,https://discord.gg/TSgAt3Upm9,DevStarters,164,57,game/group page,626,626,36704,,1244,381,114,77.0,17.06,426,2025-07-07,2026-09-06,Group,DevStarters,https://www.roblox.com/groups/12724866,587,vDarkenZ,https://www.roblox.com/users/2474773156/profile,YES,https://youtube.com/@DevStarters | https://youtube.com/@DaMiniToon,,https://x.com/DevStarterz,,,,All,1,8098431776,98329275431505,search:incremental,2026-09-06 19:59

1260,1-BEST (MUST BUY),NEW,Hospital Cleanup!,https://www.roblox.com/games/107176120847484/,YES,https://discord.gg/j4mst5tfre,Basket Ent. — Roblox,545,62,creator ecosystem,183,183,18445,,20196,119,66,64.3,9.92,37,2026-07-31,2026-08-10,Group,NightSync Studio,https://www.roblox.com/groups/1010593836,342639,RuneCrafter97,https://www.roblox.com/users/10864649205/profile,,,,https://x.com/PlayCombatArena,,,,All,20,10604945306,107176120847484,search:hospital,2026-09-06 19:59

1234,1-BEST (MUST BUY),NEW,Project California ,https://www.roblox.com/games/84542315240110/,YES,https://discord.gg/3CaSE7Sppj,Project California™,250,88,game/group page,108,108,18861,,184,28,24,53.8,5.73,36,2026-08-01,2026-09-06,User,VortexNullX,https://www.roblox.com/users/1711101062/profile,,VortexNullX,https://www.roblox.com/users/1711101062/profile,,,,https://x.com/ZDS_RBLX,,,,All,30,10609370873,84542315240110,search:southwest florida,2026-09-06 19:58

1223,1-BEST (MUST BUY),NEW,Anomaly Farmers,https://www.roblox.com/games/114302935980927/,YES,https://discord.gg/wyEBMJVtk9,Rivet Studios,43,12,game/group page,127,127,28744,,654,160,45,78.0,4.42,121,2026-05-08,2026-09-06,Group,RIVET Studio,https://www.roblox.com/groups/448072805,48413,MogGoblin72,https://www.roblox.com/users/7288378579/profile,,,,,,,,All,6,10138925567,114302935980927,search:anomaly,2026-09-06 19:59

1143,2-GREAT,NEW,[UPD1 ✨] Sticks Incremental 2,https://www.roblox.com/games/106474014920113/,YES,https://discord.gg/8zYS4teFRd,Core Loop Studios,2481,766,game/group page,783,783,91091,,1769,1192,63,95.0,8.6,17,2026-08-19,2026-09-06,Group,Core Loop,https://www.roblox.com/groups/926008949,100823,CoreLoopDev,https://www.roblox.com/users/9106398382/profile,,https://youtube.com/@callmedogey,,https://x.com/ski_zol,,,,All,7,10742439589,106474014920113,search:✨,2026-09-06 19:59

1086,2-GREAT,NEW,[🔥0.5!] Anime Swords,https://www.roblox.com/games/87938380184634/,YES,https://discord.gg/animeswords,[🔥0.5!] Anime Swords,4772,1280,game/group page,764,764,93101,,348,478,12,97.6,8.21,555,2025-02-28,2026-09-06,Group,NightX | Swords,https://www.roblox.com/groups/35684662,7356,BarbosaDev,https://www.roblox.com/users/6010506701/profile,,https://youtube.com/channel/UCtqa-vsjgKYhQA99nF9izag,,https://x.com/RealHazeStudios,,,,All,8,7307421339,87938380184634,search:sword,2026-09-06 19:59

1022,2-GREAT,NEW,Blue Lock Empire ⚽,https://www.roblox.com/games/131184497738867/,YES,https://discord.gg/UJS4wbVnD2,UnLucky Studios Community,1929,565,game/group page,605,605,89634,,4463,172,28,86.0,6.75,131,2026-04-28,2026-09-05,Group,UnLuckys Studio,https://www.roblox.com/groups/8008677,380544,Diverse_D3v,https://www.roblox.com/users/3508306355/profile,,https://youtube.com/@UnLuckyStudioRblx,,,,,,All,8,10095804333,131184497738867,search:blue lock rivals,2026-09-06 19:57

682,4-MID,NEW,MM2 of The Locust [Testing],https://www.roblox.com/games/111578926396859/,YES,https://discord.gg/YSEM43PrTm,CAVE DIVING EXPERIENCE,6223,1490,creator ecosystem,1374,1374,213488,,1734,356,42,89.4,6.44,2,2026-09-04,2026-09-05,Group,XRA Games,https://www.roblox.com/groups/226553259,11397,xragamesofficial,https://www.roblox.com/users/11488972349/profile,,,,,,,,All,30,10765121931,111578926396859,search:mm2,2026-09-06 19:58

665,4-MID,NEW,[BACK] Bee Game - Reworked,https://www.roblox.com/games/138786357387089/,YES,https://discord.gg/zbPMgEWQJk,BSS - Reworked,5871,2362,game/group page,1007,1007,327114,,3854,1170,118,90.8,3.08,15,2026-08-22,2026-09-06,Group,BSS - Reworked Community,https://www.roblox.com/groups/566024026,12945,00_Opleoni,https://www.roblox.com/users/9420853453/profile,,https://youtube.com/@Nosniy,,https://x.com/NosniyRBLX,,,,All,6,10752200614,138786357387089,search:game,2026-09-06 20:00

574,4-MID,NEW,[🖤 FREE MATRIXSCOPE] Scope Simulator,https://www.roblox.com/games/128600250373114/,YES,https://discord.gg/gcmJJfHsre,Murder Mystery T,102,20,game/group page,1287,1287,289179,,13866,666,65,91.1,4.45,10,2026-08-27,2026-09-06,Group,Chromas //,https://www.roblox.com/groups/363812145,33125,korio113,https://www.roblox.com/users/1163158978/profile,,https://youtube.com/@G3bby0S0 | https://youtube.com/@GeekOutRoblox,,https://x.com/GeekOutStudio,,,,All,12,10763504835,128600250373114,rec:10532753252,2026-09-06 20:00

569,4-MID,NEW,Experiment Box,https://www.roblox.com/games/135763299649828/,YES,https://discord.gg/xpNhW46svB,World Sim!,397,70,game/group page,1090,1090,471729,,2983,405,175,69.8,2.31,27,2026-08-10,2026-09-05,Group,World Simulation,https://www.roblox.com/groups/656546235,69224,SuuppaSonic,https://www.roblox.com/users/3499141394/profile,,,,,,,,All,1,10673940067,135763299649828,search:untitled boxing game,2026-09-06 19:58

472,4-MID,NEW,My Salon Empire 💇🏽‍♀️✨,https://www.roblox.com/games/76192781446190/,YES,https://discord.gg/ffpJSsUyHN,+1 Spider Evolution,311,65,creator ecosystem,1287,1287,407525,,5180,2962,149,95.2,3.16,132,2026-04-27,2026-09-06,Group,The Doux,https://www.roblox.com/groups/1058017559,3468,exclusible_holder,https://www.roblox.com/users/5617581305/profile,,https://youtube.com/c/TheDoux,,,,,Facebook:https://facebook.com/lovethedoux/,All,8,10092472345,76192781446190,search:driving empire,2026-09-06 19:59

464,4-MID,NEW,[🚗 🔧] Disassemble Car Tycoon [⚡1.5x XP WEEKEND],https://www.roblox.com/games/89472775643845/,YES,https://discord.gg/cM68ZSyJMv,Disassemble,229,80,game/group page,843,843,465180,,7237,1407,532,72.6,1.81,48,2026-07-20,2026-09-06,User,GoldDim,https://www.roblox.com/users/26148215/profile,,GoldDim,https://www.roblox.com/users/26148215/profile,,https://youtu.be/AKXMB_2ZRjE,,,,,,All,6,10537055421,89472775643845,search:car dealership tycoon,2026-09-06 19:58

priority_score,tier,new_this_run,title,game_url,has_discord,discord_url,discord_server,discord_members,discord_online,discord_via,active,peak_active_seen,visits,visits_growth_per_day,favorites,likes,dislikes,like_ratio,heat_active_per_1k_visits,age_days,created,last_updated,creator_type,creator_name,creator_url,group_members,owner_name,owner_url,owner_roblox_signal,youtube,tiktok,twitter_x,twitch,instagram,other_links,genre,max_players,universe_id,place_id,found_via,checked_at_utc

1224,1-BEST (MUST BUY),NEW,Kaiju Infinity ADMIN ABUSE NOW !,https://www.roblox.com/games/121212383083318/,YES,https://discord.gg/dBdc26Zqn,Kaiju OMEGA,143,37,game/group page,104,104,24107,,230,103,12,89.6,4.31,36,2026-08-01,2026-09-06,Group,ALPHA KAIJU,https://www.roblox.com/groups/879593332,583,Elbadodito,https://www.roblox.com/users/3265200965/profile,,https://youtube.com/@titanbashofficial,,,,,,All,20,10612180512,121212383083318,search:kaiju universe,2026-09-06 21:54

priority_score,tier,new_this_run,title,game_url,has_discord,discord_url,discord_server,discord_members,discord_online,discord_via,active,peak_active_seen,visits,visits_growth_per_day,favorites,likes,dislikes,like_ratio,heat_active_per_1k_visits,age_days,created,last_updated,creator_type,creator_name,creator_url,group_members,owner_name,owner_url,owner_roblox_signal,youtube,tiktok,twitter_x,twitch,instagram,other_links,genre,max_players,universe_id,place_id,found_via,checked_at_utc

831,3-GOOD,NEW,[UPD] Make That Sound!🎙️,https://www.roblox.com/games/118987420842355/,YES,https://discord.gg/aZHayGZyyP,BuffBoy Games,137,21,game/group page,1110,1110,196154,,2106,283,23,92.5,5.66,6,2026-08-31,2026-09-06,Group,Buffboy Games,https://www.roblox.com/groups/16672990,8937,KrAzYGaMiNg12,https://www.roblox.com/users/86665535/profile,,https://youtube.com/@DreamLifeRBX,,https://x.com/BuffBoyGames_ | https://x.com/DreamLifeRBX | https://x.com/fruskle | https://x.com/MetaPlayLLC | https://x.com/TJimdev,,,,All,8,10764591313,118987420842355,search:make a,2026-09-06 23:51

﻿priority_score,tier,new_this_run,title,game_url,has_discord,discord_url,discord_server,discord_members,discord_online,discord_via,active,peak_active_seen,visits,visits_growth_per_day,favorites,likes,dislikes,like_ratio,heat_active_per_1k_visits,age_days,created,last_updated,creator_type,creator_name,creator_url,group_members,owner_name,owner_url,owner_roblox_signal,discord_name_signal,youtube,tiktok,twitter_x,twitch,instagram,other_links,genre,max_players,universe_id,place_id,found_via,checked_at_utc
1507,1-BEST (MUST BUY),NEW,2 Player Pizza Tycoon 🍕,https://www.roblox.com/games/119156763806075/,YES,https://discord.gg/aMyxbGJvn4,Insight Development,364,27,game/group page,108,108,2689,,18,9,1,90.0,40.16,13,2026-09-07,2026-09-20,Group,MSL Games,https://www.roblox.com/groups/5702877,892270,MSLHolder,https://www.roblox.com/users/3562213886/profile,YES,,,,,,,https://www.facebook.com/roblox/,All,8,10765541201,119156763806075,creator:Group:5702877,2026-09-20 22:29
1457,1-BEST (MUST BUY),NEW,[BETA] Rocket Rush,https://www.roblox.com/games/131234943387594/,YES,https://discord.gg/nAprDz6JK2,14PEAKS STUDIOS,30946,6782,creator ecosystem,130,130,11457,,39,34,4,89.5,11.35,4,2026-09-16,2026-09-20,Group,VOXELIFIED,https://www.roblox.com/groups/882190276,2534,Saykous,https://www.roblox.com/users/37000474/profile,,,,,,,,https://www.facebook.com/roblox/,All,6,10766687030,131234943387594,search:rocket,2026-09-20 22:27
1419,1-BEST (MUST BUY),NEW,[50 BEE ZONE + FREE GAMEPASSES] BEE GAME ,https://www.roblox.com/games/98297803179998/,YES,https://discord.gg/bss1to1,BSS 1:1,2979,780,game/group page,304,304,25370,,247,398,7,98.3,11.98,0,2026-09-20,2026-09-20,Group,BSS 1:1:1,https://www.roblox.com/groups/866570390,9686,superidoldeshyboom,https://www.roblox.com/users/3987859601/profile,YES,,,,https://x.com/StealAnEggRblx | https://x.com/StarxRoblox,,,https://www.facebook.com/roblox/,All,6,10767183467,98297803179998,search:bee,2026-09-20 22:27
1417,1-BEST (MUST BUY),NEW,CASER & Keser - Open Cases & Upgrade Your Skins! ,https://www.roblox.com/games/136751105840706/,YES,https://discord.gg/nBa2YxD4hg,Case Paradise,28814,4636,creator ecosystem,123,123,35420,,1254,57,41,58.2,3.47,18,2026-09-02,2026-09-20,User,svyhts,https://www.roblox.com/users/2065600528/profile,,svyhts,https://www.roblox.com/users/2065600528/profile,,,https://youtube.com/user/ihuntkers,,https://x.com/paradoxum_games | x.com/games | x.com/t,,,https://www.facebook.com/roblox/,All,50,10764840185,136751105840706,search:case,2026-09-20 22:28
1348,1-BEST (MUST BUY),NEW,Baldi Battle Royale,https://www.roblox.com/games/129254265328354/,YES,https://discord.gg/z9myyBBHNj,Disketronics & Games,200,81,game/group page,238,238,27006,,395,163,20,89.1,8.81,3,2026-09-17,2026-09-20,User,Disket2000,https://www.roblox.com/users/12100545/profile,,Disket2000,https://www.roblox.com/users/12100545/profile,,,,,,,,https://www.facebook.com/roblox/,All,50,10766804417,129254265328354,search:battle royale,2026-09-20 22:26
1339,1-BEST (MUST BUY),NEW,The Seven Kingdoms,https://www.roblox.com/games/18577714493/,YES,https://discord.gg/u9fn9XsYnD,Crônicas de Gelo e Fogo,4528,1531,game/group page,323,323,33084,,325,235,13,94.8,9.76,792,2024-07-20,2026-09-20,Group,The Replicade Studios,https://www.roblox.com/groups/13581744,2284,dino5651,https://www.roblox.com/users/562710546/profile,,,https://youtube.com/channel/UC1RGjU49NPpGdE2LOW2AdWQ | https://youtube.com/@Ek1_xtg,,https://x.com/Fuzzys_RAF | https://x.com/_EvolutionPower | x.com/games,,,https://www.facebook.com/roblox/,All,100,6294662981,18577714493,search:kingdom,2026-09-20 22:26
1322,1-BEST (MUST BUY),NEW,[🏰DUNGEON + TRADING🤝] Anime Card Multiverse,https://www.roblox.com/games/86468237658368/,YES,https://discord.gg/G5GdPzpuqN,Anime Card Muiltverse,167,40,game/group page,108,108,29277,,1003,246,29,89.5,3.69,28,2026-08-22,2026-09-20,Group,ARL Design,https://www.roblox.com/groups/15221548,1455,Aizenbefr,https://www.roblox.com/users/5808121654/profile,,,,,,,,RobloxGroup:https://www.roblox.com/communities/15221548 | https://www.facebook.com/roblox/,All,8,10754385761,86468237658368,search:trade,2026-09-20 22:28
1256,1-BEST (MUST BUY),NEW,💧 Dry the Water!,https://www.roblox.com/games/122298677067637/,YES,https://discord.gg/wVgqNznXDv,ChainLemonade Studios,1822,65,creator ecosystem,143,143,36952,,335,22,20,52.4,3.87,32,2026-08-19,2026-09-19,Group,NORTH*PROJECT,https://www.roblox.com/groups/694017053,252,quiving,https://www.roblox.com/users/25069105/profile,,,https://youtube.com/channel/UCUrhXY2Ikjt6JWWxPXFytRg,,https://x.com/ChainLemonade,,,https://www.facebook.com/roblox/,All,25,10739049020,122298677067637,search:water,2026-09-20 22:27
1238,1-BEST (MUST BUY),NEW,Bebe Beach,https://www.roblox.com/games/77393360954463/,YES,https://discord.gg/NJDdNNNT9U,Bebe Beach,22,9,game/group page,247,247,32499,,624,302,35,89.6,7.6,175,2026-03-29,2026-09-20,Group,logreglan,https://www.roblox.com/groups/490663272,130,1og_an,https://www.roblox.com/users/453083897/profile,,,https://youtube.com/channel/UCVdPM7Dgxm3cHXM2ro__bUg | https://youtube.com/@KingLegacyRBX,,https://x.com/INFSPORTSX | https://x.com/PlayAdoptMe | https://x.com/KingLegacyRBX,,,https://www.facebook.com/roblox/,All,20,9960855017,77393360954463,search:beach,2026-09-20 22:26
1222,1-BEST (MUST BUY),NEW,[🔥RTS] WARGRID BETA [UPD10] ,https://www.roblox.com/games/122699635162214/,YES,https://discord.gg/C7MSNDeHRw,[BETA!] WARGRID,117,41,creator ecosystem,149,149,38315,,2270,471,176,72.8,3.89,36,2026-08-15,2026-09-20,User,SiberiaDevOps,https://www.roblox.com/users/4300295064/profile,,SiberiaDevOps,https://www.roblox.com/users/4300295064/profile,,,,,,,,https://www.facebook.com/roblox/,All,8,10714952130,122699635162214,rec:10108900736,2026-09-20 22:29
1125,1-BEST (MUST BUY),NEW,The Coffee Machine,https://www.roblox.com/games/86725267948969/,,,,,,,111,111,22025,,1027,269,99,73.1,5.04,15,2026-09-05,2026-09-20,Group,294 CCU PLS,https://www.roblox.com/groups/576860150,42,monkletpox,https://www.roblox.com/users/894184023/profile,,,,,x.com/t,,,https://www.facebook.com/roblox/,All,12,10765180042,86725267948969,search:cafe,2026-09-20 22:25
1220,2-GREAT,NEW, [Pokemon Brick Bronze] [Bronze Rebirth],https://www.roblox.com/games/122591147665527/,YES,https://discord.gg/paVTKpAy7,Bronze Rebirth,10659,1683,game/group page,1083,1083,77277,,10486,227,22,91.2,14.01,2,2026-09-18,2026-09-20,Group,Chien-Pao Games,https://www.roblox.com/groups/927054752,14349,EoorDev,https://www.roblox.com/users/10726776898/profile,,,,,https://x.com/StealAnEggRblx | https://x.com/Llama_Train_S | x.com/communities,,,https://www.facebook.com/roblox/,All,10,10766943498,122591147665527,search:creatures,2026-09-20 22:27
1099,2-GREAT,NEW,[WORLD 3 PT.2] Zhuan Incremental,https://www.roblox.com/games/81807428672943/,YES,https://discord.gg/u7GXDcASSv,LazyGamers,133,37,game/group page,616,616,67018,,489,412,92,81.7,9.19,24,2026-08-27,2026-09-20,Group,LazyGamersGames,https://www.roblox.com/groups/35006509,6525,Arithema,https://www.roblox.com/users/922426101/profile,,,,,https://x.com/ZotoronDev,,,https://www.facebook.com/roblox/,All,8,10763245765,81807428672943,rec:10638229453,2026-09-20 22:29
1018,2-GREAT,NEW,🕵️ DETECTIVE,https://www.roblox.com/games/102452854778727/,YES,https://discord.gg/meK9Y4FccP,Murder Mystery Hub,1001,32,game/group page,601,601,62880,,3275,14,10,58.3,9.56,69,2026-07-13,2026-09-02,Group,MMH Games,https://www.roblox.com/groups/35271531,10918,MurderMysteryHub,https://www.roblox.com/users/7643231675/profile,,,,,,,,https://www.facebook.com/roblox/,All,12,10498529464,102452854778727,creator:Group:35271531,2026-09-20 22:29
684,4-MID,NEW,Dig For Eggs,https://www.roblox.com/games/121831322352666/,YES,https://discord.gg/k7GSspggF4,RoDark Studios,7777,1391,game/group page,2226,2226,323953,,931,182,59,75.5,6.87,17,2026-09-03,2026-09-20,Group,RoDark Studios,https://www.roblox.com/groups/5545660,821332,Myron_RDS,https://www.roblox.com/users/2735760162/profile,YES,,https://youtube.com/@RoDarkStudios,,https://x.com/RoDarkStudios,,,https://www.facebook.com/roblox/,All,8,10765013362,121831322352666,search:dig,2026-09-20 22:28
579,4-MID,NEW,[UPD] Become a Game Developer! 💻 ,https://www.roblox.com/games/93376023022452/,YES,https://discord.gg/hrQcDuzAAp,🦆 Ducky.gg,552,97,game/group page,1211,1211,336877,,3400,1175,501,70.1,3.59,28,2026-08-23,2026-09-20,Group,Opus 5.0 - 1M Context Effort was XHigh,https://www.roblox.com/groups/98024391,38241,cb12438,https://www.roblox.com/users/299643580/profile,YES,,,,x.com/communities,,,https://www.facebook.com/roblox/,All,8,10757514065,93376023022452,rec:10506307646,2026-09-20 22:29
573,4-MID,NEW,[1 & 2 PLAYER] Grapple Cart Obby,https://www.roblox.com/games/117448312570314/,YES,https://discord.gg/nmN8V3ZPYv,🎃 Spanish Plaza,86,22,creator ecosystem,1636,1636,385008,,1817,3207,433,88.1,4.25,25,2026-08-26,2026-09-20,Group,rng dev,https://www.roblox.com/groups/34421046,30380,epixerty,https://www.roblox.com/users/1373566627/profile,,,https://youtube.com/@DaMiniToon,,,,,https://www.facebook.com/roblox/,All,25,10762388019,117448312570314,rec:10764640833,2026-09-20 22:28
569,4-MID,NEW,Own a Billionaire Car Dealership 🤑,https://www.roblox.com/games/91959667419425/,YES,https://discord.gg/EsBF2pwjQd,Rule The World🌍,9,4,creator ecosystem,1380,1380,359972,,3043,4187,139,96.8,3.83,29,2026-08-22,2026-09-20,Group,one billion dollars,https://www.roblox.com/groups/452628124,7185,xSting7,https://www.roblox.com/users/376146658/profile,,,,,,,,https://www.facebook.com/roblox/,All,6,10752767826,91959667419425,rec:10735512047,2026-09-20 22:29
561,4-MID,NEW,Run a Library 📚 | Shelf Life,https://www.roblox.com/games/105109010382578/,YES,https://discord.gg/T9Vt2Snshf,Run a Library 📚 | Shelf Life,58,14,game/group page,821,821,424277,,7659,1641,305,84.3,1.94,30,2026-08-21,2026-09-20,User,Kitari_x,https://www.roblox.com/users/10970401400/profile,,Kitari_x,https://www.roblox.com/users/10970401400/profile,YES,,,,,,,https://www.facebook.com/roblox/,All,8,10750231909,105109010382578,rec:10417862026,2026-09-20 22:29
493,4-MID,NEW,Jujutsu School🏫 (Anomaly),https://www.roblox.com/games/120468139832999/,YES,https://discord.gg/vJ8QyJ6VNM,Centurion Kitchen,826,92,game/group page,2018,2018,376841,,19538,2101,102,95.4,5.36,254,2026-01-09,2026-09-20,Group,Centurion Kitchen,https://www.roblox.com/groups/34179737,47330,drolmai,https://www.roblox.com/users/2575667450/profile,,,https://youtube.com/@centurionRBXL,,https://x.com/paradoxum_games,,,https://www.facebook.com/roblox/,All,24,9529449775,120468139832999,search:school,2026-09-20 22:26
483,4-MID,NEW,🛡️ BODYGUARD,https://www.roblox.com/games/93167317843634/,YES,https://discord.gg/meK9Y4FccP,Murder Mystery Hub,1001,32,game/group page,928,928,371429,,19019,46,42,52.3,2.5,51,2026-07-31,2026-09-02,Group,MMH Games,https://www.roblox.com/groups/35271531,10918,MurderMysteryHub,https://www.roblox.com/users/7643231675/profile,,,,,,,,https://www.facebook.com/roblox/,All,12,10605088203,93167317843634,rec:10632455589,2026-09-20 22:29
481,4-MID,NEW,💭Dream Car Collection [+10 CARS],https://www.roblox.com/games/76841016201110/,YES,https://discord.gg/Fv5Fx277pc,Collect Dream Cars,178,58,game/group page,2255,2255,413546,,9165,1233,73,94.4,5.45,42,2026-08-09,2026-09-20,Group,F Students = Inventors,https://www.roblox.com/groups/415288814,90873,carbonscripts,https://www.roblox.com/users/2625502967/profile,,,,,,,,https://www.facebook.com/roblox/,All,6,10667357873,76841016201110,search:collect,2026-09-20 22:28
469,4-MID,NEW,🧠 QUIZ DUELS [TRIVIA],https://www.roblox.com/games/126497291295755/,YES,https://discord.gg/J8NkSUcMmt,Brain Forge,113,17,creator ecosystem,1071,1071,328370,,1040,104,38,73.2,3.26,83,2026-06-29,2026-09-20,Group,Donutz Studios,https://www.roblox.com/groups/453505330,2948,darky_donut,https://www.roblox.com/users/672700273/profile,,,https://youtube.com/channel/UC8DlzSaYnLh1TT40sBkUtFg | https://youtube.com/channel/UCaLVFyAc4g28Odr56JSuiqQ,,https://x.com/LightningSplash | https://x.com/StudiosHalt | https://x.com/cwrblx,,,https://www.facebook.com/roblox/,All,28,10417668803,126497291295755,search:trivia,2026-09-20 22:27
465,4-MID,NEW,Wash The Plane ✈️ [HARD MODE],https://www.roblox.com/games/81738288743483/,YES,https://discord.gg/hFN8rE3bb,Ar Studio!,214,28,game/group page,919,919,424763,,2232,531,167,76.1,2.16,43,2026-08-08,2026-09-19,Group,Wash varse,https://www.roblox.com/groups/892517268,8133,botlami6,https://www.roblox.com/users/9363092817/profile,,,,,,,,https://www.facebook.com/roblox/,All,20,10658593346,81738288743483,search:plane,2026-09-20 22:26
463,4-MID,NEW,[🎯2X] Dart Arena,https://www.roblox.com/games/124418261920942/,YES,https://discord.gg/atZ6HJubV,Exploded Studio,41,13,game/group page,1197,1197,482930,,1991,867,106,89.1,2.48,35,2026-08-16,2026-09-20,Group,Exploded Studio,https://www.roblox.com/groups/507158674,5974,Bidsttrp,https://www.roblox.com/users/500331017/profile,,,https://youtube.com/@mrdoggo9013,,,,,https://www.facebook.com/roblox/,All,6,10723087263,124418261920942,search:arena,2026-09-20 22:26
380,4-MID,NEW,🌈+A SPEED INFINITY TRAIL,https://www.roblox.com/games/86515348369283/,,,,,,,1955,1955,328318,,553,54,48,52.9,5.95,12,2026-09-08,2026-09-09,Group,Night. the best!,https://www.roblox.com/groups/598654278,316,Ra3dNightfall2905,https://www.roblox.com/users/10709197994/profile,,,,,,,,https://www.facebook.com/roblox/,All,12,10765660059,86515348369283,search:infinite,2026-09-20 22:27
360,4-MID,NEW,🎁 OPEN EGG LUCKY BLOCKS,https://www.roblox.com/games/101392401854446/,,,,,,,845,845,408263,,37323,1530,96,94.1,2.07,15,2026-09-05,2026-09-20,Group,I WILL ALWAYS WIN,https://www.roblox.com/groups/503676309,21324,Baamoo_games,https://www.roblox.com/users/9931125961/profile,,,,,,,,https://www.facebook.com/roblox/,All,7,10765202651,101392401854446,rec:10765198762,2026-09-20 22:29
279,4-MID,NEW,[✨] Collect 1 Million Items,https://www.roblox.com/games/133363783004873/,,,,,,,1399,1399,237324,,9295,2623,131,95.2,5.89,32,2026-08-19,2026-09-20,Group,Rsix Studio,https://www.roblox.com/groups/32680696,92169,3eyin,https://www.roblox.com/users/557610791/profile,,,,,x.com/games,,,https://www.facebook.com/roblox/,All,12,10741302505,133363783004873,search:collect,2026-09-20 22:28
﻿priority_score,tier,new_this_run,title,game_url,has_discord,discord_url,discord_server,discord_members,discord_online,discord_via,active,peak_active_seen,visits,visits_growth_per_day,favorites,likes,dislikes,like_ratio,heat_active_per_1k_visits,age_days,created,last_updated,creator_type,creator_name,creator_url,group_members,owner_name,owner_url,owner_roblox_signal,discord_name_signal,youtube,tiktok,twitter_x,twitch,instagram,other_links,genre,max_players,universe_id,place_id,found_via,checked_at_utc
1335,1-BEST (MUST BUY),NEW,feed the pit,https://www.roblox.com/games/131535700826907/,YES,https://discord.gg/XYey3Gfwkk,Feed The Pit,15,7,game/group page,151,151,21490,,1026,184,93,66.4,7.03,26,2026-08-25,2026-09-21,Group,Feed it studio,https://www.roblox.com/groups/302680127,161,hl_cz,https://www.roblox.com/users/4245957980/profile,,,,,https://x.com/TypicalRBLX | https://x.com/StealAnEggRblx,,,https://www.facebook.com/roblox/,All,32,10760786480,131535700826907,search:feed,2026-09-21 00:30
1333,1-BEST (MUST BUY),NEW,🌱 Cut all the Grass!,https://www.roblox.com/games/109170952597926/,YES,https://discord.gg/6TD7uAbTAR,AMG Studio,42,13,game/group page,133,133,20652,,79,111,8,93.3,6.44,7,2026-09-13,2026-09-20,Group,Lawn Lovers,https://www.roblox.com/groups/528503819,780,Andeezey,https://www.roblox.com/users/932713495/profile,,,,,,,,https://www.facebook.com/roblox/,All,8,10766349481,109170952597926,search:cut,2026-09-21 00:30
1314,1-BEST (MUST BUY),NEW,+1 Monster Evolution,https://www.roblox.com/games/121422852788217/,YES,https://discord.gg/jEtq8HZ3sj,Unknowwn Studios,42,9,game/group page,106,106,39946,,2987,125,18,87.4,2.65,14,2026-09-06,2026-09-20,Group,Unknowwn Studios,https://www.roblox.com/groups/74928064,133952,chestpin10,https://www.roblox.com/users/90237321/profile,,,https://youtube.com/@derpmonster83 | https://youtube.com/channel/UCLqP1JHpk9RRvdKTEHGcqSA | https://youtube.com/channel/UCF1xayWfPs-rCHld7BnhSmA/,,https://x.com/xFrozenStudios,,,https://www.facebook.com/roblox/,All,10,10765351576,121422852788217,rec:10766373724,2026-09-21 00:31
1028,1-BEST (MUST BUY),NEW,[Beta] The Creator-God Sim [Update],https://www.roblox.com/games/110434609045277/,,,,,,,111,111,20103,,415,106,41,72.1,5.52,48,2026-08-03,2026-09-20,Group,Stateborn Studios,https://www.roblox.com/groups/1094730732,1135,Ninja_monky475,https://www.roblox.com/users/1913389520/profile,,,,,,,,https://www.facebook.com/roblox/,All,5,10626746750,110434609045277,search:god,2026-09-21 00:31
1048,2-GREAT,NEW,Buy A Pet,https://www.roblox.com/games/77938822377483/,YES,https://discord.gg/fb8w77Ex3K,Buy A Pet,2303,389,game/group page,1023,1023,99256,,676,666,12,98.2,10.31,34,2026-08-17,2026-09-21,Group,Toonrise,https://www.roblox.com/groups/541475848,161940,do_arise,https://www.roblox.com/users/8236391793/profile,,,https://youtube.com/channel/UCR-Y4lWmrCYbr1XavmNMlvQ,,,,,https://www.facebook.com/roblox/,All,7,10728322567,77938822377483,search:buy,2026-09-21 00:31
564,4-MID,NEW,Build a Bridge Together,https://www.roblox.com/games/121449621869956/,YES,https://discord.gg/Gakuran,(学乱) Gakuran,914550,210836,creator ecosystem,1369,1369,482725,,10904,2212,880,71.5,2.84,66,2026-07-16,2026-09-18,Group,The Bridge Company,https://www.roblox.com/groups/162241200,501,z6mui,https://www.roblox.com/users/96197372/profile,,,https://youtube.com/@CoolLandCorporation | https://youtube.com/@HDCRoblox | https://youtube.com/@Nosniy,,https://x.com/HDC_Roblox | https://x.com/paradoxum_games | https://x.com/NosniyRBLX | https://x.com/WoozyNate | x.com/games,,,https://www.facebook.com/roblox/,All,15,10510805989,121449621869956,search:glass bridge,2026-09-21 00:31
﻿priority_score,tier,new_this_run,title,game_url,has_discord,discord_url,discord_server,discord_members,discord_online,discord_via,active,peak_active_seen,visits,visits_growth_per_day,favorites,likes,dislikes,like_ratio,heat_active_per_1k_visits,age_days,created,last_updated,creator_type,creator_name,creator_url,group_members,owner_name,owner_url,owner_roblox_signal,discord_name_signal,youtube,tiktok,twitter_x,twitch,instagram,other_links,genre,max_players,universe_id,place_id,found_via,checked_at_utc
832,3-GOOD,NEW,[RELEASE] Shigaku,https://www.roblox.com/games/109329896664198/,YES,https://discord.gg/shigaku,Shigaku,5514,1318,game/group page,984,984,151724,,2424,1929,78,96.1,6.49,68,2026-07-15,2026-09-20,Group,(私学 ) Shigaku,https://www.roblox.com/groups/1009579253,12220,vizierzsz,https://www.roblox.com/users/290622415/profile,,,https://youtube.com/channel/UCtqa-vsjgKYhQA99nF9izag,,https://x.com/RealHazeStudios,,,https://www.facebook.com/roblox/,All,30,10504918958,109329896664198,search:tokyo revengers,2026-09-21 06:32
﻿priority_score,tier,new_this_run,title,game_url,has_discord,discord_url,discord_server,discord_members,discord_online,discord_via,active,peak_active_seen,visits,visits_growth_per_day,favorites,likes,dislikes,like_ratio,heat_active_per_1k_visits,age_days,created,last_updated,creator_type,creator_name,creator_url,group_members,owner_name,owner_url,owner_roblox_signal,discord_name_signal,youtube,tiktok,twitter_x,twitch,instagram,other_links,genre,max_players,universe_id,place_id,found_via,checked_at_utc
1507,1-BEST (MUST BUY),NEW,2 Player Pizza Tycoon 🍕,https://www.roblox.com/games/119156763806075/,YES,https://discord.gg/aMyxbGJvn4,Insight Development,364,30,game/group page,156,156,2365,,13,9,0,100.0,65.96,13,2026-09-07,2026-09-20,Group,MSL Games,https://www.roblox.com/groups/5702877,892156,MSLHolder,https://www.roblox.com/users/3562213886/profile,YES,,,,x.com/info,,,https://www.facebook.com/roblox/,All,8,10765541201,119156763806075,search:🍕,2026-09-20 21:58
1445,1-BEST (MUST BUY),NEW,Huss Valley,https://www.roblox.com/games/107535308163741/,YES,https://discord.gg/eggs,Steal an Egg,441817,61299,creator ecosystem,199,199,22263,,118,38,26,59.4,8.94,20,2026-08-31,2026-09-20,User,BNP_HOLDER,https://www.roblox.com/users/3005393646/profile,,BNP_HOLDER,https://www.roblox.com/users/3005393646/profile,,,https://youtube.com/@slungpy,,https://x.com/StealAnEggRblx | https://x.com/Shkatulkahero | https://x.com/slungpy | x.com/info,,,https://www.facebook.com/roblox/,All,30,10764627709,107535308163741,search:horse valley,2026-09-20 21:55
1443,1-BEST (MUST BUY),NEW,[🎉] Clickers Ultimate,https://www.roblox.com/games/97395358873146/,YES,https://discord.gg/bubbleplanet,Bubble Planet 🫧,3481,1269,creator ecosystem,145,145,9845,,60,63,7,90.0,14.73,30,2026-08-21,2026-09-20,Group,ABC Big Studio,https://www.roblox.com/groups/77349234,70219,C4StIcKyBoMb,https://www.roblox.com/users/110081729/profile,,,https://youtube.com/@RoDarkStudios | https://youtube.com/@OniSteelStudios,,https://x.com/RoDarkStudios | x.com/communities | x.com/info,,,https://www.facebook.com/roblox/,All,16,10750406988,97395358873146,search:ultimate,2026-09-20 21:56
1434,1-BEST (MUST BUY),NEW,[Pokemon Brick Bronze] [Roria Reborn],https://www.roblox.com/games/77191578720705/,YES,https://discord.gg/KRYBpQqYtX,Roria Reborn,16500,2319,game/group page,108,108,16099,,799,32,1,97.0,6.71,2,2026-09-18,2026-09-20,User,dulopsinframe,https://www.roblox.com/users/8843721523/profile,,dulopsinframe,https://www.roblox.com/users/8843721523/profile,,,,,x.com/info,,,https://www.facebook.com/roblox/,All,50,10766942568,77191578720705,search:reborn,2026-09-20 21:56
1417,1-BEST (MUST BUY),NEW,[50 BEE ZONE + FREE GAMEPASSES] BEE GAME ,https://www.roblox.com/games/98297803179998/,YES,https://discord.gg/bss1to1,BSS 1:1,2974,806,game/group page,285,285,24846,,244,392,7,98.2,11.47,0,2026-09-20,2026-09-20,Group,BSS 1:1:1,https://www.roblox.com/groups/866570390,9684,superidoldeshyboom,https://www.roblox.com/users/3987859601/profile,YES,,,,https://x.com/StealAnEggRblx | https://x.com/StarxRoblox | x.com/info,,,https://www.facebook.com/roblox/,All,6,10767183467,98297803179998,search:bee game,2026-09-20 21:55
1386,1-BEST (MUST BUY),NEW,New Fender [Revamp],https://www.roblox.com/games/119504692460642/,YES,https://discord.gg/cuGCBfUyKH,New Fender,2708,285,game/group page,106,106,16835,,125,115,18,86.5,6.3,2,2026-09-18,2026-09-20,Group,New Fender: Projects,https://www.roblox.com/groups/587237118,1442,macarenasessionseler,https://www.roblox.com/users/9057808906/profile,,,,,x.com/info,,,https://www.facebook.com/roblox/,All,25,10766872155,119504692460642,search:revamped,2026-09-20 21:56
1358,1-BEST (MUST BUY),NEW,[RELEASE] Anime Card Challenger,https://www.roblox.com/games/135444546244237/,YES,https://discord.gg/tu6n73rCyv,Bushinka Studios,301,100,game/group page,142,142,13769,,48,89,3,96.7,10.31,9,2026-09-10,2026-09-20,Group,Bushinka Studios,https://www.roblox.com/groups/759136012,272,BushinkaStudios,https://www.roblox.com/users/8709855259/profile,,,,,x.com/info,,,https://www.facebook.com/roblox/,All,20,10765951554,135444546244237,search:[RELEASE],2026-09-20 21:57
1357,1-BEST (MUST BUY),NEW,Bizarre (AFK PLACE OPEN + RELEASE SOON) ,https://www.roblox.com/games/135621866300031/,YES,https://discord.gg/aotrevolution,Attack on Titan Revolution [AoTR],1170150,245114,creator ecosystem,260,260,22649,,540,190,11,94.5,11.48,166,2026-04-07,2026-09-20,Group,Bizarre Dudez,https://www.roblox.com/groups/16856818,1316,Toxic_DreTTV,https://www.roblox.com/users/1103024690/profile,,,https://youtube.com/@Ek1_xtg | https://youtube.com/@vvrobloxgame | https://youtube.com/channel/UCKYJu3BqV7cXyRUGlcYD7nQ,,https://x.com/_EvolutionPower | https://x.com/vvultimatum | x.com/info,,,https://www.facebook.com/roblox/,All,12,10004675953,135621866300031,search:[RELEASED],2026-09-20 21:57
1339,1-BEST (MUST BUY),NEW,🌱 Cut all the Grass!,https://www.roblox.com/games/109170952597926/,YES,https://discord.gg/6TD7uAbTAR,AMG Studio,42,15,game/group page,150,150,19537,,75,107,8,93.0,7.68,7,2026-09-13,2026-09-20,Group,Lawn Lovers,https://www.roblox.com/groups/528503819,744,Andeezey,https://www.roblox.com/users/932713495/profile,,,,,x.com/info,,,https://www.facebook.com/roblox/,All,8,10766349481,109170952597926,search:🌱,2026-09-20 21:57
1321,1-BEST (MUST BUY),NEW,[🏰DUNGEON + TRADING🤝] Anime Card Multiverse,https://www.roblox.com/games/86468237658368/,YES,https://discord.gg/G5GdPzpuqN,Anime Card Muiltverse,166,41,game/group page,105,105,29186,,1001,246,29,89.5,3.6,28,2026-08-22,2026-09-20,Group,ARL Design,https://www.roblox.com/groups/15221548,1454,Aizenbefr,https://www.roblox.com/users/5808121654/profile,,,,,x.com/info,,,RobloxGroup:https://www.roblox.com/communities/15221548 | https://www.facebook.com/roblox/,All,8,10754385761,86468237658368,search:dungeon,2026-09-20 21:58
1221,1-BEST (MUST BUY),NEW,[🔥RTS] WARGRID BETA [UPD10] ,https://www.roblox.com/games/122699635162214/,YES,https://discord.gg/C7MSNDeHRw,[BETA!] WARGRID,116,38,creator ecosystem,146,146,38131,,2253,470,176,72.8,3.83,36,2026-08-15,2026-09-20,User,SiberiaDevOps,https://www.roblox.com/users/4300295064/profile,,SiberiaDevOps,https://www.roblox.com/users/4300295064/profile,,,,,,,,https://www.facebook.com/roblox/,All,8,10714952130,122699635162214,rec:10108900736,2026-09-20 21:59
1099,2-GREAT,NEW,[WORLD 3 PT.2] Zhuan Incremental,https://www.roblox.com/games/81807428672943/,YES,https://discord.gg/u7GXDcASSv,LazyGamers,131,36,game/group page,619,619,66440,,484,413,90,82.1,9.32,24,2026-08-27,2026-09-20,Group,LazyGamersGames,https://www.roblox.com/groups/35006509,6464,Arithema,https://www.roblox.com/users/922426101/profile,,,,,https://x.com/ZotoronDev | x.com/info,,,https://www.facebook.com/roblox/,All,8,10763245765,81807428672943,search:part 2,2026-09-20 21:57
1094,2-GREAT,NEW,Redfield Elementary School 🐦 [TEMP] [ALL AGES],https://www.roblox.com/games/70679585321991/,YES,https://discord.gg/izzyanstudios,Izzyan Studios LLC,4991,731,game/group page,679,679,76812,,1085,274,47,85.4,8.84,41,2026-08-10,2026-09-19,Group,Izzyan Studios LLC,https://www.roblox.com/groups/762756305,3128,IzzyanStudiosLLC,https://www.roblox.com/users/11372810712/profile,,,https://youtube.com/@biggoldenyoshifan,,x.com/info,,,Facebook:https://facebook.com/RedfieldSUSD | https://www.facebook.com/roblox/,All,30,10669163492,70679585321991,search:age of,2026-09-20 21:56
1019,2-GREAT,NEW,🕵️ DETECTIVE,https://www.roblox.com/games/102452854778727/,YES,https://discord.gg/meK9Y4FccP,Murder Mystery Hub,1001,32,game/group page,602,602,60907,,3185,13,10,56.5,9.88,69,2026-07-13,2026-09-02,Group,MMH Games,https://www.roblox.com/groups/35271531,10910,MurderMysteryHub,https://www.roblox.com/users/7643231675/profile,,,,,,,,https://www.facebook.com/roblox/,All,12,10498529464,102452854778727,search:detective,2026-09-20 21:58
684,4-MID,NEW,Dig For Eggs,https://www.roblox.com/games/121831322352666/,YES,https://discord.gg/k7GSspggF4,RoDark Studios,7777,1480,game/group page,2190,2190,320616,,911,177,59,75.0,6.83,17,2026-09-03,2026-09-20,Group,RoDark Studios,https://www.roblox.com/groups/5545660,821166,Myron_RDS,https://www.roblox.com/users/2735760162/profile,YES,,https://youtube.com/@RoDarkStudios,,https://x.com/RoDarkStudios | x.com/info,,,https://www.facebook.com/roblox/,All,8,10765013362,121831322352666,search:eggs,2026-09-20 21:58
581,4-MID,NEW,[UPD] Become a Game Developer! 💻 ,https://www.roblox.com/games/93376023022452/,YES,https://discord.gg/hrQcDuzAAp,🦆 Ducky.gg,551,102,game/group page,1306,1306,334396,,3370,1162,499,70.0,3.91,28,2026-08-23,2026-09-20,Group,Opus 5.0 - 1M Context Effort was XHigh,https://www.roblox.com/groups/98024391,37992,cb12438,https://www.roblox.com/users/299643580/profile,YES,,,,x.com/communities | x.com/info,,,https://www.facebook.com/roblox/,All,8,10757514065,93376023022452,search:bird game,2026-09-20 21:55
571,4-MID,NEW,Own a Billionaire Car Dealership 🤑,https://www.roblox.com/games/91959667419425/,YES,https://discord.gg/EsBF2pwjQd,Rule The World🌍,9,5,creator ecosystem,1481,1481,356941,,2997,4126,138,96.8,4.15,29,2026-08-22,2026-09-20,Group,one billion dollars,https://www.roblox.com/groups/452628124,7087,xSting7,https://www.roblox.com/users/376146658/profile,,,,,,,,https://www.facebook.com/roblox/,All,6,10752767826,91959667419425,rec:10509206835,2026-09-20 21:59
567,4-MID,NEW,🌈 FREE Treadmill Game,https://www.roblox.com/games/77574887582961/,YES,https://discord.gg/agreestudios,Agree Studios,197,44,creator ecosystem,1212,1212,477518,,1369,276,79,77.7,2.54,19,2026-09-01,2026-09-20,Group,ZohirWorks Studio,https://www.roblox.com/groups/1098345138,1331,ZohirWorks,https://www.roblox.com/users/9980788607/profile,,,https://youtube.com/@DeathCottonCandy,,x.com/info,,,https://www.facebook.com/roblox/,All,22,10764715195,77574887582961,search:🌈,2026-09-20 21:58
562,4-MID,NEW,Run a Library 📚 | Shelf Life,https://www.roblox.com/games/105109010382578/,YES,https://discord.gg/T9Vt2Snshf,Run a Library 📚 | Shelf Life,58,18,game/group page,874,874,421941,,7630,1635,303,84.4,2.07,30,2026-08-21,2026-09-20,User,Kitari_x,https://www.roblox.com/users/10970401400/profile,,Kitari_x,https://www.roblox.com/users/10970401400/profile,YES,,,,,,,https://www.facebook.com/roblox/,All,8,10750231909,105109010382578,rec:10749726746,2026-09-20 21:59
552,4-MID,NEW,[🔥UPD] +1 Jump Higher ASMR,https://www.roblox.com/games/88173596726094/,YES,https://discord.gg/q3qRbjhknB,SWAT,4663,337,creator ecosystem,845,845,475934,,26081,304,46,86.9,1.78,32,2026-08-19,2026-09-20,Group,ASMR Squishy Studio,https://www.roblox.com/groups/285853277,61339,AZUMIRRO,https://www.roblox.com/users/554727493/profile,,,,,x.com/info,,,RobloxGroup:https://www.roblox.com/communities/285853277 | https://www.facebook.com/roblox/,All,12,10741917038,88173596726094,search:plus,2026-09-20 21:56
518,4-MID,NEW,EXCHANGE EXCHANGE - RJ FPS ,https://www.roblox.com/games/116271122728938/,YES,https://discord.gg/dDsaQRdcAV,Zeus Forge,2835,148,creator ecosystem,822,822,369376,,749,123,34,78.3,2.23,92,2026-06-19,2026-09-20,Group,Comunidade TNC,https://www.roblox.com/groups/41519583,2529,textfertilized,https://www.roblox.com/users/5791060242/profile,,,https://youtube.com/@tiaguimda027,,x.com/info,,,https://www.facebook.com/roblox/,All,30,10358859224,116271122728938,search:fps,2026-09-20 21:58
483,4-MID,NEW,🛡️ BODYGUARD,https://www.roblox.com/games/93167317843634/,YES,https://discord.gg/meK9Y4FccP,Murder Mystery Hub,1001,32,game/group page,942,942,368233,,18874,46,42,52.3,2.56,51,2026-07-31,2026-09-02,Group,MMH Games,https://www.roblox.com/groups/35271531,10910,MurderMysteryHub,https://www.roblox.com/users/7643231675/profile,,,,,,,,https://www.facebook.com/roblox/,All,12,10605088203,93167317843634,creator:Group:35271531,2026-09-20 21:58
471,4-MID,NEW,Midnight Shift (Anomaly) ⛽ ,https://www.roblox.com/games/127905486182237/,YES,https://discord.gg/UnUKC4YG9,Selics x do_small Community,445,93,game/group page,1206,1206,492072,,6847,372,83,81.8,2.45,48,2026-08-02,2026-09-15,Group,CRAZY BRAZILIAN,https://www.roblox.com/groups/992174110,200059,do_small,https://www.roblox.com/users/2243026817/profile,,,,,,,,https://www.facebook.com/roblox/,All,15,10621093890,127905486182237,rec:10547659739,2026-09-20 22:00
465,4-MID,NEW,Wash The Plane ✈️ [HARD MODE],https://www.roblox.com/games/81738288743483/,YES,https://discord.gg/hFN8rE3bb,Ar Studio!,214,32,game/group page,879,879,421860,,2220,529,166,76.1,2.08,43,2026-08-08,2026-09-19,Group,Wash varse,https://www.roblox.com/groups/892517268,8077,botlami6,https://www.roblox.com/users/9363092817/profile,,,,,,,,https://www.facebook.com/roblox/,All,20,10658593346,81738288743483,rec:10695120182,2026-09-20 21:59
463,4-MID,NEW,[🎯2X] Dart Arena,https://www.roblox.com/games/124418261920942/,YES,https://discord.gg/atZ6HJubV,Exploded Studio,41,12,game/group page,1192,1192,479469,,1980,863,105,89.2,2.49,35,2026-08-16,2026-09-20,Group,Exploded Studio,https://www.roblox.com/groups/507158674,5932,Bidsttrp,https://www.roblox.com/users/500331017/profile,,,https://youtube.com/@mrdoggo9013,,x.com/info,,,https://www.facebook.com/roblox/,All,6,10723087263,124418261920942,search:[2X],2026-09-20 21:57
463,4-MID,NEW,💙 JJ AND MIKEY ELEVATOR 💚,https://www.roblox.com/games/100772995639757/,YES,https://discord.gg/UwgQEavAJj,𝐕𝐢𝐜𝐭𝐨𝐫𝐲 𝐒𝐞𝐫𝐯𝐞𝐫,21,5,creator ecosystem,1128,1128,463516,,94575,76,39,66.1,2.43,61,2026-07-21,2026-07-25,Group,z.1,https://www.roblox.com/groups/341188528,1020,Ep3DisHere,https://www.roblox.com/users/3579401684/profile,,,,,,,,https://www.facebook.com/roblox/,All,30,10543096341,100772995639757,rec:10658250410,2026-09-20 21:59
377,4-MID,NEW,🌈+A SPEED INFINITY TRAIL,https://www.roblox.com/games/86515348369283/,,,,,,,1766,1766,321412,,542,54,48,52.9,5.49,12,2026-09-08,2026-09-09,Group,Night. the best!,https://www.roblox.com/groups/598654278,314,Ra3dNightfall2905,https://www.roblox.com/users/10709197994/profile,,,,,x.com/info,,,https://www.facebook.com/roblox/,All,12,10765660059,86515348369283,search:infinity,2026-09-20 21:56
﻿priority_score,tier,new_this_run,title,game_url,has_discord,discord_url,discord_server,discord_members,discord_online,discord_via,active,peak_active_seen,visits,visits_growth_per_day,favorites,likes,dislikes,like_ratio,heat_active_per_1k_visits,age_days,created,last_updated,creator_type,creator_name,creator_url,group_members,owner_name,owner_url,owner_roblox_signal,discord_name_signal,youtube,tiktok,twitter_x,twitch,instagram,other_links,genre,max_players,universe_id,place_id,found_via,checked_at_utc
935,3-GOOD,NEW,Open Sea For Animals!,https://www.roblox.com/games/88047783411976/,YES,https://discord.gg/4kgMxTzrRK,Open Sea for Brainrot,30705,1754,game/group page,1395,1395,198600,,1282,743,39,95.0,7.02,17,2026-09-04,2026-09-21,Group,xFrozen x Dudes,https://www.roblox.com/groups/719390069,3881368,Pro_Dev2024,https://www.roblox.com/users/5430527415/profile,,,https://youtube.com/channel/UCLqP1JHpk9RRvdKTEHGcqSA,,https://x.com/xFrozenStudios,,,https://www.facebook.com/roblox/,All,5,10765091041,88047783411976,search:sea piece,2026-09-21 14:22
626,3-GOOD,NEW,⚽ Ball VS Walls,https://www.roblox.com/games/85156588200933/,,https://discord.gg/mRKFrhAB9u (UNVERIFIED/expired),,,,unverified mention,963,963,186271,,11411,898,19,97.9,5.17,20,2026-08-31,2026-09-20,Group,SUlllll,https://www.roblox.com/groups/1110448116,30537,vuzerio,https://www.roblox.com/users/653513554/profile,,,,,,,,https://www.facebook.com/roblox/,All,10,10764617997,85156588200933,search:ball,2026-09-21 14:22
668,4-MID,NEW,[FREE] ChinaSide Tycoon,https://www.roblox.com/games/88793580588296/,YES,https://discord.gg/wbzHwH5uMH,ChinaSide Tycoon,8326,1323,game/group page,1245,1245,350724,,7584,1637,142,92.0,3.55,18,2026-09-03,2026-09-20,Group,Goyboy Games,https://www.roblox.com/groups/325011659,8898,DragonTStudios,https://www.roblox.com/users/2295198698/profile,,,,,,,,https://www.facebook.com/roblox/,All,6,10764967952,88793580588296,sort:Top Earning,2026-09-21 14:22
461,4-MID,NEW,⛏️ +1 Drill Blocks for animals,https://www.roblox.com/games/136327778829765/,YES,https://discord.gg/HwK6DVBtVu,+1 Drill,50,8,game/group page,921,921,450435,,60701,1383,65,95.5,2.04,34,2026-08-18,2026-09-21,Group,+1 Drill,https://www.roblox.com/groups/471174313,56086,Pig_Ry7,https://www.roblox.com/users/5322154993/profile,,,,,,,,https://www.facebook.com/roblox/,All,6,10734982355,136327778829765,rec:10637618088,2026-09-21 14:22
383,4-MID,NEW,💗 MELODY'S PRISON RUN! (Obby),https://www.roblox.com/games/106748792105159/,,,,,,,1472,1472,225535,,43162,17,5,77.3,6.53,23,2026-08-28,2026-09-18,Group,rich mentality,https://www.roblox.com/groups/58208634,16509,SpideyDollarsHolder,https://www.roblox.com/users/7862471887/profile,,,,,,,,https://www.facebook.com/roblox/,All,20,10764268697,106748792105159,search:prison run,2026-09-21 14:22
﻿priority_score,tier,new_this_run,title,game_url,has_discord,discord_url,discord_server,discord_members,discord_online,discord_via,active,peak_active_seen,visits,visits_growth_per_day,favorites,likes,dislikes,like_ratio,heat_active_per_1k_visits,age_days,created,last_updated,creator_type,creator_name,creator_url,group_members,owner_name,owner_url,owner_roblox_signal,discord_name_signal,youtube,tiktok,twitter_x,twitch,instagram,other_links,genre,max_players,universe_id,place_id,found_via,checked_at_utc
1349,1-BEST (MUST BUY),NEW,[EXCALIBUR] Pull A Sword 🗡️,https://www.roblox.com/games/102255204927572/,YES,https://discord.gg/DuY3BNWKa,Pull A Sword,48,10,official game link,137,137,14168,,92,76,16,82.6,9.67,22,2026-08-29,2026-09-21,Group,Minecrawler,https://www.roblox.com/groups/35530209,1151,iamLudius,https://www.roblox.com/users/43776210/profile,YES,,,,,,,https://www.facebook.com/roblox/,All,5,10764404786,102255204927572,search:🗡️,2026-09-21 19:43
1226,1-BEST (MUST BUY),NEW,[⏰ NEW] Pocket Pet,https://www.roblox.com/games/128419594113180/,YES,https://discord.gg/UWjgZrwefx,Pocket Pet,299,109,official game link,128,128,32135,,373,312,33,90.4,3.98,237,2026-01-27,2026-09-21,Group,Moonday Games,https://www.roblox.com/groups/48688877,1893,moonday_games,https://www.roblox.com/users/11084140934/profile,,,,,,,,https://www.facebook.com/roblox/,All,10,9632101790,128419594113180,search:dog game,2026-09-21 19:43
1219,1-BEST (MUST BUY),NEW,MUSOR DROP [CASES AND UPGRADER],https://www.roblox.com/games/126697347409345/,YES,https://discord.gg/wHf5hhMK9B,Musor Drop [UPG],12,6,official game link,136,136,36773,,828,124,34,78.5,3.7,45,2026-08-07,2026-09-21,Group,Gates Of Shades,https://www.roblox.com/groups/34412271,2550,sdfsdfsfg16,https://www.roblox.com/users/5242478955/profile,,,,,,,,https://www.facebook.com/roblox/,All,15,10648038143,126697347409345,search:cases,2026-09-21 19:43
1034,1-BEST (MUST BUY),NEW,Build A Casino,https://www.roblox.com/games/94189087459079/,,,,,,,138,138,20201,,304,38,32,54.3,6.83,120,2026-05-24,2026-09-21,Group,HappyCat Games,https://www.roblox.com/groups/526108378,7988,HappyCatDev,https://www.roblox.com/users/8800468497/profile,,,,,,,,https://www.facebook.com/roblox/,All,7,10212081143,94189087459079,search:💰,2026-09-21 19:43
1188,2-GREAT,NEW,Bee Game Reworked,https://www.roblox.com/games/113444583090218/,YES,https://discord.gg/SY9xB2DpWh,BSS - Reworked,13785,4786,official game link,646,646,85586,,986,388,85,82.0,7.55,2,2026-09-19,2026-09-21,Group,BSS - Reworked Community.,https://www.roblox.com/groups/758861690,1091,BSSReworkedOwner,https://www.roblox.com/users/11656453788/profile,,,,,,,,https://www.facebook.com/roblox/,All,6,10767024642,113444583090218,search:bee game,2026-09-21 19:43
1119,2-GREAT,NEW,Build and Hide to Survive VERITY,https://www.roblox.com/games/123393202531499/,YES,https://discord.gg/labfold,Labfold,286,32,official game link,914,914,72306,,212,40,12,76.9,12.64,28,2026-08-24,2026-09-20,Group,bright's basement,https://www.roblox.com/groups/1076806447,99,Fondatix,https://www.roblox.com/users/130036453/profile,,,https://youtube.com/@matthewm9597,,,,,https://www.facebook.com/roblox/,All,12,10758590316,123393202531499,search:hide and seek,2026-09-21 19:43
722,3-GOOD,NEW,[W3] +1 Aim Per Click,https://www.roblox.com/games/70990741130622/,YES,https://discord.gg/WVsbwbaUMR,DxrStudio,83,20,official game link,805,805,195832,,9422,590,100,85.5,4.11,46,2026-08-05,2026-09-20,Group,Dxr Studio,https://www.roblox.com/groups/579790326,22420,DxrDev,https://www.roblox.com/users/4891166177/profile,,,,,https://x.com/DxrDev,,,https://www.facebook.com/roblox/,All,12,10637618088,70990741130622,rec:10424071923,2026-09-21 19:43
631,3-GOOD,NEW,Surf And Rescue 🌊🛟,https://www.roblox.com/games/120252007682677/,,,,,,,823,823,131580,,11121,2572,87,96.7,6.25,27,2026-08-25,2026-09-21,Group,Ruster Games,https://www.roblox.com/groups/846226343,10586,OG_Rust,https://www.roblox.com/users/125640280/profile,,,,,,,,https://www.facebook.com/roblox/,All,6,10761375767,120252007682677,search:🌊,2026-09-21 19:43
601,4-MID,NEW,Re://Adventures [UPD 1 🔥 ],https://www.roblox.com/games/94823097601547/,YES,https://discord.gg/nhYMHrNBW,Re://Adventures,12341,4415,official game link,2597,2597,255308,,1290,1274,63,95.3,10.17,37,2026-08-15,2026-09-21,Group,SlowBlox Studios,https://www.roblox.com/groups/35186067,8656,ethanq2,https://www.roblox.com/users/88671696/profile,,,,,,,,https://www.facebook.com/roblox/,All,15,10715453071,94823097601547,search:dragon adventures,2026-09-21 19:43
576,4-MID,NEW,2 Player Ice Cream Tycoon 🍦,https://www.roblox.com/games/122498324859761/,YES,https://discord.gg/aMyxbGJvn4,Insight Development,364,24,official group link: MSL Games,1009,1009,271450,,1874,659,21,96.9,3.72,25,2026-08-27,2026-09-20,Group,MSL Games,https://www.roblox.com/groups/5702877,896772,MSLHolder,https://www.roblox.com/users/3562213886/profile,YES,,,,,,,https://www.facebook.com/roblox/,All,8,10763714513,122498324859761,search:ice cream,2026-09-21 19:43
493,4-MID,NEW,🤣 FUNNY,https://www.roblox.com/games/103996671305366/,YES,https://discord.gg/meK9Y4FccP,Murder Mystery Hub,1002,25,official game link,958,958,204101,,13714,40,29,58.0,4.69,53,2026-07-29,2026-09-02,Group,MMH Games,https://www.roblox.com/groups/35271531,11271,MurderMysteryHub,https://www.roblox.com/users/7643231675/profile,,,,,,,,https://www.facebook.com/roblox/,All,12,10594248153,103996671305366,creator:Group:35271531,2026-09-21 19:43
474,4-MID,NEW,Spin a Car And Race! 🏎️,https://www.roblox.com/games/111646117342507/,YES,https://discord.gg/P3bRAwaKJQ,Spin a Car and Race!,250,61,official game link,983,983,261342,,1248,2193,180,92.4,3.76,37,2026-08-15,2026-09-20,Group,Team Skylimit,https://www.roblox.com/groups/15770125,13997,aaatum,https://www.roblox.com/users/686664213/profile,,,,,,,,https://www.facebook.com/roblox/,All,6,10714697542,111646117342507,search:spin,2026-09-21 19:43
468,4-MID,NEW,Ping Pong Training 🏓,https://www.roblox.com/games/137737622318848/,YES,https://discord.gg/uGpwQNH7SW,Ping Pong Training,41,14,official game link,1226,1226,354285,,1415,1333,41,97.0,3.46,48,2026-08-04,2026-09-21,Group,Training University,https://www.roblox.com/groups/632335719,34495,dakr10,https://www.roblox.com/users/392930417/profile,,,,,,,,https://www.facebook.com/roblox/,All,10,10628526114,137737622318848,search:train,2026-09-21 19:43
359,4-MID,NEW,Escape Logs for Animals!,https://www.roblox.com/games/128014543028490/,,https://discord.gg/XrPrdEV4A (UNVERIFIED/expired),,,,owned group socials: Feed Your Animals!,857,857,497454,,24316,1716,358,82.7,1.72,20,2026-09-01,2026-09-21,Group,Egg Egg!,https://www.roblox.com/groups/44487187,97520,HeartlezDev,https://www.roblox.com/users/252969769/profile,,,,,,,,https://www.facebook.com/roblox/,All,4,10764686084,128014543028490,rec:10763812743,2026-09-21 19:43
273,4-MID,NEW,Building Sandbox [🔨],https://www.roblox.com/games/91899852101851/,,,,,,,1742,1742,382059,,91017,130,28,82.3,4.56,43,2026-08-08,2026-09-21,Group,Vals Games,https://www.roblox.com/groups/15111681,27181,FBtools,https://www.roblox.com/users/2517555741/profile,,,,,,,,https://www.facebook.com/roblox/,All,16,10658250410,91899852101851,search:sandbox,2026-09-21 19:43
264,4-MID,NEW,Escape Verity Tower [Pets UPD],https://www.roblox.com/games/112304051613702/,,,,,,,945,945,334421,,1448,215,159,57.5,2.83,49,2026-08-03,2026-09-21,User,NotGigaDev,https://www.roblox.com/users/8593934875/profile,,NotGigaDev,https://www.roblox.com/users/8593934875/profile,,,,,,,,https://www.facebook.com/roblox/,All,25,10622929847,112304051613702,search:pets,2026-09-21 19:43
﻿priority_score,tier,new_this_run,title,game_url,has_discord,discord_url,discord_server,discord_members,discord_online,discord_via,active,peak_active_seen,visits,visits_growth_per_day,favorites,likes,dislikes,like_ratio,heat_active_per_1k_visits,age_days,created,last_updated,creator_type,creator_name,creator_url,group_members,owner_name,owner_url,owner_roblox_signal,discord_name_signal,youtube,tiktok,twitter_x,twitch,instagram,other_links,genre,max_players,universe_id,place_id,found_via,checked_at_utc
1349,1-BEST (MUST BUY),NEW,Dig Deep,https://www.roblox.com/games/121075968398242/,YES,https://discord.gg/UNCdnFpdQu,Baron Games,583,56,official game link,100,100,13559,,56,88,12,88.0,7.38,4,2026-09-17,2026-09-21,Group,THE ENDLESS DIG,https://www.roblox.com/groups/1108361657,12,buzukey,https://www.roblox.com/users/5488276788/profile,,,,,,,,https://www.facebook.com/roblox/,All,8,10766823152,121075968398242,search:deep,2026-09-21 23:28
1118,1-BEST (MUST BUY),NEW,(W OR L)  Egg GAME,https://www.roblox.com/games/99313464267600/,,,,,,,132,132,37528,,98,25,4,86.2,3.52,7,2026-09-14,2026-09-14,Group,Ar Studio x Apex Games,https://www.roblox.com/groups/919232836,9112,devingmate,https://www.roblox.com/users/10916628984/profile,,,,,,,,https://www.facebook.com/roblox/,All,6,10766473616,99313464267600,search:l,2026-09-21 23:28
740,3-GOOD,NEW,Oil Tycoon! ⛽,https://www.roblox.com/games/105072660911040/,YES,https://discord.gg/x4YYc6SdAZ,Yungmuney Gooberville,191,28,owned group socials: Yungmuney Gooberville,830,830,115956,,1451,604,183,76.7,7.16,75,2026-07-08,2026-09-20,Group,jitmoney inc,https://www.roblox.com/groups/491083736,22808,gloober_groupholder2,https://www.roblox.com/users/8306937346/profile,YES,,,,,,,https://www.facebook.com/roblox/,All,25,10466601694,105072660911040,rec:10765287762,2026-09-21 23:28
376,4-MID,NEW,Jump Into Longest Rainbow Spiral,https://www.roblox.com/games/116966413767019/,,,,,,,2192,2192,415077,,6844,307,498,38.1,5.28,21,2026-08-31,2026-09-09,Group,Dizzy Experiences,https://www.roblox.com/groups/33761890,374040,Spead_Coil,https://www.roblox.com/users/8811348767/profile,,,,,,,,https://www.facebook.com/roblox/,All,35,10764627949,116966413767019,search:long,2026-09-21 23:28
365,4-MID,NEW,🤑 SAEM but GIVES U EVERYTHING,https://www.roblox.com/games/109726382278710/,,,,,,,996,996,338983,,792,138,26,84.1,2.94,10,2026-09-11,2026-09-21,Group,Stella’s avatar ranking,https://www.roblox.com/groups/35491674,379168,Pitinasad22k,https://www.roblox.com/users/10985861097/profile,,,,,,,,https://www.facebook.com/roblox/,All,7,10766031665,109726382278710,search:u,2026-09-21 23:28
262,4-MID,NEW,Paint the Face,https://www.roblox.com/games/86384689799187/,,,,,,,1102,1102,474836,,767,36,30,54.5,2.32,42,2026-08-10,2026-09-21,Group,HR MAKE GAMES,https://www.roblox.com/groups/646802147,137,henriqjc,https://www.roblox.com/users/10909051103/profile,,,,,,,,https://www.facebook.com/roblox/,All,16,10669384399,86384689799187,search:paint,2026-09-21 23:28
﻿priority_score,tier,new_this_run,title,game_url,has_discord,discord_url,discord_server,discord_members,discord_online,discord_via,active,peak_active_seen,visits,visits_growth_per_day,favorites,likes,dislikes,like_ratio,heat_active_per_1k_visits,age_days,created,last_updated,creator_type,creator_name,creator_url,group_members,owner_name,owner_url,owner_roblox_signal,discord_name_signal,youtube,tiktok,twitter_x,twitch,instagram,other_links,genre,max_players,universe_id,place_id,found_via,checked_at_utc
666,4-MID,NEW,Run to Steal Animals!,https://www.roblox.com/games/119423923767111/,YES,https://discord.gg/vubVfurY5w,Remake Realm,6673,150,official game link,841,841,259450,,737,344,81,80.9,3.24,18,2026-09-04,2026-09-16,Group,Florover,https://www.roblox.com/groups/168957830,24893,Kentaro_Blox,https://www.roblox.com/users/10620253745/profile,,,,,,,,https://www.facebook.com/roblox/,All,5,10765051304,119423923767111,rec:10764324234,2026-09-22 10:11
363,4-MID,NEW,Draw My Phonk! 🎶,https://www.roblox.com/games/137165471055972/,,,,,,,919,919,357872,,555,19,59,24.4,2.57,10,2026-09-11,2026-09-22,Group,EX10 Phonk,https://www.roblox.com/groups/520823541,11651,Existensy,https://www.roblox.com/users/1081802604/profile,,,,,,,,https://www.facebook.com/roblox/,All,24,10765998757,137165471055972,search:drawing,2026-09-22 10:11
260,4-MID,NEW,Voxels,https://www.roblox.com/games/131008689120486/,,,,,,,902,902,467357,,1338,264,86,75.4,1.93,127,2026-05-17,2026-09-13,Group,Cubic World,https://www.roblox.com/groups/1065101631,6239,kewitV9903,https://www.roblox.com/users/10481247560/profile,,,,,,,,https://www.facebook.com/roblox/,All,16,10181950864,131008689120486,search:voxel,2026-09-22 10:11
﻿priority_score,tier,new_this_run,title,game_url,has_discord,discord_url,discord_server,discord_members,discord_online,discord_via,active,peak_active_seen,visits,visits_growth_per_day,favorites,likes,dislikes,like_ratio,heat_active_per_1k_visits,age_days,created,last_updated,creator_type,creator_name,creator_url,group_members,owner_name,owner_url,owner_roblox_signal,discord_name_signal,youtube,tiktok,twitter_x,twitch,instagram,other_links,genre,max_players,universe_id,place_id,found_via,checked_at_utc
1383,1-BEST (MUST BUY),NEW,Lift a Nuke ☢️,https://www.roblox.com/games/74152465509696/,YES,https://discord.gg/uJM9SJMmrR,Sky High Sims,282,62,owned group socials: Sky High Sims,339,339,21845,,45,20,6,76.9,15.52,8,2026-09-13,2026-09-22,Group,Simply Strong,https://www.roblox.com/groups/195881620,3478,limplyy,https://www.roblox.com/users/593726065/profile,,,,,,,,https://www.facebook.com/roblox/,All,10,10766357132,74152465509696,search:nuke,2026-09-22 15:43
1378,1-BEST (MUST BUY),NEW,Angkor Borey,https://www.roblox.com/games/93581226559502/,YES,https://discord.gg/vVTjJsBntr,Angkor Community,2978,249,official game link,122,122,33874,,74,143,16,89.9,3.6,23,2026-08-29,2026-09-22,Group,Angkor Community,https://www.roblox.com/groups/35728030,63287,Mada_Albert,https://www.roblox.com/users/6031090691/profile,,,,,,,,https://www.facebook.com/roblox/,All,60,10764355537,93581226559502,seedfile:watchlist_history.csv,2026-09-22 15:42
1331,1-BEST (MUST BUY),NEW,🥚 Clean Up the Eggs!,https://www.roblox.com/games/84886284318707/,YES,https://discord.gg/JKZ8NUbbnw,Trexism Games,39,7,official game link,160,160,26478,,93,20,4,83.3,6.04,7,2026-09-14,2026-09-22,Group,Trexism,https://www.roblox.com/groups/35278316,425,Stratocratic,https://www.roblox.com/users/15423211/profile,,,,,,,,https://www.facebook.com/roblox/,All,15,10766482494,84886284318707,seedfile:watchlist_history.csv,2026-09-22 15:43
1325,1-BEST (MUST BUY),NEW,Love Letter: Roleplay,https://www.roblox.com/games/135571353544108/,YES,https://discord.gg/MRZdT7UTUZ,Annlynn Studios,320,50,official game link,116,116,30664,,809,195,5,97.5,3.78,11,2026-09-10,2026-09-22,Group,Annlynn Studios,https://www.roblox.com/groups/10694680,1411,DaryAnnlynn,https://www.roblox.com/users/1315635254/profile,YES,,,,,,,https://www.facebook.com/roblox/,All,50,10765949442,135571353544108,rec:10766058898,2026-09-22 15:43
1220,1-BEST (MUST BUY),NEW,[☢️] Build a Reactor,https://www.roblox.com/games/110015561664063/,YES,https://discord.gg/pWtx7FmWKG,Build a Reactor,15,3,official game link,132,132,32739,,2773,615,25,96.1,4.03,139,2026-05-05,2026-09-19,Group,Infinite Assembly,https://www.roblox.com/groups/430811644,3076,lukeszdev,https://www.roblox.com/users/6084437997/profile,,,,,,,,https://www.facebook.com/roblox/,All,6,10126986062,110015561664063,seedfile:watchlist_history.csv,2026-09-22 15:42
1300,1-BEST (MUST BUY),NEW,Draw for Animals!,https://www.roblox.com/games/73085334724700/,,,,,,,633,633,4361,,11,2,4,33.3,145.15,6,2026-09-16,2026-09-22,Group,EX10 Animal,https://www.roblox.com/groups/869434991,6,Existensy,https://www.roblox.com/users/1081802604/profile,,,,,,,,https://www.facebook.com/roblox/,All,24,10766633691,73085334724700,search:draw,2026-09-22 15:43
1154,1-BEST (MUST BUY),NEW,Sky Window Expedition ,https://www.roblox.com/games/131007731732185/,,,,,,,129,129,11895,,179,158,6,96.3,10.84,17,2026-09-04,2026-09-18,User,Lakxziy,https://www.roblox.com/users/9170570817/profile,,Lakxziy,https://www.roblox.com/users/9170570817/profile,,,,,,,,https://www.facebook.com/roblox/,All,50,10765109938,131007731732185,rec:10738273758,2026-09-22 15:43
1148,1-BEST (MUST BUY),NEW,Lift Weights,https://www.roblox.com/games/130455801306120/,,,,,,,269,269,28080,,84,40,4,90.9,9.58,14,2026-09-07,2026-09-14,Group,Slimy Curse Breaker,https://www.roblox.com/groups/797013671,3797,Pyx_128,https://www.roblox.com/users/5486768840/profile,,,,,,,,https://www.facebook.com/roblox/,All,12,10765619695,130455801306120,search:lifting,2026-09-22 15:43
1118,1-BEST (MUST BUY),NEW,Steal A Car,https://www.roblox.com/games/87740422849523/,,,,,,,134,134,37847,,193,37,9,80.4,3.54,17,2026-09-04,2026-09-21,Group,Kiyotaka Studios,https://www.roblox.com/groups/834204334,1187,NopeStillNotDead,https://www.roblox.com/users/1227688240/profile,,,,,,,,https://www.facebook.com/roblox/,All,5,10765153945,87740422849523,seedfile:watchlist_history.csv,2026-09-22 15:42
1045,1-BEST (MUST BUY),NEW,[NEW] SENGKLEK OBSTACLE ,https://www.roblox.com/games/84109962634185/,,https://discord.gg/KmrGPkM2y (UNVERIFIED/expired),,,,official game link,162,162,17966,,51,96,52,64.9,9.02,47,2026-08-05,2026-09-22,Group,SENGKLEK FAMILY,https://www.roblox.com/groups/677972423,496,kangkueh5,https://www.roblox.com/users/9411505058/profile,,,,,,,,https://www.facebook.com/roblox/,All,40,10638502917,84109962634185,search:obstacle,2026-09-22 15:43
1018,1-BEST (MUST BUY),NEW,MOUNT ITIELRAYA CLIMBING TO THE SUMMIT [NEW],https://www.roblox.com/games/122757386061036/,,,,,,,126,126,35438,,444,255,34,88.2,3.56,41,2026-08-12,2026-09-22,Group,ITIEL STUDIO,https://www.roblox.com/groups/163541343,1304,robul9510,https://www.roblox.com/users/11157320303/profile,,,,,,,,https://www.facebook.com/roblox/,All,50,10687151440,122757386061036,rec:10738273758,2026-09-22 15:43
651,4-MID,NEW,Motorcycle for Animals,https://www.roblox.com/games/84403204002907/,YES,https://discord.gg/pH6uD4g7fn,My Tycoon Farm,4071,571,owned group socials: Car Specials!,1410,1410,353974,,584,77,12,86.5,3.98,18,2026-09-04,2026-09-22,Group,Best Animal Productions!,https://www.roblox.com/groups/473571603,43381,chrii_dev,https://www.roblox.com/users/1621687191/profile,,,,,,,,https://www.facebook.com/roblox/,All,5,10765032875,84403204002907,search:motorcycle,2026-09-22 15:42
617,4-MID,NEW,Steal all Cars,https://www.roblox.com/games/94846670791126/,YES,https://discord.gg/fnGrfBTChq,Steal all Cars,1408,285,official game link,3189,3189,412142,,5394,4842,95,98.1,7.74,28,2026-08-25,2026-09-22,Group,Steal all Cars,https://www.roblox.com/groups/306568926,48272,iCrimax7777777,https://www.roblox.com/users/2968949134/profile,,,,,,,,https://www.facebook.com/roblox/,All,8,10761143648,94846670791126,seedfile:watchlist_history.csv,2026-09-22 15:42
592,4-MID,NEW,[🌩️UPD] Steal From The Rich!,https://www.roblox.com/games/120475074479690/,YES,https://discord.gg/tF4SuNBs23,Lucky Finders!,54,25,official game link,3377,3377,407875,,48764,1468,117,92.6,8.28,30,2026-08-22,2026-09-22,Group,Lucky Finders,https://www.roblox.com/groups/900458044,68175,PriceDices,https://www.roblox.com/users/5035775520/profile,,,,,,,,https://www.facebook.com/roblox/,All,7,10753751277,120475074479690,search:rich,2026-09-22 15:43
472,4-MID,NEW,[🎤] +1 Rap per Click,https://www.roblox.com/games/127375292594214/,YES,https://discord.gg/4JNS7Ygd5C,Click and Sing Studios,46,23,official game link,1156,1156,269027,,1423,941,62,93.8,4.3,48,2026-08-04,2026-09-21,Group,Click and Sing,https://www.roblox.com/groups/902630219,56281,MytiDev,https://www.roblox.com/users/4860692206/profile,,,,,,,,https://www.facebook.com/roblox/,All,8,10632666784,127375292594214,search:pro,2026-09-22 15:43
470,4-MID,NEW,[🍂FALL UPDATE] Work at a Police Station ,https://www.roblox.com/games/129480152008073/,YES,https://discord.gg/pvkJJR4MWh,Work at a Police Station,127,32,official game link,1320,1320,375123,,5729,900,363,71.3,3.52,117,2026-05-28,2026-09-22,Group,Arion Development,https://www.roblox.com/groups/35004089,672,MrDead_17,https://www.roblox.com/users/1750023655/profile,,,https://youtube.com/@Arion_Tech,,x.com/games,,,RobloxGroup:https://www.roblox.com/communities/35004089 | https://www.facebook.com/roblox/,All,8,10233011462,129480152008073,search:work,2026-09-22 15:42
380,4-MID,NEW,Be an Egg,https://www.roblox.com/games/75250668697932/,,,,,,,1840,1840,302348,,700,185,32,85.3,6.09,18,2026-09-04,2026-09-21,Group,ima spammer,https://www.roblox.com/groups/474803233,55487,Sonicho7153,https://www.roblox.com/users/5650059894/profile,,,,,,,,https://www.facebook.com/roblox/,All,5,10765061113,75250668697932,search:egg hunt,2026-09-22 15:43
362,4-MID,NEW,🌈 OPEN SAEM LUCKYBLOCK + MODZ,https://www.roblox.com/games/109811196191582/,,,,,,,898,898,382922,,35816,277,22,92.6,2.35,17,2026-09-05,2026-09-20,Group,I WILL ALWAYS WIN,https://www.roblox.com/groups/503676309,33067,Baamoo_games,https://www.roblox.com/users/9931125961/profile,,,,,,,,https://www.facebook.com/roblox/,All,7,10765201912,109811196191582,rec:10765032875,2026-09-22 15:43
361,4-MID,NEW,VeaYo Horror [ Beta ],https://www.roblox.com/games/116848510714023/,,https://discord.gg/dY7Dp3ng (UNVERIFIED/expired),,,,official group link: VeaYo City,1022,1022,477459,,1434,397,50,88.8,2.14,26,2026-08-27,2026-09-21,Group,VeaYo City,https://www.roblox.com/groups/1000457928,35006,Kear_206,https://www.roblox.com/users/8913515576/profile,,,,,,,,https://www.facebook.com/roblox/,All,100,10763193799,116848510714023,rec:10711787001,2026-09-22 15:43
266,4-MID,NEW,[🏨 FLOOR 4] Build a Hotel,https://www.roblox.com/games/123997124815203/,,,,,,,899,899,274060,,2772,681,187,78.5,3.28,61,2026-07-23,2026-09-21,Group,not a motel,https://www.roblox.com/groups/807384155,416,NoDripUsed,https://www.roblox.com/users/159927581/profile,,,,,,,,https://www.facebook.com/roblox/,All,6,10552149446,123997124815203,search:floor is lava,2026-09-22 15:43
263,4-MID,NEW,[UPD] +1 Wallrun Obby Escape,https://www.roblox.com/games/111731074208795/,,,,,,,878,878,334209,,885,444,87,83.6,2.63,34,2026-08-19,2026-09-14,Group,1001%,https://www.roblox.com/groups/640002427,97180,pdawgdev,https://www.roblox.com/users/618926524/profile,,,,,,,,https://www.facebook.com/roblox/,All,22,10739103116,111731074208795,creator:Group:640002427,2026-09-22 15:43
﻿priority_score,tier,new_this_run,title,game_url,has_discord,discord_url,discord_server,discord_members,discord_online,discord_via,active,peak_active_seen,visits,visits_growth_per_day,favorites,likes,dislikes,like_ratio,heat_active_per_1k_visits,age_days,created,last_updated,creator_type,creator_name,creator_url,group_members,owner_name,owner_url,owner_roblox_signal,discord_name_signal,youtube,tiktok,twitter_x,twitch,instagram,other_links,genre,max_players,universe_id,place_id,found_via,checked_at_utc
1416,1-BEST (MUST BUY),NEW,Draw Chaos Or Die! 🎨,https://www.roblox.com/games/114628449863206/,YES,https://discord.gg/7JQjksVnSn,HyperPlay,8325,755,owned group socials: Anything Ultimate Studios,117,117,35880,,79,4,16,20.0,3.26,12,2026-09-10,2026-09-22,Group,Over Forester,https://www.roblox.com/groups/1003429730,3799,demilo1935,https://www.roblox.com/users/423071506/profile,,,,,,,,https://www.facebook.com/roblox/,All,36,10765896728,114628449863206,seedfile:watchlist_history.csv,2026-09-22 19:08
1307,1-BEST (MUST BUY),NEW,Fling Playground,https://www.roblox.com/games/80038274908161/,YES,https://discord.gg/RNQNEUNMg2,People Bowling,26,10,owned group socials: Tele Car Fon Studio,274,274,12821,,71,40,9,81.6,21.37,259,2026-01-06,2026-09-22,Group,The Promised Flingers,https://www.roblox.com/groups/325238754,214,MrAvizzy,https://www.roblox.com/users/234383256/profile,,,,,,,,https://www.facebook.com/roblox/,All,32,9514625031,80038274908161,seedfile:watchlist_history.csv,2026-09-22 19:08
1162,1-BEST (MUST BUY),NEW,+1 Fill Water To Get Rich ,https://www.roblox.com/games/89210558526894/,,,,,,,110,110,8866,,33,15,7,68.2,12.41,27,2026-08-26,2026-09-21,Group,Negative CCU Experiences,https://www.roblox.com/groups/35578370,641,OfficialOofyy,https://www.roblox.com/users/1486646411/profile,YES,,,,,,,https://www.facebook.com/roblox/,All,10,10761865160,89210558526894,seedfile:watchlist_history.csv,2026-09-22 19:08
1146,1-BEST (MUST BUY),NEW,Dig & Hatch Animals!,https://www.roblox.com/games/82875060666566/,,,,,,,218,218,23849,,123,40,8,83.3,9.14,7,2026-09-15,2026-09-22,Group,Stick by stick,https://www.roblox.com/groups/544371533,111,DevExCollector,https://www.roblox.com/users/10874379744/profile,,,,,,,,https://www.facebook.com/roblox/,All,6,10766565939,82875060666566,seedfile:watchlist_history.csv,2026-09-22 19:08
1120,1-BEST (MUST BUY),NEW,Make a Story with Friends!📝,https://www.roblox.com/games/94544292226430/,,,,,,,134,134,33594,,2006,37,15,71.2,3.99,12,2026-09-10,2026-09-22,Group,Consequences with Friends!,https://www.roblox.com/groups/77190090,2735,qtjaq,https://www.roblox.com/users/1585130766/profile,,,,,,,,https://www.facebook.com/roblox/,All,36,10765849561,94544292226430,search:rainbow friends,2026-09-22 19:08
1116,1-BEST (MUST BUY),NEW,Catch An Anomaly! (SCP),https://www.roblox.com/games/120196075688302/,,https://discord.gg/thecorp (UNVERIFIED/expired),,,,owned group socials: The Corporation Game,121,121,38411,,108,12,5,70.6,3.15,6,2026-09-16,2026-09-22,Group,Just A Building,https://www.roblox.com/groups/951202668,2279,zedzada1,https://www.roblox.com/users/612680002/profile,,,,,,,,https://www.facebook.com/roblox/,All,5,10766652139,120196075688302,seedfile:watchlist_history.csv,2026-09-22 19:08
1114,1-BEST (MUST BUY),NEW,🍫 THE BEST CHOCOLATE KART  ,https://www.roblox.com/games/139032177988230/,,,,,,,106,106,37410,,134,34,7,82.9,2.83,22,2026-08-31,2026-09-01,Group,TeamGalaxy,https://www.roblox.com/groups/897376715,70,benthostheanci,https://www.roblox.com/users/7951265936/profile,,,,,,,,https://www.facebook.com/roblox/,All,10,10764579107,139032177988230,search:best,2026-09-22 19:08
1023,1-BEST (MUST BUY),NEW,Gnomes! [Steal & Escape],https://www.roblox.com/games/103331563595376/,,,,,,,168,168,37232,,412,44,8,84.6,4.51,31,2026-08-22,2026-09-22,Group,Sneaky Gnomes,https://www.roblox.com/groups/4975981,469,aliberk2006,https://www.roblox.com/users/124856737/profile,,,,,,,,https://www.facebook.com/roblox/,All,20,10752833252,103331563595376,rec:10750672533,2026-09-22 19:08
1019,1-BEST (MUST BUY),NEW,[⭐] My KPOP Star World 🌎,https://www.roblox.com/games/113284644523133/,,,,,,,113,113,29239,,451,179,32,84.8,3.86,36,2026-08-17,2026-09-22,User,ShadowRay1711,https://www.roblox.com/users/138265387/profile,,ShadowRay1711,https://www.roblox.com/users/138265387/profile,,,,,,,,https://www.facebook.com/roblox/,All,8,10731426493,113284644523133,search:star rail,2026-09-22 19:08
626,3-GOOD,NEW,Portal Asylum,https://www.roblox.com/games/102570362207432/,,,,,,,830,830,160044,,2194,895,160,84.8,5.19,27,2026-08-26,2026-09-22,Group,PalmerGames,https://www.roblox.com/groups/938422049,1459,tyff0n,https://www.roblox.com/users/177044272/profile,,,,,,,,https://www.facebook.com/roblox/,All,25,10762775939,102570362207432,search:item asylum,2026-09-22 19:08
375,4-MID,NEW,Steal all Cars,https://www.roblox.com/games/94846670791126/,,https://discord.gg/qSkAAwXVU5 (UNVERIFIED/expired),,,,official group link: Steal all Cars,2403,2403,474114,,5829,5239,98,98.2,5.07,28,2026-08-25,2026-09-22,Group,Steal all Cars,https://www.roblox.com/groups/306568926,53058,iCrimax7777777,https://www.roblox.com/users/2968949134/profile,,,,,,,,https://www.facebook.com/roblox/,All,8,10761143648,94846670791126,seedfile:watchlist_history.csv,2026-09-22 19:08
﻿priority_score,tier,new_this_run,title,game_url,has_discord,discord_url,discord_server,discord_members,discord_online,discord_via,active,peak_active_seen,visits,visits_growth_per_day,favorites,likes,dislikes,like_ratio,heat_active_per_1k_visits,age_days,created,last_updated,creator_type,creator_name,creator_url,group_members,owner_name,owner_url,owner_roblox_signal,discord_name_signal,youtube,tiktok,twitter_x,twitch,instagram,other_links,genre,max_players,universe_id,place_id,found_via,checked_at_utc
1414,1-BEST (MUST BUY),NEW,Draw Chaos Or Die! 🎨,https://www.roblox.com/games/114628449863206/,YES,https://discord.gg/7JQjksVnSn,HyperPlay,8325,738,owned group socials: Anything Ultimate Studios,105,105,36250,,79,4,16,20.0,2.9,12,2026-09-10,2026-09-22,Group,Over Forester,https://www.roblox.com/groups/1003429730,3800,demilo1935,https://www.roblox.com/users/423071506/profile,,,,,,,,https://www.facebook.com/roblox/,All,36,10765896728,114628449863206,seedfile:watchlist_history.csv,2026-09-22 19:26
1360,1-BEST (MUST BUY),NEW,"Survive, Shoot or Kill!",https://www.roblox.com/games/138481608927983/,YES,https://discord.gg/meK9Y4FccP,Murder Mystery Hub,1001,28,official game link,208,208,26226,,1294,4,3,57.1,7.93,23,2026-08-30,2026-09-02,Group,MMH Creations,https://www.roblox.com/groups/35271540,38,MurderMysteryHub,https://www.roblox.com/users/7643231675/profile,,,,,,,,https://www.facebook.com/roblox/,All,12,10764427728,138481608927983,search:survive and kill,2026-09-22 19:26
1320,1-BEST (MUST BUY),NEW,[TIME CHAMBER] Anime Ascension,https://www.roblox.com/games/118259564862001/,YES,https://discord.gg/animeascension,Anime Ascension,3962,1166,official game link,236,236,28762,,709,71,3,95.9,8.21,164,2026-04-11,2026-09-22,Group,AnimeAscensions,https://www.roblox.com/groups/204824659,1923,AdarshDev,https://www.roblox.com/users/3065476930/profile,,,https://youtube.com/@AdarshDev63,,https://x.com/AdarshDev_,,,https://www.facebook.com/roblox/,All,10,10018160860,118259564862001,search:anime last stand,2026-09-22 19:26
1247,1-BEST (MUST BUY),NEW,Fling Playground,https://www.roblox.com/games/80038274908161/,YES,https://discord.gg/EpQD8WaK3m,Fling Playground,184,47,official game link,113,113,13124,,72,40,9,81.6,8.61,259,2026-01-06,2026-09-22,Group,The Promised Flingers,https://www.roblox.com/groups/325238754,214,MrAvizzy,https://www.roblox.com/users/234383256/profile,,,,,,,,https://www.facebook.com/roblox/,All,32,9514625031,80038274908161,seedfile:watchlist_history.csv,2026-09-22 19:26
1134,1-BEST (MUST BUY),NEW,Catch An Anomaly! (SCP),https://www.roblox.com/games/120196075688302/,,https://discord.gg/thecorp (UNVERIFIED/expired),,,,owned group socials: The Corporation Game,267,267,38980,,108,12,5,70.6,6.85,6,2026-09-16,2026-09-22,Group,Just A Building,https://www.roblox.com/groups/951202668,2318,zedzada1,https://www.roblox.com/users/612680002/profile,,,,,,,,RobloxGroup:https://www.roblox.com/communities/951202668 | https://www.facebook.com/roblox/,All,5,10766652139,120196075688302,seedfile:watchlist_history.csv,2026-09-22 19:26
﻿priority_score,tier,new_this_run,title,game_url,has_discord,discord_url,discord_server,discord_members,discord_online,discord_via,active,peak_active_seen,visits,visits_growth_per_day,favorites,likes,dislikes,like_ratio,heat_active_per_1k_visits,age_days,created,last_updated,creator_type,creator_name,creator_url,group_members,owner_name,owner_url,owner_roblox_signal,discord_name_signal,youtube,tiktok,twitter_x,twitch,instagram,other_links,genre,max_players,universe_id,place_id,found_via,checked_at_utc
1155,1-BEST (MUST BUY),NEW,Crack the Egg 🥚,https://www.roblox.com/games/137477934962022/,,,,,,,146,146,13224,,98,54,12,81.8,11.04,2,2026-09-20,2026-09-22,Group,egg shell games,https://www.roblox.com/groups/425557435,81,Lord_Fawful,https://www.roblox.com/users/156387098/profile,,,,,,,,https://www.facebook.com/roblox/,All,20,10767240772,137477934962022,search:🥚,2026-09-22 19:39
﻿priority_score,tier,new_this_run,title,game_url,has_discord,discord_url,discord_server,discord_members,discord_online,discord_via,active,peak_active_seen,visits,visits_growth_per_day,favorites,likes,dislikes,like_ratio,heat_active_per_1k_visits,age_days,created,last_updated,creator_type,creator_name,creator_url,group_members,owner_name,owner_url,owner_roblox_signal,discord_name_signal,youtube,tiktok,twitter_x,twitch,instagram,other_links,genre,max_players,universe_id,place_id,found_via,checked_at_utc
1502,1-BEST (MUST BUY),NEW,Kick A Verity,https://www.roblox.com/games/86195439369324/,YES,https://discord.gg/gq6jW3cPzZ,The Net Dump,88,23,owned group socials: The Net Dump,170,170,1917,,10,14,5,73.7,88.68,4,2026-09-18,2026-09-22,User,st2zi,https://www.roblox.com/users/504124218/profile,,st2zi,https://www.roblox.com/users/504124218/profile,,,,,,,,https://www.facebook.com/roblox/,All,16,10766869774,86195439369324,search:kick,2026-09-22 20:11
1045,1-BEST (MUST BUY),NEW,Save The Noob,https://www.roblox.com/games/101583527779250/,,,,,,,167,167,18586,,109,51,16,76.1,8.99,31,2026-08-21,2026-09-22,User,Novabacons67,https://www.roblox.com/users/5372149612/profile,,Novabacons67,https://www.roblox.com/users/5372149612/profile,,,,,,,,https://www.facebook.com/roblox/,All,6,10750652777,101583527779250,search:noob,2026-09-22 20:11
745,3-GOOD,NEW,[UPDATE4] Light Incremental,https://www.roblox.com/games/125918020848095/,YES,https://discord.gg/6DGMReVr5G,Eternal Sparks,668,191,official game link,1009,1009,158577,,1010,382,151,71.7,6.36,47,2026-08-05,2026-09-19,User,martineetje,https://www.roblox.com/users/685628421/profile,,martineetje,https://www.roblox.com/users/685628421/profile,,,,,x.com/games,,,https://www.facebook.com/roblox/,All,6,10638229453,125918020848095,search:red light green light,2026-09-22 20:11
﻿priority_score,tier,new_this_run,title,game_url,has_discord,discord_url,discord_server,discord_members,discord_online,discord_via,active,peak_active_seen,visits,visits_growth_per_day,favorites,likes,dislikes,like_ratio,heat_active_per_1k_visits,age_days,created,last_updated,creator_type,creator_name,creator_url,group_members,owner_name,owner_url,owner_roblox_signal,discord_name_signal,youtube,tiktok,twitter_x,twitch,instagram,other_links,genre,max_players,universe_id,place_id,found_via,checked_at_utc
1477,1-BEST (MUST BUY),NEW,[Pokemon Brick Bronze] [Roria Reborn],https://www.roblox.com/games/73559805649257/,YES,https://discord.gg/KRYBpQqYtX,Roria Reborn,16510,1905,official game link,109,109,7035,,489,27,2,93.1,15.49,1,2026-09-21,2026-09-21,User,dulopsinframe,https://www.roblox.com/users/8843721523/profile,,dulopsinframe,https://www.roblox.com/users/8843721523/profile,,,,,,,,https://www.facebook.com/roblox/,All,50,10767385784,73559805649257,seedfile:watchlist_history.csv,2026-09-22 20:38
1324,1-BEST (MUST BUY),NEW,The Rig Shift [HORROR],https://www.roblox.com/games/77697558686907/,YES,https://discord.gg/MxXppYqxWX,Artificial Fear,69,8,official group link: Artificial Fear,102,102,22238,,310,30,11,73.2,4.59,11,2026-09-11,2026-09-21,Group,Artificial Fear,https://www.roblox.com/groups/744312958,335621,projecting_drama,https://www.roblox.com/users/8512721410/profile,YES,,,,,,,https://www.facebook.com/roblox/,All,30,10765987152,77697558686907,search:titan shifting,2026-09-22 20:38
900,2-GREAT,NEW,[💸NOW] INFINITE DONATIONS SIMULATOR,https://www.roblox.com/games/116571242548932/,,,,,,,925,925,91773,,247,72,18,80.0,10.08,27,2026-08-26,2026-09-19,Group,What is the game?,https://www.roblox.com/groups/1052970903,19133,pencnwckwbdnci,https://www.roblox.com/users/10694499537/profile,,,,,,,,https://www.facebook.com/roblox/,All,28,10761878132,116571242548932,seedfile:watchlist_history.csv,2026-09-22 20:38
﻿priority_score,tier,new_this_run,title,game_url,has_discord,discord_url,discord_server,discord_members,discord_online,discord_via,active,peak_active_seen,visits,visits_growth_per_day,favorites,likes,dislikes,like_ratio,heat_active_per_1k_visits,age_days,created,last_updated,creator_type,creator_name,creator_url,group_members,owner_name,owner_url,owner_roblox_signal,discord_name_signal,youtube,tiktok,twitter_x,twitch,instagram,other_links,genre,max_players,universe_id,place_id,found_via,checked_at_utc
1492,1-BEST (MUST BUY),NEW,[Pokemon Brick Bronze] [Roria Reborn],https://www.roblox.com/games/73559805649257/,YES,https://discord.gg/KRYBpQqYtX,Roria Reborn,16509,1912,official game link,137,137,7423,,532,29,2,93.5,18.46,1,2026-09-21,2026-09-21,User,dulopsinframe,https://www.roblox.com/users/8843721523/profile,,dulopsinframe,https://www.roblox.com/users/8843721523/profile,,,,,,,,https://www.facebook.com/roblox/,All,50,10767385784,73559805649257,seedfile:watchlist_history.csv,2026-09-22 21:08
1349,1-BEST (MUST BUY),NEW,[🔪] Closest Cut Wins!,https://www.roblox.com/games/129529965665867/,YES,https://discord.gg/ShN2cYy4nA,Charming Studio,36,9,official group link: Charming Studio,348,348,35769,,480,73,7,91.2,9.73,5,2026-09-17,2026-09-22,Group,Charming Studio,https://www.roblox.com/groups/34871454,4412,gozdziewiczo,https://www.roblox.com/users/635712152/profile,,,https://youtube.com/@HunterRobloxGame,,,,,https://www.facebook.com/roblox/,All,12,10766779959,129529965665867,seedfile:watchlist_history.csv,2026-09-22 21:09
1145,1-BEST (MUST BUY),NEW,Idle Block Miner,https://www.roblox.com/games/112908064680893/,,,,,,,140,140,15488,,63,10,5,66.7,9.04,11,2026-09-10,2026-09-15,Group,0 ccu Incrementals,https://www.roblox.com/groups/827222576,23,ItsMoonlet,https://www.roblox.com/users/311853904/profile,,,,,,,,https://www.facebook.com/roblox/,All,15,10765948619,112908064680893,search:idle miner,2026-09-22 21:09
1119,1-BEST (MUST BUY),NEW,Lift a Building!,https://www.roblox.com/games/119033351277264/,,,,,,,123,123,32910,,76,14,16,46.7,3.74,11,2026-09-11,2026-09-22,Group,Frogfish Games,https://www.roblox.com/groups/705917805,7,joshuathephilosopher,https://www.roblox.com/users/2032454357/profile,,,,,,,,https://www.facebook.com/roblox/,All,15,10765966073,119033351277264,seedfile:watchlist_history.csv,2026-09-22 21:08
﻿priority_score,tier,new_this_run,title,game_url,has_discord,discord_url,discord_server,discord_members,discord_online,discord_via,active,peak_active_seen,visits,visits_growth_per_day,favorites,likes,dislikes,like_ratio,heat_active_per_1k_visits,age_days,created,last_updated,creator_type,creator_name,creator_url,group_members,owner_name,owner_url,owner_roblox_signal,discord_name_signal,youtube,tiktok,twitter_x,twitch,instagram,other_links,genre,max_players,universe_id,place_id,found_via,checked_at_utc
1469,1-BEST (MUST BUY),NEW,[Pokemon Brick Bronze] [Roria Reborn],https://www.roblox.com/games/73559805649257/,YES,https://discord.gg/KRYBpQqYtX,Roria Reborn,16510,1876,official game link,107,107,7734,,559,29,2,93.5,13.84,1,2026-09-21,2026-09-21,User,dulopsinframe,https://www.roblox.com/users/8843721523/profile,,dulopsinframe,https://www.roblox.com/users/8843721523/profile,,,,,,,,https://www.facebook.com/roblox/,All,50,10767385784,73559805649257,seedfile:watchlist_history.csv,2026-09-22 21:39
1157,1-BEST (MUST BUY),NEW,👻The Headless Knight👻 (ADMIN FREE),https://www.roblox.com/games/116139877307296/,,,,,,,147,147,12847,,46,19,9,67.9,11.44,3,2026-09-19,2026-09-19,Group,dokiBrainrots,https://www.roblox.com/groups/645941071,8629,Devgamethanksroblox,https://www.roblox.com/users/9958279894/profile,,,,,,,,https://www.facebook.com/roblox/,All,15,10767017465,116139877307296,search:👻,2026-09-22 21:39
932,2-GREAT,NEW,Clean the Splash 🧼,https://www.roblox.com/games/91237183051534/,,,,,,,982,982,60080,,5033,86,17,83.5,16.34,10,2026-09-12,2026-09-22,Group,PULL IT !,https://www.roblox.com/groups/650944906,1507,DM1ner,https://www.roblox.com/users/3943057703/profile,,,,,,,,https://www.facebook.com/roblox/,All,16,10766107595,91237183051534,seedfile:watchlist_history.csv,2026-09-22 21:39
﻿priority_score,tier,new_this_run,title,game_url,has_discord,discord_url,discord_server,discord_members,discord_online,discord_via,active,peak_active_seen,visits,visits_growth_per_day,favorites,likes,dislikes,like_ratio,heat_active_per_1k_visits,age_days,created,last_updated,creator_type,creator_name,creator_url,group_members,owner_name,owner_url,owner_roblox_signal,discord_name_signal,youtube,tiktok,twitter_x,twitch,instagram,other_links,genre,max_players,universe_id,place_id,found_via,checked_at_utc
1321,1-BEST (MUST BUY),NEW,[🔪] Closest Cut Wins!,https://www.roblox.com/games/129529965665867/,YES,https://discord.gg/ShN2cYy4nA,Charming Studio,37,9,official group link: Charming Studio,152,152,36869,,492,75,7,91.5,4.12,5,2026-09-17,2026-09-22,Group,Charming Studio,https://www.roblox.com/groups/34871454,4470,gozdziewiczo,https://www.roblox.com/users/635712152/profile,,,https://youtube.com/@HunterRobloxGame,,,,,https://www.facebook.com/roblox/,All,12,10766779959,129529965665867,seedfile:watchlist_history.csv,2026-09-22 22:08
1124,1-BEST (MUST BUY),NEW,+1 Zombie Loot,https://www.roblox.com/games/87163173485532/,,,,,,,107,107,22466,,1229,17,4,81.0,4.76,9,2026-09-13,2026-09-22,Group,Zombie Blockers,https://www.roblox.com/groups/892789565,306,BreakingBlox,https://www.roblox.com/users/19831138/profile,,,,,,,,https://www.facebook.com/roblox/,All,8,10766252289,87163173485532,search:loot,2026-09-22 22:08
﻿priority_score,tier,new_this_run,title,game_url,has_discord,discord_url,discord_server,discord_members,discord_online,discord_via,active,peak_active_seen,visits,visits_growth_per_day,favorites,likes,dislikes,like_ratio,heat_active_per_1k_visits,age_days,created,last_updated,creator_type,creator_name,creator_url,group_members,owner_name,owner_url,owner_roblox_signal,discord_name_signal,youtube,tiktok,twitter_x,twitch,instagram,other_links,genre,max_players,universe_id,place_id,found_via,checked_at_utc
1461,1-BEST (MUST BUY),NEW,[Pokemon Brick Bronze] [Roria Reborn],https://www.roblox.com/games/73559805649257/,YES,https://discord.gg/KRYBpQqYtX,Roria Reborn,16513,1899,official game link,100,100,8148,,589,31,2,93.9,12.27,1,2026-09-21,2026-09-21,User,dulopsinframe,https://www.roblox.com/users/8843721523/profile,,dulopsinframe,https://www.roblox.com/users/8843721523/profile,,,,,,,,https://www.facebook.com/roblox/,All,50,10767385784,73559805649257,seedfile:watchlist_history.csv,2026-09-22 22:38
1232,1-BEST (MUST BUY),NEW,[🌱] Cut All The Grass!,https://www.roblox.com/games/131230974365486/,YES,https://discord.gg/4CHUN4uEBW,Cut All The Grass!,7,5,official game link,120,120,18910,,71,20,5,80.0,6.35,34,2026-08-19,2026-09-22,Group,Grass Cutters.,https://www.roblox.com/groups/955118797,551,B0redness,https://www.roblox.com/users/127307595/profile,,,,,,,,https://www.facebook.com/roblox/,All,12,10739829384,131230974365486,seedfile:watchlist_history.csv,2026-09-22 22:38
1058,1-BEST (MUST BUY),NEW, Merge a Business [🤑],https://www.roblox.com/games/86642700239241/,,,,,,,110,110,9554,,465,18,3,85.7,11.51,88,2026-06-26,2026-09-22,Group,Mogulix Studios,https://www.roblox.com/groups/271907985,671,vspeex,https://www.roblox.com/users/10614993574/profile,,,,,,,,https://www.facebook.com/roblox/,All,6,10399890514,86642700239241,search:bad business,2026-09-22 22:38
﻿priority_score,tier,new_this_run,title,game_url,has_discord,discord_url,discord_server,discord_members,discord_online,discord_via,active,peak_active_seen,visits,visits_growth_per_day,favorites,likes,dislikes,like_ratio,heat_active_per_1k_visits,age_days,created,last_updated,creator_type,creator_name,creator_url,group_members,owner_name,owner_url,owner_roblox_signal,discord_name_signal,youtube,tiktok,twitter_x,twitch,instagram,other_links,genre,max_players,universe_id,place_id,found_via,checked_at_utc
1468,1-BEST (MUST BUY),NEW,[Pokemon Brick Bronze] [Roria Reborn],https://www.roblox.com/games/73559805649257/,YES,https://discord.gg/KRYBpQqYtX,Roria Reborn,16514,1899,official game link,113,113,8328,,614,33,2,94.3,13.57,1,2026-09-21,2026-09-21,User,dulopsinframe,https://www.roblox.com/users/8843721523/profile,,dulopsinframe,https://www.roblox.com/users/8843721523/profile,,,,,,,,https://www.facebook.com/roblox/,All,50,10767385784,73559805649257,seedfile:watchlist_history.csv,2026-09-22 23:09
1317,1-BEST (MUST BUY),NEW,Ultimate Admin Tower🌟 [8 ROBUX],https://www.roblox.com/games/72314626134457/,YES,https://discord.gg/Q7ZKmxb3kW,Floody Ventures,38,5,owned group socials: Wonder Towers,102,102,30526,,52,7,1,87.5,3.34,3,2026-09-19,2026-09-21,Group,Penguin Pavilion,https://www.roblox.com/groups/530732032,1080473,tonyglavin12,https://www.roblox.com/users/178071218/profile,,,,,,,,https://www.facebook.com/roblox/,All,38,10766989867,72314626134457,search:🌟,2026-09-22 23:09
591,4-MID,NEW,Swapsaken : Continued [ALPHA],https://www.roblox.com/games/116038495041518/,YES,https://discord.gg/SmxQ9JsTQ6,Swapsaken : Continued,302,52,official game link,2088,2088,294566,,5943,597,446,57.2,7.09,25,2026-08-28,2026-09-22,Group,Swapsaken Development Team,https://www.roblox.com/groups/11073043,17,ManipulatorTime,https://www.roblox.com/users/113903544/profile,,,https://youtube.com/channel/UCpcKfcu3ktSAA6YBisTbdSg,,,,,https://www.facebook.com/roblox/,All,9,10763843512,116038495041518,search:alpha,2026-09-22 23:09
﻿priority_score,tier,new_this_run,title,game_url,has_discord,discord_url,discord_server,discord_members,discord_online,discord_via,active,peak_active_seen,visits,visits_growth_per_day,favorites,likes,dislikes,like_ratio,heat_active_per_1k_visits,age_days,created,last_updated,creator_type,creator_name,creator_url,group_members,owner_name,owner_url,owner_roblox_signal,discord_name_signal,youtube,tiktok,twitter_x,twitch,instagram,other_links,genre,max_players,universe_id,place_id,found_via,checked_at_utc
1235,1-BEST (MUST BUY),NEW,Build A Boat For Eggs,https://www.roblox.com/games/129373777684274/,,,,,,,273,273,10081,,54,32,7,82.1,27.08,10,2026-09-12,2026-09-22,Group,That yellow light,https://www.roblox.com/groups/968037931,66,HugeWaII,https://www.roblox.com/users/7322885447/profile,,,,,,,,https://www.facebook.com/roblox/,All,7,10766180711,129373777684274,seedfile:watchlist_history.csv,2026-09-22 23:39
1015,1-BEST (MUST BUY),NEW,[FPS] Block Arena,https://www.roblox.com/games/84321055383015/,,,,,,,116,116,38205,,135,23,11,67.6,3.04,120,2026-05-25,2026-09-22,Group,Blacktrace,https://www.roblox.com/groups/75745421,1795,Dreycina,https://www.roblox.com/users/1637669130/profile,,,,,,,,https://www.facebook.com/roblox/,All,8,10222462778,84321055383015,seedfile:watchlist_history.csv,2026-09-22 23:39
﻿priority_score,tier,new_this_run,title,game_url,has_discord,discord_url,discord_server,discord_members,discord_online,discord_via,active,peak_active_seen,visits,visits_growth_per_day,favorites,likes,dislikes,like_ratio,heat_active_per_1k_visits,age_days,created,last_updated,creator_type,creator_name,creator_url,group_members,owner_name,owner_url,owner_roblox_signal,discord_name_signal,youtube,tiktok,twitter_x,twitch,instagram,other_links,genre,max_players,universe_id,place_id,found_via,checked_at_utc
1458,1-BEST (MUST BUY),NEW,[Pokemon Brick Bronze] [Roria Reborn],https://www.roblox.com/games/73559805649257/,YES,https://discord.gg/KRYBpQqYtX,Roria Reborn,16515,1899,official game link,103,103,8878,,647,34,2,94.4,11.6,1,2026-09-21,2026-09-21,User,dulopsinframe,https://www.roblox.com/users/8843721523/profile,,dulopsinframe,https://www.roblox.com/users/8843721523/profile,,,,,,,,https://www.facebook.com/roblox/,All,50,10767385784,73559805649257,seedfile:watchlist_history.csv,2026-09-23 00:09
1149,1-BEST (MUST BUY),NEW,Build A Boat For Eggs,https://www.roblox.com/games/129373777684274/,,,,,,,108,108,11085,,55,34,7,82.9,9.74,10,2026-09-12,2026-09-22,Group,That yellow light,https://www.roblox.com/groups/968037931,71,HugeWaII,https://www.roblox.com/users/7322885447/profile,,,,,,,,https://www.facebook.com/roblox/,All,7,10766180711,129373777684274,seedfile:watchlist_history.csv,2026-09-23 00:09
1124,1-BEST (MUST BUY),NEW,Piano Tiles,https://www.roblox.com/games/101999883467300/,,,,,,,105,105,22050,,366,23,23,50.0,4.76,5,2026-09-17,2026-09-21,Group,Music Tiles,https://www.roblox.com/groups/347788379,291,IDrainThree,https://www.roblox.com/users/3784357671/profile,,,,,,,,https://www.facebook.com/roblox/,All,25,10766845655,101999883467300,search:piano,2026-09-23 00:09
1121,1-BEST (MUST BUY),NEW,Reworken: Remastered,https://www.roblox.com/games/125328885809247/,,https://discord.gg/MXef477Ssf (UNVERIFIED/expired),,,,official game link,103,103,24353,,3717,872,40,95.6,4.23,23,2026-08-30,2026-09-22,Group,Reworken:Remastered,https://www.roblox.com/groups/853248348,168,XNotRevoltX,https://www.roblox.com/users/187539056/profile,,,,,,,,https://www.facebook.com/roblox/,All,9,10764486632,125328885809247,seedfile:watchlist_history.csv,2026-09-23 00:09
1030,1-BEST (MUST BUY),NEW,[🍊] Steal a Fruit Novel ,https://www.roblox.com/games/77540433768990/,,,,,,,170,170,28029,,2377,124,11,91.9,6.07,41,2026-08-12,2026-09-22,User,Diaz_Studio,https://www.roblox.com/users/9709990204/profile,,Diaz_Studio,https://www.roblox.com/users/9709990204/profile,,,,,,,,https://www.facebook.com/roblox/,All,8,10684650163,77540433768990,search:fruits,2026-09-23 00:09
1026,1-BEST (MUST BUY),NEW,[🌱] Cut All The Grass!,https://www.roblox.com/games/131230974365486/,,,,,,,101,101,19694,,73,20,5,80.0,5.13,34,2026-08-19,2026-09-22,Group,Grass Cutters.,https://www.roblox.com/groups/955118797,566,B0redness,https://www.roblox.com/users/127307595/profile,,,,,,,,https://www.facebook.com/roblox/,All,12,10739829384,131230974365486,seedfile:watchlist_history.csv,2026-09-23 00:09
﻿priority_score,tier,new_this_run,title,game_url,has_discord,discord_url,discord_server,discord_members,discord_online,discord_via,active,peak_active_seen,visits,visits_growth_per_day,favorites,likes,dislikes,like_ratio,heat_active_per_1k_visits,age_days,created,last_updated,creator_type,creator_name,creator_url,group_members,owner_name,owner_url,owner_roblox_signal,discord_name_signal,youtube,tiktok,twitter_x,twitch,instagram,other_links,genre,max_players,universe_id,place_id,found_via,checked_at_utc
362,4-MID,NEW,Cut it Out!,https://www.roblox.com/games/97248134864084/,,,,,,,1072,1072,452541,,3723,577,126,82.1,2.37,13,2026-09-09,2026-09-21,Group,party fun games.,https://www.roblox.com/groups/760397981,13575,Lord_Fawful,https://www.roblox.com/users/156387098/profile,,,,,,,,https://www.facebook.com/roblox/,All,70,10765764482,97248134864084,search:no,2026-09-23 00:39
﻿priority_score,tier,new_this_run,title,game_url,has_discord,discord_url,discord_server,discord_members,discord_online,discord_via,active,peak_active_seen,visits,visits_growth_per_day,favorites,likes,dislikes,like_ratio,heat_active_per_1k_visits,age_days,created,last_updated,creator_type,creator_name,creator_url,group_members,owner_name,owner_url,owner_roblox_signal,discord_name_signal,youtube,tiktok,twitter_x,twitch,instagram,other_links,genre,max_players,universe_id,place_id,found_via,checked_at_utc
1226,1-BEST (MUST BUY),NEW,[🌱] Cut All The Grass!,https://www.roblox.com/games/131230974365486/,YES,https://discord.gg/4CHUN4uEBW,Cut All The Grass!,7,6,official game link,102,102,20097,,73,20,5,80.0,5.08,34,2026-08-19,2026-09-22,Group,Grass Cutters.,https://www.roblox.com/groups/955118797,576,B0redness,https://www.roblox.com/users/127307595/profile,,,,,,,,https://www.facebook.com/roblox/,All,12,10739829384,131230974365486,seedfile:watchlist_history.csv,2026-09-23 00:49
1152,1-BEST (MUST BUY),NEW,Build A Boat For Eggs,https://www.roblox.com/games/129373777684274/,,,,,,,121,121,11653,,59,36,7,83.7,10.38,10,2026-09-12,2026-09-22,Group,That yellow light,https://www.roblox.com/groups/968037931,76,HugeWaII,https://www.roblox.com/users/7322885447/profile,,,,,,,,https://www.facebook.com/roblox/,All,7,10766180711,129373777684274,seedfile:watchlist_history.csv,2026-09-23 00:49
732,3-GOOD,NEW,[⚽] Blue Lock Farm,https://www.roblox.com/games/132767904294856/,YES,https://discord.gg/Vrbqqbhzpa,⚽ Blue Lock Farm,323,74,official game link,976,976,192634,,8083,712,18,97.5,5.07,39,2026-08-14,2026-09-22,Group,Finding Illusions,https://www.roblox.com/groups/425964032,5596,triixys,https://www.roblox.com/users/28638922/profile,,,,,,,,https://www.facebook.com/roblox/,All,8,10700618962,132767904294856,search:blue lock rivals,2026-09-23 00:49
362,4-MID,NEW,Cut it Out!,https://www.roblox.com/games/97248134864084/,,,,,,,1100,1100,453789,,3733,578,127,82.0,2.42,13,2026-09-09,2026-09-21,Group,party fun games.,https://www.roblox.com/groups/760397981,13608,Lord_Fawful,https://www.roblox.com/users/156387098/profile,,,,,,,,https://www.facebook.com/roblox/,All,70,10765764482,97248134864084,search:no,2026-09-23 00:49
﻿priority_score,tier,new_this_run,title,game_url,has_discord,discord_url,discord_server,discord_members,discord_online,discord_via,active,peak_active_seen,visits,visits_growth_per_day,favorites,likes,dislikes,like_ratio,heat_active_per_1k_visits,age_days,created,last_updated,creator_type,creator_name,creator_url,group_members,owner_name,owner_url,owner_roblox_signal,discord_name_signal,youtube,tiktok,twitter_x,twitch,instagram,other_links,genre,max_players,universe_id,place_id,found_via,checked_at_utc
1501,1-BEST (MUST BUY),NEW,[🔥RELEASE🔥] Card Battles: Prestige,https://www.roblox.com/games/77811814730971/,YES,https://discord.gg/bykyvDTU,Card Battles: Prestige,44,20,official game link,101,101,1654,,11,21,1,95.5,61.06,28,2026-08-26,2026-09-22,User,Gabebeast9,https://www.roblox.com/users/140687603/profile,,Gabebeast9,https://www.roblox.com/users/140687603/profile,,,,,,,,https://www.facebook.com/roblox/,All,20,10761711227,77811814730971,seedfile:watchlist_history.csv,2026-09-23 01:09
﻿priority_score,tier,new_this_run,title,game_url,has_discord,discord_url,discord_server,discord_members,discord_online,discord_via,active,peak_active_seen,visits,visits_growth_per_day,favorites,likes,dislikes,like_ratio,heat_active_per_1k_visits,age_days,created,last_updated,creator_type,creator_name,creator_url,group_members,owner_name,owner_url,owner_roblox_signal,discord_name_signal,youtube,tiktok,twitter_x,twitch,instagram,other_links,genre,max_players,universe_id,place_id,found_via,checked_at_utc
1501,1-BEST (MUST BUY),NEW,[🔥RELEASE🔥] Card Battles: Prestige,https://www.roblox.com/games/77811814730971/,YES,https://discord.gg/bykyvDTU,Card Battles: Prestige,51,22,official game link,107,107,1689,,11,21,1,95.5,63.35,28,2026-08-26,2026-09-23,User,Gabebeast9,https://www.roblox.com/users/140687603/profile,,Gabebeast9,https://www.roblox.com/users/140687603/profile,,,,,,,,https://www.facebook.com/roblox/,All,20,10761711227,77811814730971,seedfile:watchlist_history.csv,2026-09-23 01:39
1227,1-BEST (MUST BUY),NEW,[🌱] Cut All The Grass!,https://www.roblox.com/games/131230974365486/,YES,https://discord.gg/4CHUN4uEBW,Cut All The Grass!,7,5,official game link,111,111,20610,,74,19,6,76.0,5.39,34,2026-08-19,2026-09-22,Group,Grass Cutters.,https://www.roblox.com/groups/955118797,587,B0redness,https://www.roblox.com/users/127307595/profile,,,,,,,,https://www.facebook.com/roblox/,All,12,10739829384,131230974365486,seedfile:watchlist_history.csv,2026-09-23 01:39
1146,1-BEST (MUST BUY),NEW,Film Animals [1-4 Player],https://www.roblox.com/games/137095720966003/,,,,,,,113,113,12363,,182,78,6,92.9,9.14,8,2026-09-14,2026-09-22,Group,ChrisBacker1993,https://www.roblox.com/groups/440749963,546,arigamehh,https://www.roblox.com/users/8203056013/profile,,,,,,,,https://www.facebook.com/roblox/,All,25,10766395909,137095720966003,search:sci fi,2026-09-23 01:39
﻿priority_score,tier,new_this_run,title,game_url,has_discord,discord_url,discord_server,discord_members,discord_online,discord_via,active,peak_active_seen,visits,visits_growth_per_day,favorites,likes,dislikes,like_ratio,heat_active_per_1k_visits,age_days,created,last_updated,creator_type,creator_name,creator_url,group_members,owner_name,owner_url,owner_roblox_signal,discord_name_signal,youtube,tiktok,twitter_x,twitch,instagram,other_links,genre,max_players,universe_id,place_id,found_via,checked_at_utc
1501,1-BEST (MUST BUY),NEW,[🔥RELEASE🔥] Card Battles: Prestige,https://www.roblox.com/games/77811814730971/,YES,https://discord.gg/bykyvDTU,Card Battles: Prestige,55,24,official game link,106,106,1747,,12,22,1,95.7,60.68,28,2026-08-26,2026-09-23,User,Gabebeast9,https://www.roblox.com/users/140687603/profile,,Gabebeast9,https://www.roblox.com/users/140687603/profile,,,,,,,,https://www.facebook.com/roblox/,All,20,10761711227,77811814730971,seedfile:watchlist_history.csv,2026-09-23 02:08
1310,1-BEST (MUST BUY),NEW,Slime Empire 🟢,https://www.roblox.com/games/95693278087519/,YES,https://discord.gg/5pgqgVpUwT,Slime Empire,3,2,official game link,163,163,7394,,30,13,2,86.7,22.04,67,2026-07-17,2026-09-23,Group,Shallowz Studio,https://www.roblox.com/groups/35933651,236,ShallowzD03,https://www.roblox.com/users/51451294/profile,,,,,,,,https://www.facebook.com/roblox/,All,6,10518506833,95693278087519,search:slime isekai,2026-09-23 02:08
1142,1-BEST (MUST BUY),NEW,Build A Boat For Eggs,https://www.roblox.com/games/129373777684274/,,,,,,,106,106,12631,,61,41,7,85.4,8.39,10,2026-09-12,2026-09-22,Group,That yellow light,https://www.roblox.com/groups/968037931,85,HugeWaII,https://www.roblox.com/users/7322885447/profile,,,,,,,,https://www.facebook.com/roblox/,All,7,10766180711,129373777684274,seedfile:watchlist_history.csv,2026-09-23 02:08
﻿priority_score,tier,new_this_run,title,game_url,has_discord,discord_url,discord_server,discord_members,discord_online,discord_via,active,peak_active_seen,visits,visits_growth_per_day,favorites,likes,dislikes,like_ratio,heat_active_per_1k_visits,age_days,created,last_updated,creator_type,creator_name,creator_url,group_members,owner_name,owner_url,owner_roblox_signal,discord_name_signal,youtube,tiktok,twitter_x,twitch,instagram,other_links,genre,max_players,universe_id,place_id,found_via,checked_at_utc
1501,1-BEST (MUST BUY),NEW,[🔥RELEASE🔥] Card Battles: Prestige,https://www.roblox.com/games/77811814730971/,YES,https://discord.gg/bykyvDTU,Card Battles: Prestige,60,28,official game link,104,104,1906,,12,23,1,95.8,54.56,28,2026-08-26,2026-09-23,User,Gabebeast9,https://www.roblox.com/users/140687603/profile,,Gabebeast9,https://www.roblox.com/users/140687603/profile,,,,,,,,https://www.facebook.com/roblox/,All,20,10761711227,77811814730971,seedfile:watchlist_history.csv,2026-09-23 02:39
1224,1-BEST (MUST BUY),NEW,[🌱] Cut All The Grass!,https://www.roblox.com/games/131230974365486/,YES,https://discord.gg/4CHUN4uEBW,Cut All The Grass!,7,5,official game link,100,100,21123,,76,20,6,76.9,4.73,34,2026-08-19,2026-09-22,Group,Grass Cutters.,https://www.roblox.com/groups/955118797,605,B0redness,https://www.roblox.com/users/127307595/profile,,,,,,,,https://www.facebook.com/roblox/,All,12,10739829384,131230974365486,seedfile:watchlist_history.csv,2026-09-23 02:39
﻿priority_score,tier,new_this_run,title,game_url,has_discord,discord_url,discord_server,discord_members,discord_online,discord_via,active,peak_active_seen,visits,visits_growth_per_day,favorites,likes,dislikes,like_ratio,heat_active_per_1k_visits,age_days,created,last_updated,creator_type,creator_name,creator_url,group_members,owner_name,owner_url,owner_roblox_signal,discord_name_signal,youtube,tiktok,twitter_x,twitch,instagram,other_links,genre,max_players,universe_id,place_id,found_via,checked_at_utc
1501,1-BEST (MUST BUY),NEW,[🔥RELEASE🔥] Card Battles: Prestige,https://www.roblox.com/games/77811814730971/,YES,https://discord.gg/bykyvDTU,Card Battles: Prestige,65,32,official game link,109,109,1977,,12,23,1,95.8,55.13,28,2026-08-26,2026-09-23,User,Gabebeast9,https://www.roblox.com/users/140687603/profile,,Gabebeast9,https://www.roblox.com/users/140687603/profile,,,,,,,,https://www.facebook.com/roblox/,All,20,10761711227,77811814730971,seedfile:watchlist_history.csv,2026-09-23 03:08
1119,1-BEST (MUST BUY),NEW,Green River (UPDATE),https://www.roblox.com/games/119187457939329/,,,,,,,108,108,28885,,216,75,9,89.3,3.74,15,2026-09-07,2026-09-22,Group,tres seis productions,https://www.roblox.com/groups/974644098,196,monitogamerpro10,https://www.roblox.com/users/10914492429/profile,,,,,,,,https://www.facebook.com/roblox/,All,40,10765517263,119187457939329,seedfile:watchlist_history.csv,2026-09-23 03:08
﻿priority_score,tier,new_this_run,title,game_url,has_discord,discord_url,discord_server,discord_members,discord_online,discord_via,active,peak_active_seen,visits,visits_growth_per_day,favorites,likes,dislikes,like_ratio,heat_active_per_1k_visits,age_days,created,last_updated,creator_type,creator_name,creator_url,group_members,owner_name,owner_url,owner_roblox_signal,discord_name_signal,youtube,tiktok,twitter_x,twitch,instagram,other_links,genre,max_players,universe_id,place_id,found_via,checked_at_utc
1501,1-BEST (MUST BUY),NEW,[🔥RELEASE🔥] Card Battles: Prestige,https://www.roblox.com/games/77811814730971/,YES,https://discord.gg/bykyvDTU,Card Battles: Prestige,69,28,official game link,110,110,2044,,12,23,1,95.8,53.82,28,2026-08-26,2026-09-23,User,Gabebeast9,https://www.roblox.com/users/140687603/profile,,Gabebeast9,https://www.roblox.com/users/140687603/profile,,,,,,,,https://www.facebook.com/roblox/,All,20,10761711227,77811814730971,seedfile:watchlist_history.csv,2026-09-23 03:39
1266,1-BEST (MUST BUY),NEW,A Long Walk 🪓,https://www.roblox.com/games/85103892698583/,YES,https://discord.gg/vSbYuHK7rM,Banana TD,12,6,owned group socials: Banana Protectors,380,380,29079,,148,23,8,74.2,13.07,53,2026-07-31,2026-09-15,Group,KM Zero,https://www.roblox.com/groups/889939121,17,FIMUCH1,https://www.roblox.com/users/2564148786/profile,,,,,x.com/games,,,https://www.facebook.com/roblox/,All,25,10603675889,85103892698583,search:long,2026-09-23 03:39
1169,1-BEST (MUST BUY),NEW,Dig a Squishy Dumpling,https://www.roblox.com/games/90843974873938/,,,,,,,216,216,15699,,71,5,1,83.3,13.76,11,2026-09-11,2026-09-21,Group,Primorra Studios,https://www.roblox.com/groups/3237461,1244,Primorra_2021,https://www.roblox.com/users/2337962476/profile,,,,,,,,https://www.facebook.com/roblox/,All,9,10766054340,90843974873938,search:ores,2026-09-23 03:39
﻿priority_score,tier,new_this_run,title,game_url,has_discord,discord_url,discord_server,discord_members,discord_online,discord_via,active,peak_active_seen,visits,visits_growth_per_day,favorites,likes,dislikes,like_ratio,heat_active_per_1k_visits,age_days,created,last_updated,creator_type,creator_name,creator_url,group_members,owner_name,owner_url,owner_roblox_signal,discord_name_signal,youtube,tiktok,twitter_x,twitch,instagram,other_links,genre,max_players,universe_id,place_id,found_via,checked_at_utc
1501,1-BEST (MUST BUY),NEW,[🔥RELEASE🔥] Card Battles: Prestige,https://www.roblox.com/games/77811814730971/,YES,https://discord.gg/bykyvDTU,Card Battles: Prestige,73,31,official game link,111,111,2133,,13,24,1,96.0,52.04,28,2026-08-26,2026-09-23,User,Gabebeast9,https://www.roblox.com/users/140687603/profile,,Gabebeast9,https://www.roblox.com/users/140687603/profile,,,,,,,,https://www.facebook.com/roblox/,All,20,10761711227,77811814730971,seedfile:watchlist_history.csv,2026-09-23 04:09
﻿priority_score,tier,new_this_run,title,game_url,has_discord,discord_url,discord_server,discord_members,discord_online,discord_via,active,peak_active_seen,visits,visits_growth_per_day,favorites,likes,dislikes,like_ratio,heat_active_per_1k_visits,age_days,created,last_updated,creator_type,creator_name,creator_url,group_members,owner_name,owner_url,owner_roblox_signal,discord_name_signal,youtube,tiktok,twitter_x,twitch,instagram,other_links,genre,max_players,universe_id,place_id,found_via,checked_at_utc
1502,1-BEST (MUST BUY),NEW,[🔥RELEASE🔥] Card Battles: Prestige,https://www.roblox.com/games/77811814730971/,YES,https://discord.gg/bykyvDTU,Card Battles: Prestige,78,33,official game link,111,111,2228,,13,24,1,96.0,49.82,28,2026-08-26,2026-09-23,User,Gabebeast9,https://www.roblox.com/users/140687603/profile,,Gabebeast9,https://www.roblox.com/users/140687603/profile,,,,,,,,https://www.facebook.com/roblox/,All,20,10761711227,77811814730971,seedfile:watchlist_history.csv,2026-09-23 04:39
1333,1-BEST (MUST BUY),NEW,Dangerous Truck Indonesia,https://www.roblox.com/games/108647322308901/,YES,https://discord.gg/VqzcWvegRd,Bus Truck Indonesia,1,0,official game link,145,145,22042,,3899,8,1,88.9,6.58,8,2026-09-14,2026-09-22,Group,Bus Truck Indonesia,https://www.roblox.com/groups/862915640,5892,Kieru124,https://www.roblox.com/users/5541564144/profile,,,,,,,,https://www.facebook.com/roblox/,All,16,10766413480,108647322308901,seedfile:watchlist_history.csv,2026-09-23 04:39
﻿priority_score,tier,new_this_run,title,game_url,has_discord,discord_url,discord_server,discord_members,discord_online,discord_via,active,peak_active_seen,visits,visits_growth_per_day,favorites,likes,dislikes,like_ratio,heat_active_per_1k_visits,age_days,created,last_updated,creator_type,creator_name,creator_url,group_members,owner_name,owner_url,owner_roblox_signal,discord_name_signal,youtube,tiktok,twitter_x,twitch,instagram,other_links,genre,max_players,universe_id,place_id,found_via,checked_at_utc
1502,1-BEST (MUST BUY),NEW,[🔥RELEASE🔥] Card Battles: Prestige,https://www.roblox.com/games/77811814730971/,YES,https://discord.gg/bykyvDTU,Card Battles: Prestige,82,32,official game link,119,119,2312,,13,24,1,96.0,51.47,28,2026-08-26,2026-09-23,User,Gabebeast9,https://www.roblox.com/users/140687603/profile,,Gabebeast9,https://www.roblox.com/users/140687603/profile,,,,,,,,https://www.facebook.com/roblox/,All,20,10761711227,77811814730971,seedfile:watchlist_history.csv,2026-09-23 05:11
﻿priority_score,tier,new_this_run,title,game_url,has_discord,discord_url,discord_server,discord_members,discord_online,discord_via,active,peak_active_seen,visits,visits_growth_per_day,favorites,likes,dislikes,like_ratio,heat_active_per_1k_visits,age_days,created,last_updated,creator_type,creator_name,creator_url,group_members,owner_name,owner_url,owner_roblox_signal,discord_name_signal,youtube,tiktok,twitter_x,twitch,instagram,other_links,genre,max_players,universe_id,place_id,found_via,checked_at_utc
1502,1-BEST (MUST BUY),NEW,[🔥RELEASE🔥] Card Battles: Prestige,https://www.roblox.com/games/77811814730971/,YES,https://discord.gg/bykyvDTU,Card Battles: Prestige,84,35,official game link,124,124,2333,,13,25,1,96.2,53.15,28,2026-08-26,2026-09-23,User,Gabebeast9,https://www.roblox.com/users/140687603/profile,,Gabebeast9,https://www.roblox.com/users/140687603/profile,,,,,,,,https://www.facebook.com/roblox/,All,20,10761711227,77811814730971,seedfile:watchlist_history.csv,2026-09-23 05:19
1124,1-BEST (MUST BUY),NEW,[🎉] Steal Noob Lucky Blocks! 😈,https://www.roblox.com/games/98465782750182/,,,,,,,105,105,21497,,804,60,14,81.1,4.88,23,2026-08-30,2026-09-21,Group,Steal My Dabloons,https://www.roblox.com/groups/136543732,1088,HelxDesigns,https://www.roblox.com/users/689277747/profile,,,,,,,,https://www.facebook.com/roblox/,All,7,10764458279,98465782750182,seedfile:watchlist_history.csv,2026-09-23 05:19
﻿priority_score,tier,new_this_run,title,game_url,has_discord,discord_url,discord_server,discord_members,discord_online,discord_via,active,peak_active_seen,visits,visits_growth_per_day,favorites,likes,dislikes,like_ratio,heat_active_per_1k_visits,age_days,created,last_updated,creator_type,creator_name,creator_url,group_members,owner_name,owner_url,owner_roblox_signal,discord_name_signal,youtube,tiktok,twitter_x,twitch,instagram,other_links,genre,max_players,universe_id,place_id,found_via,checked_at_utc
1502,1-BEST (MUST BUY),NEW,[🔥RELEASE🔥] Card Battles: Prestige,https://www.roblox.com/games/77811814730971/,YES,https://discord.gg/ExqSCA4Y6d,Card Battles: Prestige,84,32,official game link,124,124,2390,,13,25,1,96.2,51.88,28,2026-08-26,2026-09-23,User,Gabebeast9,https://www.roblox.com/users/140687603/profile,,Gabebeast9,https://www.roblox.com/users/140687603/profile,,,,,,,,https://www.facebook.com/roblox/,All,20,10761711227,77811814730971,seedfile:watchlist_history.csv,2026-09-23 05:38
1215,1-BEST (MUST BUY),NEW,Blackridge Storage [HORROR],https://www.roblox.com/games/88147914030971/,YES,https://discord.gg/eRMadHgJ4f,BlackRidgeStorage,38,6,official game link,105,105,35772,,669,111,31,78.2,2.94,90,2026-06-24,2026-09-23,User,MasterRonan01,https://www.roblox.com/users/7149709447/profile,,MasterRonan01,https://www.roblox.com/users/7149709447/profile,,,,,,,,https://www.facebook.com/roblox/,All,30,10389304129,88147914030971,search:m,2026-09-23 05:38
1135,1-BEST (MUST BUY),NEW,Build A Boat For Eggs,https://www.roblox.com/games/129373777684274/,,,,,,,104,104,14872,,67,46,7,86.8,6.99,10,2026-09-12,2026-09-22,Group,That yellow light,https://www.roblox.com/groups/968037931,102,HugeWaII,https://www.roblox.com/users/7322885447/profile,,,,,,,,https://www.facebook.com/roblox/,All,7,10766180711,129373777684274,seedfile:watchlist_history.csv,2026-09-23 05:38
1135,1-BEST (MUST BUY),NEW,[🎉] Steal Noob Lucky Blocks! 😈,https://www.roblox.com/games/98465782750182/,,,,,,,153,153,21610,,818,60,14,81.1,7.08,23,2026-08-30,2026-09-21,Group,Steal My Dabloons,https://www.roblox.com/groups/136543732,1094,HelxDesigns,https://www.roblox.com/users/689277747/profile,,,,,,,,https://www.facebook.com/roblox/,All,7,10764458279,98465782750182,seedfile:watchlist_history.csv,2026-09-23 05:38
﻿priority_score,tier,new_this_run,title,game_url,has_discord,discord_url,discord_server,discord_members,discord_online,discord_via,active,peak_active_seen,visits,visits_growth_per_day,favorites,likes,dislikes,like_ratio,heat_active_per_1k_visits,age_days,created,last_updated,creator_type,creator_name,creator_url,group_members,owner_name,owner_url,owner_roblox_signal,discord_name_signal,youtube,tiktok,twitter_x,twitch,instagram,other_links,genre,max_players,universe_id,place_id,found_via,checked_at_utc
1502,1-BEST (MUST BUY),NEW,[🔥RELEASE🔥] Card Battles: Prestige,https://www.roblox.com/games/77811814730971/,YES,https://discord.gg/ExqSCA4Y6d,Card Battles: Prestige,88,37,official game link,109,109,2501,,13,25,1,96.2,43.58,28,2026-08-26,2026-09-23,User,Gabebeast9,https://www.roblox.com/users/140687603/profile,,Gabebeast9,https://www.roblox.com/users/140687603/profile,,,,,,,,https://www.facebook.com/roblox/,All,20,10761711227,77811814730971,seedfile:watchlist_history.csv,2026-09-23 06:08
1323,1-BEST (MUST BUY),NEW,Dangerous Truck Indonesia,https://www.roblox.com/games/108647322308901/,YES,https://discord.gg/VqzcWvegRd,Bus Truck Indonesia,1,0,official game link,108,108,23388,,4154,8,1,88.9,4.62,8,2026-09-14,2026-09-22,Group,Bus Truck Indonesia,https://www.roblox.com/groups/862915640,6252,Kieru124,https://www.roblox.com/users/5541564144/profile,,,,,,,,https://www.facebook.com/roblox/,All,16,10766413480,108647322308901,seedfile:watchlist_history.csv,2026-09-23 06:08
1139,1-BEST (MUST BUY),NEW,[🎉] Steal Noob Lucky Blocks! 😈,https://www.roblox.com/games/98465782750182/,,,,,,,172,172,21882,,840,61,14,81.3,7.86,23,2026-08-30,2026-09-21,Group,Steal My Dabloons,https://www.roblox.com/groups/136543732,1106,HelxDesigns,https://www.roblox.com/users/689277747/profile,,,,,,,,https://www.facebook.com/roblox/,All,7,10764458279,98465782750182,seedfile:watchlist_history.csv,2026-09-23 06:08
﻿priority_score,tier,new_this_run,title,game_url,has_discord,discord_url,discord_server,discord_members,discord_online,discord_via,active,peak_active_seen,visits,visits_growth_per_day,favorites,likes,dislikes,like_ratio,heat_active_per_1k_visits,age_days,created,last_updated,creator_type,creator_name,creator_url,group_members,owner_name,owner_url,owner_roblox_signal,discord_name_signal,youtube,tiktok,twitter_x,twitch,instagram,other_links,genre,max_players,universe_id,place_id,found_via,checked_at_utc
1502,1-BEST (MUST BUY),NEW,[🔥RELEASE🔥] Card Battles: Prestige,https://www.roblox.com/games/77811814730971/,YES,https://discord.gg/ExqSCA4Y6d,Card Battles: Prestige,91,35,official game link,110,110,2571,,14,26,1,96.3,42.78,28,2026-08-26,2026-09-23,User,Gabebeast9,https://www.roblox.com/users/140687603/profile,,Gabebeast9,https://www.roblox.com/users/140687603/profile,,,,,,,,https://www.facebook.com/roblox/,All,20,10761711227,77811814730971,seedfile:watchlist_history.csv,2026-09-23 06:38
1352,1-BEST (MUST BUY),NEW,[🥚] Crack The Egg,https://www.roblox.com/games/112019044591480/,YES,https://discord.gg/gBZhsu9n76,MaySam Studio,1741,248,official game link,101,101,29508,,139,74,159,31.8,3.42,5,2026-09-17,2026-09-23,Group,Lucky Experience,https://www.roblox.com/groups/15171942,2156,RbxStockLeys,https://www.roblox.com/users/3353214175/profile,,,,,https://x.com/samiYT13,,,https://www.facebook.com/roblox/,All,20,10766812244,112019044591480,search:🥚,2026-09-23 06:38
1135,1-BEST (MUST BUY),NEW,[🎉] Steal Noob Lucky Blocks! 😈,https://www.roblox.com/games/98465782750182/,,,,,,,154,154,22144,,868,61,14,81.3,6.95,23,2026-08-30,2026-09-21,Group,Steal My Dabloons,https://www.roblox.com/groups/136543732,1117,HelxDesigns,https://www.roblox.com/users/689277747/profile,,,,,,,,https://www.facebook.com/roblox/,All,7,10764458279,98465782750182,seedfile:watchlist_history.csv,2026-09-23 06:38
﻿priority_score,tier,new_this_run,title,game_url,has_discord,discord_url,discord_server,discord_members,discord_online,discord_via,active,peak_active_seen,visits,visits_growth_per_day,favorites,likes,dislikes,like_ratio,heat_active_per_1k_visits,age_days,created,last_updated,creator_type,creator_name,creator_url,group_members,owner_name,owner_url,owner_roblox_signal,discord_name_signal,youtube,tiktok,twitter_x,twitch,instagram,other_links,genre,max_players,universe_id,place_id,found_via,checked_at_utc
1502,1-BEST (MUST BUY),NEW,[🔥RELEASE🔥] Card Battles: Prestige,https://www.roblox.com/games/77811814730971/,YES,https://discord.gg/ExqSCA4Y6d,Card Battles: Prestige,95,39,official game link,110,110,2677,,15,26,1,96.3,41.09,28,2026-08-26,2026-09-23,User,Gabebeast9,https://www.roblox.com/users/140687603/profile,,Gabebeast9,https://www.roblox.com/users/140687603/profile,,,,,,,,https://www.facebook.com/roblox/,All,20,10761711227,77811814730971,seedfile:watchlist_history.csv,2026-09-23 07:08
1166,1-BEST (MUST BUY),NEW,[NEW] THALVORIA OBSTACLE,https://www.roblox.com/games/105393131132584/,,https://discord.gg/aJJQpHkHC (UNVERIFIED/expired),,,,official group link: THALVION COMMUNITY,113,113,8561,,39,42,31,57.5,13.2,23,2026-08-31,2026-09-21,Group,THALVION COMMUNITY,https://www.roblox.com/groups/1068834612,2198,Reallllmino30,https://www.roblox.com/users/8933187334/profile,,,,,,,,https://www.facebook.com/roblox/,All,40,10764563911,105393131132584,search:obstacle,2026-09-23 07:08
1138,1-BEST (MUST BUY),NEW,[🎉] Steal Noob Lucky Blocks! 😈,https://www.roblox.com/games/98465782750182/,,,,,,,172,172,22388,,894,61,14,81.3,7.68,23,2026-08-30,2026-09-21,Group,Steal My Dabloons,https://www.roblox.com/groups/136543732,1133,HelxDesigns,https://www.roblox.com/users/689277747/profile,,,,,,,,https://www.facebook.com/roblox/,All,7,10764458279,98465782750182,seedfile:watchlist_history.csv,2026-09-23 07:08
﻿priority_score,tier,new_this_run,title,game_url,has_discord,discord_url,discord_server,discord_members,discord_online,discord_via,active,peak_active_seen,visits,visits_growth_per_day,favorites,likes,dislikes,like_ratio,heat_active_per_1k_visits,age_days,created,last_updated,creator_type,creator_name,creator_url,group_members,owner_name,owner_url,owner_roblox_signal,discord_name_signal,youtube,tiktok,twitter_x,twitch,instagram,other_links,genre,max_players,universe_id,place_id,found_via,checked_at_utc
1486,1-BEST (MUST BUY),NEW,[🔥RELEASE🔥] Card Battles: Prestige,https://www.roblox.com/games/77811814730971/,YES,https://discord.gg/ExqSCA4Y6d,Card Battles: Prestige,97,38,official game link,103,103,2798,,15,27,1,96.4,36.81,28,2026-08-26,2026-09-23,User,Gabebeast9,https://www.roblox.com/users/140687603/profile,,Gabebeast9,https://www.roblox.com/users/140687603/profile,,,,,,,,https://www.facebook.com/roblox/,All,20,10761711227,77811814730971,seedfile:watchlist_history.csv,2026-09-23 07:38
1332,1-BEST (MUST BUY),NEW,Dangerous Truck Indonesia,https://www.roblox.com/games/108647322308901/,YES,https://discord.gg/VqzcWvegRd,Bus Truck Indonesia,1,0,official game link,160,160,24762,,4424,8,1,88.9,6.46,8,2026-09-14,2026-09-22,Group,Bus Truck Indonesia,https://www.roblox.com/groups/862915640,6660,Kieru124,https://www.roblox.com/users/5541564144/profile,,,,,,,,https://www.facebook.com/roblox/,All,16,10766413480,108647322308901,seedfile:watchlist_history.csv,2026-09-23 07:39
1148,1-BEST (MUST BUY),NEW,[🎉] Steal Noob Lucky Blocks! 😈,https://www.roblox.com/games/98465782750182/,,,,,,,218,218,22664,,915,61,14,81.3,9.62,23,2026-08-30,2026-09-21,Group,Steal My Dabloons,https://www.roblox.com/groups/136543732,1140,HelxDesigns,https://www.roblox.com/users/689277747/profile,,,,,,,,https://www.facebook.com/roblox/,All,7,10764458279,98465782750182,seedfile:watchlist_history.csv,2026-09-23 07:39
1137,1-BEST (MUST BUY),NEW,Build A Boat For Eggs,https://www.roblox.com/games/129373777684274/,,,,,,,123,123,16427,,70,48,7,87.3,7.49,10,2026-09-12,2026-09-22,Group,That yellow light,https://www.roblox.com/groups/968037931,113,HugeWaII,https://www.roblox.com/users/7322885447/profile,,,,,,,,https://www.facebook.com/roblox/,All,7,10766180711,129373777684274,seedfile:watchlist_history.csv,2026-09-23 07:39
﻿priority_score,tier,new_this_run,title,game_url,has_discord,discord_url,discord_server,discord_members,discord_online,discord_via,active,peak_active_seen,visits,visits_growth_per_day,favorites,likes,dislikes,like_ratio,heat_active_per_1k_visits,age_days,created,last_updated,creator_type,creator_name,creator_url,group_members,owner_name,owner_url,owner_roblox_signal,discord_name_signal,youtube,tiktok,twitter_x,twitch,instagram,other_links,genre,max_players,universe_id,place_id,found_via,checked_at_utc
1361,1-BEST (MUST BUY),NEW,[🎉] Steal Noob Lucky Blocks! 😈,https://www.roblox.com/games/98465782750182/,YES,https://discord.gg/KsazDKTfV6,Steal My Server,5,5,official game link,282,282,23036,,962,61,14,81.3,12.24,23,2026-08-30,2026-09-21,Group,Steal My Dabloons,https://www.roblox.com/groups/136543732,1158,HelxDesigns,https://www.roblox.com/users/689277747/profile,,,,,,,,RobloxGroup:https://www.roblox.com/communities/136543732 | https://www.facebook.com/roblox/,All,7,10764458279,98465782750182,seedfile:watchlist_history.csv,2026-09-23 08:09
1227,1-BEST (MUST BUY),NEW,🚗 Steal a Car & Drive,https://www.roblox.com/games/137304918059810/,YES,https://discord.gg/XvJNzP8PU,Steal a Car & Drive!,33,9,official game link,170,170,32646,,3995,35,8,81.4,5.21,41,2026-08-12,2026-09-23,Group,WalkingBanana,https://www.roblox.com/groups/843774907,3694,Lucaspergee,https://www.roblox.com/users/3016200676/profile,,,,,,,,https://www.facebook.com/roblox/,All,7,10689142661,137304918059810,search:🚗,2026-09-23 08:09
1136,1-BEST (MUST BUY),NEW,Build A Boat For Eggs,https://www.roblox.com/games/129373777684274/,,,,,,,122,122,16821,,70,50,7,87.7,7.25,10,2026-09-12,2026-09-22,Group,That yellow light,https://www.roblox.com/groups/968037931,117,HugeWaII,https://www.roblox.com/users/7322885447/profile,,,,,,,,https://www.facebook.com/roblox/,All,7,10766180711,129373777684274,seedfile:watchlist_history.csv,2026-09-23 08:09
1024,1-BEST (MUST BUY),NEW,[UPD] ROLL A DICE 🎲,https://www.roblox.com/games/110944866916441/,,,,,,,103,103,21531,,214,197,28,87.6,4.78,31,2026-08-22,2026-09-21,User,jzf25,https://www.roblox.com/users/88260150/profile,,jzf25,https://www.roblox.com/users/88260150/profile,,,,,,,,https://www.facebook.com/roblox/,All,6,10753862171,110944866916441,seedfile:watchlist_history.csv,2026-09-23 08:09
﻿priority_score,tier,new_this_run,title,game_url,has_discord,discord_url,discord_server,discord_members,discord_online,discord_via,active,peak_active_seen,visits,visits_growth_per_day,favorites,likes,dislikes,like_ratio,heat_active_per_1k_visits,age_days,created,last_updated,creator_type,creator_name,creator_url,group_members,owner_name,owner_url,owner_roblox_signal,discord_name_signal,youtube,tiktok,twitter_x,twitch,instagram,other_links,genre,max_players,universe_id,place_id,found_via,checked_at_utc
1470,1-BEST (MUST BUY),NEW,[🔥RELEASE🔥] Card Battles: Prestige,https://www.roblox.com/games/77811814730971/,YES,https://discord.gg/ExqSCA4Y6d,Card Battles: Prestige,102,39,official game link,101,101,3010,,15,27,1,96.4,33.55,28,2026-08-26,2026-09-23,User,Gabebeast9,https://www.roblox.com/users/140687603/profile,,Gabebeast9,https://www.roblox.com/users/140687603/profile,,,,,,,,https://www.facebook.com/roblox/,All,20,10761711227,77811814730971,seedfile:watchlist_history.csv,2026-09-23 08:39
1358,1-BEST (MUST BUY),NEW,[🎉] Steal Noob Lucky Blocks! 😈,https://www.roblox.com/games/98465782750182/,YES,https://discord.gg/KsazDKTfV6,Steal My Server,5,5,official game link,271,271,23542,,1010,63,14,81.8,11.51,23,2026-08-30,2026-09-21,Group,Steal My Dabloons,https://www.roblox.com/groups/136543732,1184,HelxDesigns,https://www.roblox.com/users/689277747/profile,,,,,,,,RobloxGroup:https://www.roblox.com/communities/136543732 | https://www.facebook.com/roblox/,All,7,10764458279,98465782750182,seedfile:watchlist_history.csv,2026-09-23 08:39
1160,1-BEST (MUST BUY),NEW,Don't Crush the Egg! 🐣,https://www.roblox.com/games/119807331718953/,,,,,,,179,179,14814,,1084,17,6,73.9,12.08,7,2026-09-15,2026-09-22,Group,BE GREEDY,https://www.roblox.com/groups/90285200,47,Xezlo,https://www.roblox.com/users/55984231/profile,,,,,,,,https://www.facebook.com/roblox/,All,6,10766611025,119807331718953,search:crush,2026-09-23 08:39
1148,1-BEST (MUST BUY),NEW,Dig & Forge,https://www.roblox.com/games/140306223646746/,,,,,,,111,111,11455,,49,8,4,66.7,9.69,7,2026-09-16,2026-09-23,Group,CutTree213,https://www.roblox.com/groups/246922724,1292,evergreen_962,https://www.roblox.com/users/7161870487/profile,,,,,,,,https://www.facebook.com/roblox/,All,6,10766651044,140306223646746,search:dig,2026-09-23 08:39
1057,1-BEST (MUST BUY),NEW,Too Hot! 🔥,https://www.roblox.com/games/101463665681929/,,https://discord.gg/WP7gqCGgcb (UNVERIFIED/expired),,,,owned group socials: XTTr_Studio,172,172,14984,,678,14,13,51.9,11.48,138,2026-05-08,2026-09-23,Group,2 Brothers Studio,https://www.roblox.com/groups/35657648,1748357,YvngZeYad,https://www.roblox.com/users/1652658127/profile,,,,,,,,https://www.facebook.com/roblox/,All,12,10136940453,101463665681929,seedfile:watchlist_history.csv,2026-09-23 08:39
1025,1-BEST (MUST BUY),NEW,[UPD] ROLL A DICE 🎲,https://www.roblox.com/games/110944866916441/,,,,,,,110,110,21664,,220,199,28,87.7,5.08,31,2026-08-22,2026-09-21,User,jzf25,https://www.roblox.com/users/88260150/profile,,jzf25,https://www.roblox.com/users/88260150/profile,,,,,,,,https://www.facebook.com/roblox/,All,6,10753862171,110944866916441,seedfile:watchlist_history.csv,2026-09-23 08:39
﻿priority_score,tier,new_this_run,title,game_url,has_discord,discord_url,discord_server,discord_members,discord_online,discord_via,active,peak_active_seen,visits,visits_growth_per_day,favorites,likes,dislikes,like_ratio,heat_active_per_1k_visits,age_days,created,last_updated,creator_type,creator_name,creator_url,group_members,owner_name,owner_url,owner_roblox_signal,discord_name_signal,youtube,tiktok,twitter_x,twitch,instagram,other_links,genre,max_players,universe_id,place_id,found_via,checked_at_utc
1357,1-BEST (MUST BUY),NEW,[🎉] Steal Noob Lucky Blocks! 😈,https://www.roblox.com/games/98465782750182/,YES,https://discord.gg/KsazDKTfV6,Steal My Server,5,5,official game link,273,273,24043,,1052,63,14,81.8,11.35,23,2026-08-30,2026-09-21,Group,Steal My Dabloons,https://www.roblox.com/groups/136543732,1204,HelxDesigns,https://www.roblox.com/users/689277747/profile,,,,,,,,RobloxGroup:https://www.roblox.com/communities/136543732 | https://www.facebook.com/roblox/,All,7,10764458279,98465782750182,seedfile:watchlist_history.csv,2026-09-23 09:08
﻿priority_score,tier,new_this_run,title,game_url,has_discord,discord_url,discord_server,discord_members,discord_online,discord_via,active,peak_active_seen,visits,visits_growth_per_day,favorites,likes,dislikes,like_ratio,heat_active_per_1k_visits,age_days,created,last_updated,creator_type,creator_name,creator_url,group_members,owner_name,owner_url,owner_roblox_signal,discord_name_signal,youtube,tiktok,twitter_x,twitch,instagram,other_links,genre,max_players,universe_id,place_id,found_via,checked_at_utc
1460,1-BEST (MUST BUY),NEW,[🔥RELEASE🔥] Card Battles: Prestige,https://www.roblox.com/games/77811814730971/,YES,https://discord.gg/ExqSCA4Y6d,Card Battles: Prestige,109,38,official game link,101,101,3194,,16,30,1,96.8,31.62,28,2026-08-26,2026-09-23,User,Gabebeast9,https://www.roblox.com/users/140687603/profile,,Gabebeast9,https://www.roblox.com/users/140687603/profile,,,,,,,,https://www.facebook.com/roblox/,All,20,10761711227,77811814730971,seedfile:watchlist_history.csv,2026-09-23 09:39
1366,1-BEST (MUST BUY),NEW,[🎉] Steal Noob Lucky Blocks! 😈,https://www.roblox.com/games/98465782750182/,YES,https://discord.gg/KsazDKTfV6,Steal My Server,5,5,official game link,322,322,24558,,1107,63,14,81.8,13.11,23,2026-08-30,2026-09-21,Group,Steal My Dabloons,https://www.roblox.com/groups/136543732,1224,HelxDesigns,https://www.roblox.com/users/689277747/profile,,,,,,,,RobloxGroup:https://www.roblox.com/communities/136543732 | https://www.facebook.com/roblox/,All,7,10764458279,98465782750182,seedfile:watchlist_history.csv,2026-09-23 09:40
1024,1-BEST (MUST BUY),NEW,[UPD] ROLL A DICE 🎲,https://www.roblox.com/games/110944866916441/,,,,,,,105,105,22024,,223,200,29,87.3,4.77,31,2026-08-22,2026-09-21,User,jzf25,https://www.roblox.com/users/88260150/profile,,jzf25,https://www.roblox.com/users/88260150/profile,,,,,,,,https://www.facebook.com/roblox/,All,6,10753862171,110944866916441,seedfile:watchlist_history.csv,2026-09-23 09:39
737,3-GOOD,NEW,Survive 66 Nights RPG,https://www.roblox.com/games/70534656283054/,YES,https://discord.gg/zNhfmxHjUh,DemoN Survival Studio,142,22,official game link,965,965,140314,,1464,1211,113,91.5,6.88,405,2025-08-14,2026-09-23,Group,DemoN Survival Studio,https://www.roblox.com/groups/34820361,2024,MaryShelleyF,https://www.roblox.com/users/7203415682/profile,,,,,,,,RobloxGroup:https://www.roblox.com/communities/34820361 | https://www.facebook.com/roblox/,All,25,8434116295,70534656283054,search:survive the night,2026-09-23 09:39
632,3-GOOD,NEW,Backflip for Animals!,https://www.roblox.com/games/88611017452341/,,https://discord.gg/SC7k34d9k (UNVERIFIED/expired),,,,owned group socials: EVERYDAY WE EAT GOOD,862,862,134928,,340,80,35,69.6,6.39,20,2026-09-02,2026-09-22,Group,Backflip for Animals,https://www.roblox.com/groups/1012176127,206,avoxuu,https://www.roblox.com/users/8646022159/profile,,,,,,,,https://www.facebook.com/roblox/,All,6,10764839604,88611017452341,seedfile:watchlist_history.csv,2026-09-23 09:40
573,4-MID,NEW,Football WORLD Manager '27,https://www.roblox.com/games/109658217029877/,YES,https://discord.gg/bZAqwqWn7,Football WORLD Manager,66,11,official game link,979,979,227071,,1569,328,57,85.2,4.31,25,2026-08-29,2026-09-22,Group,Cino Studios,https://www.roblox.com/groups/410424379,27375,cinodro,https://www.roblox.com/users/8711123/profile,,,,,x.com/communities,,,https://www.facebook.com/roblox/,All,1,10764300350,109658217029877,search:airline manager,2026-09-23 09:39
﻿priority_score,tier,new_this_run,title,game_url,has_discord,discord_url,discord_server,discord_members,discord_online,discord_via,active,peak_active_seen,visits,visits_growth_per_day,favorites,likes,dislikes,like_ratio,heat_active_per_1k_visits,age_days,created,last_updated,creator_type,creator_name,creator_url,group_members,owner_name,owner_url,owner_roblox_signal,discord_name_signal,youtube,tiktok,twitter_x,twitch,instagram,other_links,genre,max_players,universe_id,place_id,found_via,checked_at_utc
1468,1-BEST (MUST BUY),NEW,[🔥RELEASE🔥] Card Battles: Prestige,https://www.roblox.com/games/77811814730971/,YES,https://discord.gg/ExqSCA4Y6d,Card Battles: Prestige,112,45,official game link,108,108,3266,,16,30,1,96.8,33.07,28,2026-08-26,2026-09-23,User,Gabebeast9,https://www.roblox.com/users/140687603/profile,,Gabebeast9,https://www.roblox.com/users/140687603/profile,,,,,,,,https://www.facebook.com/roblox/,All,20,10761711227,77811814730971,seedfile:watchlist_history.csv,2026-09-23 10:06
1367,1-BEST (MUST BUY),NEW,[🎉] Steal Noob Lucky Blocks! 😈,https://www.roblox.com/games/98465782750182/,YES,https://discord.gg/KsazDKTfV6,Steal My Server,5,5,official game link,336,336,25052,,1153,64,14,82.1,13.41,23,2026-08-30,2026-09-21,Group,Steal My Dabloons,https://www.roblox.com/groups/136543732,1244,HelxDesigns,https://www.roblox.com/users/689277747/profile,,,,,,,,RobloxGroup:https://www.roblox.com/communities/136543732 | https://www.facebook.com/roblox/,All,7,10764458279,98465782750182,seedfile:watchlist_history.csv,2026-09-23 10:07
1132,1-BEST (MUST BUY),NEW,Build A Boat For Eggs,https://www.roblox.com/games/129373777684274/,,,,,,,117,117,18231,,75,53,7,88.3,6.42,10,2026-09-12,2026-09-22,Group,That yellow light,https://www.roblox.com/groups/968037931,131,HugeWaII,https://www.roblox.com/users/7322885447/profile,,,,,,,,https://www.facebook.com/roblox/,All,7,10766180711,129373777684274,seedfile:watchlist_history.csv,2026-09-23 10:06
1027,1-BEST (MUST BUY),NEW,[UPD] ROLL A DICE 🎲,https://www.roblox.com/games/110944866916441/,,,,,,,119,119,22185,,228,201,29,87.4,5.36,31,2026-08-22,2026-09-21,User,jzf25,https://www.roblox.com/users/88260150/profile,,jzf25,https://www.roblox.com/users/88260150/profile,,,,,,,,https://www.facebook.com/roblox/,All,6,10753862171,110944866916441,seedfile:watchlist_history.csv,2026-09-23 10:06
633,3-GOOD,NEW,Backflip for Animals!,https://www.roblox.com/games/88611017452341/,,https://discord.gg/SC7k34d9k (UNVERIFIED/expired),,,,owned group socials: EVERYDAY WE EAT GOOD,898,898,136279,,341,81,35,69.8,6.59,20,2026-09-02,2026-09-22,Group,Backflip for Animals,https://www.roblox.com/groups/1012176127,208,avoxuu,https://www.roblox.com/users/8646022159/profile,,,,,,,,https://www.facebook.com/roblox/,All,6,10764839604,88611017452341,seedfile:watchlist_history.csv,2026-09-23 10:06
﻿priority_score,tier,new_this_run,title,game_url,has_discord,discord_url,discord_server,discord_members,discord_online,discord_via,active,peak_active_seen,visits,visits_growth_per_day,favorites,likes,dislikes,like_ratio,heat_active_per_1k_visits,age_days,created,last_updated,creator_type,creator_name,creator_url,group_members,owner_name,owner_url,owner_roblox_signal,discord_name_signal,youtube,tiktok,twitter_x,twitch,instagram,other_links,genre,max_players,universe_id,place_id,found_via,checked_at_utc
1458,1-BEST (MUST BUY),NEW,[🔥RELEASE🔥] Card Battles: Prestige,https://www.roblox.com/games/77811814730971/,YES,https://discord.gg/ExqSCA4Y6d,Card Battles: Prestige,112,44,official game link,102,102,3277,,16,30,1,96.8,31.13,28,2026-08-26,2026-09-23,User,Gabebeast9,https://www.roblox.com/users/140687603/profile,,Gabebeast9,https://www.roblox.com/users/140687603/profile,,,,,,,,https://www.facebook.com/roblox/,All,20,10761711227,77811814730971,seedfile:watchlist_history.csv,2026-09-23 10:16
1372,1-BEST (MUST BUY),NEW,[🎉] Steal Noob Lucky Blocks! 😈,https://www.roblox.com/games/98465782750182/,YES,https://discord.gg/KsazDKTfV6,Steal My Server,5,5,official game link,361,361,25223,,1169,64,14,82.1,14.31,23,2026-08-30,2026-09-21,Group,Steal My Dabloons,https://www.roblox.com/groups/136543732,1256,HelxDesigns,https://www.roblox.com/users/689277747/profile,,,,,,,,RobloxGroup:https://www.roblox.com/communities/136543732 | https://www.facebook.com/roblox/,All,7,10764458279,98465782750182,seedfile:watchlist_history.csv,2026-09-23 10:16
1340,1-BEST (MUST BUY),NEW,Dangerous Truck Indonesia,https://www.roblox.com/games/108647322308901/,YES,https://discord.gg/VqzcWvegRd,Bus Truck Indonesia,1,0,official game link,215,215,26782,,4809,8,1,88.9,8.03,9,2026-09-14,2026-09-22,Group,Bus Truck Indonesia,https://www.roblox.com/groups/862915640,7291,Kieru124,https://www.roblox.com/users/5541564144/profile,,,,,,,,https://www.facebook.com/roblox/,All,16,10766413480,108647322308901,seedfile:watchlist_history.csv,2026-09-23 10:16
1332,1-BEST (MUST BUY),NEW,[Daily Rewards! 🗓️] Dive for Animals,https://www.roblox.com/games/98532312869853/,YES,https://discord.gg/DY2dMr6pgH,S Studio Development,20,8,official game link,153,153,24337,,120,54,8,87.1,6.29,12,2026-09-11,2026-09-23,Group,S Studio Development,https://www.roblox.com/groups/36028388,576,JJsuhJJ,https://www.roblox.com/users/291942170/profile,YES,,,,,,,https://www.facebook.com/roblox/,All,6,10765980264,98532312869853,seedfile:watchlist_history.csv,2026-09-23 10:16
1134,1-BEST (MUST BUY),NEW,Build A Boat For Eggs,https://www.roblox.com/games/129373777684274/,,,,,,,126,126,18411,,77,54,7,88.5,6.84,10,2026-09-12,2026-09-22,Group,That yellow light,https://www.roblox.com/groups/968037931,131,HugeWaII,https://www.roblox.com/users/7322885447/profile,,,,,,,,https://www.facebook.com/roblox/,All,7,10766180711,129373777684274,seedfile:watchlist_history.csv,2026-09-23 10:16
1028,1-BEST (MUST BUY),NEW,[UPD] ROLL A DICE 🎲,https://www.roblox.com/games/110944866916441/,,,,,,,123,123,22277,,228,201,29,87.4,5.52,31,2026-08-22,2026-09-21,User,jzf25,https://www.roblox.com/users/88260150/profile,,jzf25,https://www.roblox.com/users/88260150/profile,,,,,,,,https://www.facebook.com/roblox/,All,6,10753862171,110944866916441,seedfile:watchlist_history.csv,2026-09-23 10:15
633,3-GOOD,NEW,Backflip for Animals!,https://www.roblox.com/games/88611017452341/,,https://discord.gg/SC7k34d9k (UNVERIFIED/expired),,,,owned group socials: EVERYDAY WE EAT GOOD,910,910,136785,,341,81,35,69.8,6.65,20,2026-09-02,2026-09-22,Group,Backflip for Animals,https://www.roblox.com/groups/1012176127,209,avoxuu,https://www.roblox.com/users/8646022159/profile,,,,,,,,https://www.facebook.com/roblox/,All,6,10764839604,88611017452341,seedfile:watchlist_history.csv,2026-09-23 10:16
362,4-MID,NEW,🔥 EGG TYCOON: INFINITE ADMIN MODDEDS!,https://www.roblox.com/games/116761496969508/,,,,,,,813,813,324614,,32848,810,45,94.7,2.5,18,2026-09-05,2026-09-20,Group,I WILL ALWAYS WIN,https://www.roblox.com/groups/503676309,36043,Baamoo_games,https://www.roblox.com/users/9931125961/profile,,,,,,,,https://www.facebook.com/roblox/,All,7,10765198762,116761496969508,search:hatch eggs,2026-09-23 10:16
﻿priority_score,tier,new_this_run,title,game_url,has_discord,discord_url,discord_server,discord_members,discord_online,discord_via,active,peak_active_seen,visits,visits_growth_per_day,favorites,likes,dislikes,like_ratio,heat_active_per_1k_visits,age_days,created,last_updated,creator_type,creator_name,creator_url,group_members,owner_name,owner_url,owner_roblox_signal,discord_name_signal,youtube,tiktok,twitter_x,twitch,instagram,other_links,genre,max_players,universe_id,place_id,found_via,checked_at_utc
1372,1-BEST (MUST BUY),NEW,[🎉] Steal Noob Lucky Blocks! 😈,https://www.roblox.com/games/98465782750182/,YES,https://discord.gg/KsazDKTfV6,Steal My Server,5,5,official game link,367,367,25701,,1213,64,14,82.1,14.28,24,2026-08-30,2026-09-21,Group,Steal My Dabloons,https://www.roblox.com/groups/136543732,1277,HelxDesigns,https://www.roblox.com/users/689277747/profile,,,,,,,,RobloxGroup:https://www.roblox.com/communities/136543732 | https://www.facebook.com/roblox/,All,7,10764458279,98465782750182,seedfile:watchlist_history.csv,2026-09-23 10:39
1365,1-BEST (MUST BUY),NEW,Horde Defenders,https://www.roblox.com/games/93237333081860/,YES,https://discord.gg/WjkEgMTwYS,Horde Defenders,30,7,official game link,135,135,10512,,379,132,19,87.4,12.84,11,2026-09-12,2026-09-22,Group,Horizon Studiоs,https://www.roblox.com/groups/15014131,143,LuminousVCT,https://www.roblox.com/users/7473699413/profile,YES,,,,,,,https://www.facebook.com/roblox/,All,1,10766114988,93237333081860,search:defend,2026-09-23 10:39
1117,1-BEST (MUST BUY),NEW,🌈INFINITY DEER GAME,https://www.roblox.com/games/120857104935629/,,,,,,,120,120,34777,,126,27,10,73.0,3.45,1,2026-09-21,2026-09-21,User,VortexMinerBlizzard,https://www.roblox.com/users/9398949147/profile,,VortexMinerBlizzard,https://www.roblox.com/users/9398949147/profile,,,,,,,,https://www.facebook.com/roblox/,All,50,10767421128,120857104935629,seedfile:watchlist_history.csv,2026-09-23 10:39
1032,1-BEST (MUST BUY),NEW,[UPD] ROLL A DICE 🎲,https://www.roblox.com/games/110944866916441/,,,,,,,143,143,22500,,230,205,29,87.6,6.36,31,2026-08-22,2026-09-21,User,jzf25,https://www.roblox.com/users/88260150/profile,,jzf25,https://www.roblox.com/users/88260150/profile,,,,,,,,https://www.facebook.com/roblox/,All,6,10753862171,110944866916441,seedfile:watchlist_history.csv,2026-09-23 10:39
635,3-GOOD,NEW,Backflip for Animals!,https://www.roblox.com/games/88611017452341/,,https://discord.gg/SC7k34d9k (UNVERIFIED/expired),,,,owned group socials: EVERYDAY WE EAT GOOD,957,957,138029,,341,81,35,69.8,6.93,20,2026-09-02,2026-09-22,Group,Backflip for Animals,https://www.roblox.com/groups/1012176127,210,avoxuu,https://www.roblox.com/users/8646022159/profile,,,,,,,,https://www.facebook.com/roblox/,All,6,10764839604,88611017452341,seedfile:watchlist_history.csv,2026-09-23 10:39
﻿priority_score,tier,new_this_run,title,game_url,has_discord,discord_url,discord_server,discord_members,discord_online,discord_via,active,peak_active_seen,visits,visits_growth_per_day,favorites,likes,dislikes,like_ratio,heat_active_per_1k_visits,age_days,created,last_updated,creator_type,creator_name,creator_url,group_members,owner_name,owner_url,owner_roblox_signal,discord_name_signal,youtube,tiktok,twitter_x,twitch,instagram,other_links,genre,max_players,universe_id,place_id,found_via,checked_at_utc
1459,1-BEST (MUST BUY),NEW,[🔥RELEASE🔥] Card Battles: Prestige,https://www.roblox.com/games/77811814730971/,YES,https://discord.gg/ExqSCA4Y6d,Card Battles: Prestige,116,44,official game link,107,107,3410,,16,31,1,96.9,31.38,28,2026-08-26,2026-09-23,User,Gabebeast9,https://www.roblox.com/users/140687603/profile,,Gabebeast9,https://www.roblox.com/users/140687603/profile,,,,,,,,https://www.facebook.com/roblox/,All,20,10761711227,77811814730971,seedfile:watchlist_history.csv,2026-09-23 11:08
1368,1-BEST (MUST BUY),NEW,[🎉] Steal Noob Lucky Blocks! 😈,https://www.roblox.com/games/98465782750182/,YES,https://discord.gg/KsazDKTfV6,Steal My Server,5,5,official game link,360,360,26403,,1259,65,14,82.3,13.63,24,2026-08-30,2026-09-21,Group,Steal My Dabloons,https://www.roblox.com/groups/136543732,1297,HelxDesigns,https://www.roblox.com/users/689277747/profile,,,,,,,,RobloxGroup:https://www.roblox.com/communities/136543732 | https://www.facebook.com/roblox/,All,7,10764458279,98465782750182,seedfile:watchlist_history.csv,2026-09-23 11:09
1134,1-BEST (MUST BUY),NEW,Build A Boat For Eggs,https://www.roblox.com/games/129373777684274/,,,,,,,129,129,19064,,80,55,7,88.7,6.77,10,2026-09-12,2026-09-22,Group,That yellow light,https://www.roblox.com/groups/968037931,135,HugeWaII,https://www.roblox.com/users/7322885447/profile,,,,,,,,https://www.facebook.com/roblox/,All,7,10766180711,129373777684274,seedfile:watchlist_history.csv,2026-09-23 11:08
1122,1-BEST (MUST BUY),NEW,+1 Freddy per Click,https://www.roblox.com/games/78948101400366/,,,,,,,145,145,32451,,148,18,19,48.6,4.47,14,2026-09-08,2026-09-23,Group,Decent Enough Games.,https://www.roblox.com/groups/675323353,61936,RuneCrafter97,https://www.roblox.com/users/10864649205/profile,,,,,,,,https://www.facebook.com/roblox/,All,12,10765725564,78948101400366,search:freddy,2026-09-23 11:09
1119,1-BEST (MUST BUY),NEW,🌈INFINITY DEER GAME,https://www.roblox.com/games/120857104935629/,,,,,,,137,137,35337,,126,27,10,73.0,3.88,1,2026-09-21,2026-09-21,User,VortexMinerBlizzard,https://www.roblox.com/users/9398949147/profile,,VortexMinerBlizzard,https://www.roblox.com/users/9398949147/profile,,,,,,,,https://www.facebook.com/roblox/,All,50,10767421128,120857104935629,seedfile:watchlist_history.csv,2026-09-23 11:08
1034,1-BEST (MUST BUY),NEW,[UPD] ROLL A DICE 🎲,https://www.roblox.com/games/110944866916441/,,,,,,,155,155,22879,,231,205,29,87.6,6.77,31,2026-08-22,2026-09-21,User,jzf25,https://www.roblox.com/users/88260150/profile,,jzf25,https://www.roblox.com/users/88260150/profile,,,,,,,,https://www.facebook.com/roblox/,All,6,10753862171,110944866916441,seedfile:watchlist_history.csv,2026-09-23 11:08
638,3-GOOD,NEW,Backflip for Animals!,https://www.roblox.com/games/88611017452341/,,https://discord.gg/SC7k34d9k (UNVERIFIED/expired),,,,owned group socials: EVERYDAY WE EAT GOOD,1058,1058,139754,,344,81,35,69.8,7.57,20,2026-09-02,2026-09-22,Group,Backflip for Animals,https://www.roblox.com/groups/1012176127,214,avoxuu,https://www.roblox.com/users/8646022159/profile,,,,,,,,https://www.facebook.com/roblox/,All,6,10764839604,88611017452341,seedfile:watchlist_history.csv,2026-09-23 11:09
﻿priority_score,tier,new_this_run,title,game_url,has_discord,discord_url,discord_server,discord_members,discord_online,discord_via,active,peak_active_seen,visits,visits_growth_per_day,favorites,likes,dislikes,like_ratio,heat_active_per_1k_visits,age_days,created,last_updated,creator_type,creator_name,creator_url,group_members,owner_name,owner_url,owner_roblox_signal,discord_name_signal,youtube,tiktok,twitter_x,twitch,instagram,other_links,genre,max_players,universe_id,place_id,found_via,checked_at_utc
1376,1-BEST (MUST BUY),NEW,[🎉] Steal Noob Lucky Blocks! 😈,https://www.roblox.com/games/98465782750182/,YES,https://discord.gg/KsazDKTfV6,Steal My Server,5,5,official game link,409,409,27089,,1319,68,14,82.9,15.1,24,2026-08-30,2026-09-21,Group,Steal My Dabloons,https://www.roblox.com/groups/136543732,1337,HelxDesigns,https://www.roblox.com/users/689277747/profile,,,,,,,,RobloxGroup:https://www.roblox.com/communities/136543732 | https://www.facebook.com/roblox/,All,7,10764458279,98465782750182,seedfile:watchlist_history.csv,2026-09-23 11:40
1339,1-BEST (MUST BUY),NEW,Steal a Delivery,https://www.roblox.com/games/105498597758316/,YES,https://discord.gg/ajCJCGpzA4,Cone Types Studios!,10,2,official game link,299,299,38509,,192,65,42,60.7,7.76,24,2026-08-29,2026-09-22,Group,Cone Types Studios!,https://www.roblox.com/groups/662233203,4039,GottaGetSomeGames,https://www.roblox.com/users/11004493295/profile,,,,,,,,https://www.facebook.com/roblox/,All,6,10764373847,105498597758316,seedfile:watchlist_history.csv,2026-09-23 11:39
1328,1-BEST (MUST BUY),NEW,Dangerous Truck Indonesia,https://www.roblox.com/games/108647322308901/,YES,https://discord.gg/VqzcWvegRd,Bus Truck Indonesia,1,0,official game link,157,157,28251,,5070,8,1,88.9,5.56,9,2026-09-14,2026-09-22,Group,Bus Truck Indonesia,https://www.roblox.com/groups/862915640,7706,Kieru124,https://www.roblox.com/users/5541564144/profile,,,,,,,,https://www.facebook.com/roblox/,All,16,10766413480,108647322308901,seedfile:watchlist_history.csv,2026-09-23 11:40
1320,1-BEST (MUST BUY),NEW,Train your Dinosaur!,https://www.roblox.com/games/72316724770382/,YES,https://discord.gg/kUWAWuk9pG,Lotus Arts,68559,6603,owned group socials: Lotus Violet,105,105,25785,,76,19,8,70.4,4.07,33,2026-08-21,2026-09-22,Group,long neck ed,https://www.roblox.com/groups/373914728,2591,LotusArts,https://www.roblox.com/users/5086973406/profile,,,https://youtube.com/@LotusArtsGames,,https://x.com/LotusArtsRBLX,,,https://www.facebook.com/roblox/,All,6,10747452361,72316724770382,seedfile:watchlist_history.csv,2026-09-23 11:40
1135,1-BEST (MUST BUY),NEW,Build A Boat For Eggs,https://www.roblox.com/games/129373777684274/,,,,,,,136,136,19544,,82,56,7,88.9,6.96,10,2026-09-12,2026-09-22,Group,That yellow light,https://www.roblox.com/groups/968037931,139,HugeWaII,https://www.roblox.com/users/7322885447/profile,,,,,,,,https://www.facebook.com/roblox/,All,7,10766180711,129373777684274,seedfile:watchlist_history.csv,2026-09-23 11:39
1118,1-BEST (MUST BUY),NEW,🌈INFINITY DEER GAME,https://www.roblox.com/games/120857104935629/,,,,,,,129,129,35929,,128,27,10,73.0,3.59,1,2026-09-21,2026-09-21,User,VortexMinerBlizzard,https://www.roblox.com/users/9398949147/profile,,VortexMinerBlizzard,https://www.roblox.com/users/9398949147/profile,,,,,,,,https://www.facebook.com/roblox/,All,50,10767421128,120857104935629,seedfile:watchlist_history.csv,2026-09-23 11:39
1033,1-BEST (MUST BUY),NEW,[UPD] ROLL A DICE 🎲,https://www.roblox.com/games/110944866916441/,,,,,,,155,155,23255,,232,207,29,87.7,6.67,31,2026-08-22,2026-09-21,User,jzf25,https://www.roblox.com/users/88260150/profile,,jzf25,https://www.roblox.com/users/88260150/profile,,,,,,,,https://www.facebook.com/roblox/,All,6,10753862171,110944866916441,seedfile:watchlist_history.csv,2026-09-23 11:39
643,3-GOOD,NEW,Backflip for Animals!,https://www.roblox.com/games/88611017452341/,,https://discord.gg/SC7k34d9k (UNVERIFIED/expired),,,,owned group socials: EVERYDAY WE EAT GOOD,1218,1218,141799,,346,82,35,70.1,8.59,20,2026-09-02,2026-09-22,Group,Backflip for Animals,https://www.roblox.com/groups/1012176127,223,avoxuu,https://www.roblox.com/users/8646022159/profile,,,,,,,,https://www.facebook.com/roblox/,All,6,10764839604,88611017452341,seedfile:watchlist_history.csv,2026-09-23 11:40
﻿priority_score,tier,new_this_run,title,game_url,has_discord,discord_url,discord_server,discord_members,discord_online,discord_via,active,peak_active_seen,visits,visits_growth_per_day,favorites,likes,dislikes,like_ratio,heat_active_per_1k_visits,age_days,created,last_updated,creator_type,creator_name,creator_url,group_members,owner_name,owner_url,owner_roblox_signal,discord_name_signal,youtube,tiktok,twitter_x,twitch,instagram,other_links,genre,max_players,universe_id,place_id,found_via,checked_at_utc
1446,1-BEST (MUST BUY),NEW,[🔥RELEASE🔥] Card Battles: Prestige,https://www.roblox.com/games/77811814730971/,YES,https://discord.gg/ExqSCA4Y6d,Card Battles: Prestige,119,42,official game link,103,103,3592,,16,31,1,96.9,28.67,28,2026-08-26,2026-09-23,User,Gabebeast9,https://www.roblox.com/users/140687603/profile,,Gabebeast9,https://www.roblox.com/users/140687603/profile,,,,,,,,https://www.facebook.com/roblox/,All,20,10761711227,77811814730971,seedfile:watchlist_history.csv,2026-09-23 12:11
1374,1-BEST (MUST BUY),NEW,[🎉] Steal Noob Lucky Blocks! 😈,https://www.roblox.com/games/98465782750182/,YES,https://discord.gg/KsazDKTfV6,Steal My Server,7,6,official game link,411,411,27846,,1385,68,14,82.9,14.76,24,2026-08-30,2026-09-21,Group,Steal My Dabloons,https://www.roblox.com/groups/136543732,1366,HelxDesigns,https://www.roblox.com/users/689277747/profile,,,,,,,,RobloxGroup:https://www.roblox.com/communities/136543732 | https://www.facebook.com/roblox/,All,7,10764458279,98465782750182,seedfile:watchlist_history.csv,2026-09-23 12:11
1322,1-BEST (MUST BUY),NEW,Steal a Delivery,https://www.roblox.com/games/105498597758316/,YES,https://discord.gg/ajCJCGpzA4,Cone Types Studios!,11,3,official game link,169,169,39179,,193,65,42,60.7,4.31,24,2026-08-29,2026-09-22,Group,Cone Types Studios!,https://www.roblox.com/groups/662233203,4106,GottaGetSomeGames,https://www.roblox.com/users/11004493295/profile,,,,,,,,https://www.facebook.com/roblox/,All,6,10764373847,105498597758316,seedfile:watchlist_history.csv,2026-09-23 12:11
1320,1-BEST (MUST BUY),NEW,Dangerous Truck Indonesia,https://www.roblox.com/games/108647322308901/,YES,https://discord.gg/VqzcWvegRd,Bus Truck Indonesia,1,0,official game link,117,117,28889,,5173,8,1,88.9,4.05,9,2026-09-14,2026-09-22,Group,Bus Truck Indonesia,https://www.roblox.com/groups/862915640,7857,Kieru124,https://www.roblox.com/users/5541564144/profile,,,,,,,,https://www.facebook.com/roblox/,All,16,10766413480,108647322308901,seedfile:watchlist_history.csv,2026-09-23 12:11
1214,1-BEST (MUST BUY),NEW,Clean the Trash,https://www.roblox.com/games/138689937488864/,YES,https://discord.gg/effortlessly,Effortless Labs,23,9,official group link: Effortless Labs,105,105,39167,,149,25,5,83.3,2.68,54,2026-07-30,2026-09-23,Group,Effortless Labs,https://www.roblox.com/groups/457793014,299,IggyDev,https://www.roblox.com/users/545471108/profile,,,,,https://x.com/EffortlessGGRbx,,,https://www.facebook.com/roblox/,All,12,10599304979,138689937488864,seedfile:watchlist_history.csv,2026-09-23 12:11
1128,1-BEST (MUST BUY),NEW,Build A Boat For Eggs,https://www.roblox.com/games/129373777684274/,,,,,,,111,111,20080,,84,58,7,89.2,5.53,10,2026-09-12,2026-09-22,Group,That yellow light,https://www.roblox.com/groups/968037931,144,HugeWaII,https://www.roblox.com/users/7322885447/profile,,,,,,,,https://www.facebook.com/roblox/,All,7,10766180711,129373777684274,seedfile:watchlist_history.csv,2026-09-23 12:11
1116,1-BEST (MUST BUY),NEW,🌈INFINITY DEER GAME,https://www.roblox.com/games/120857104935629/,,,,,,,114,114,36576,,131,28,10,73.7,3.12,1,2026-09-21,2026-09-21,User,VortexMinerBlizzard,https://www.roblox.com/users/9398949147/profile,,VortexMinerBlizzard,https://www.roblox.com/users/9398949147/profile,,,,,,,,https://www.facebook.com/roblox/,All,50,10767421128,120857104935629,seedfile:watchlist_history.csv,2026-09-23 12:11
1034,1-BEST (MUST BUY),NEW,[UPD] ROLL A DICE 🎲,https://www.roblox.com/games/110944866916441/,,,,,,,161,161,23593,,235,209,29,87.8,6.82,31,2026-08-22,2026-09-21,User,jzf25,https://www.roblox.com/users/88260150/profile,,jzf25,https://www.roblox.com/users/88260150/profile,,,,,,,,https://www.facebook.com/roblox/,All,6,10753862171,110944866916441,seedfile:watchlist_history.csv,2026-09-23 12:11
644,3-GOOD,NEW,Backflip for Animals!,https://www.roblox.com/games/88611017452341/,,https://discord.gg/SC7k34d9k (UNVERIFIED/expired),,,,owned group socials: EVERYDAY WE EAT GOOD,1254,1254,144171,,348,82,35,70.1,8.7,20,2026-09-02,2026-09-22,Group,Backflip for Animals,https://www.roblox.com/groups/1012176127,226,avoxuu,https://www.roblox.com/users/8646022159/profile,,,,,,,,https://www.facebook.com/roblox/,All,6,10764839604,88611017452341,seedfile:watchlist_history.csv,2026-09-23 12:11
﻿priority_score,tier,new_this_run,title,game_url,has_discord,discord_url,discord_server,discord_members,discord_online,discord_via,active,peak_active_seen,visits,visits_growth_per_day,favorites,likes,dislikes,like_ratio,heat_active_per_1k_visits,age_days,created,last_updated,creator_type,creator_name,creator_url,group_members,owner_name,owner_url,owner_roblox_signal,discord_name_signal,youtube,tiktok,twitter_x,twitch,instagram,other_links,genre,max_players,universe_id,place_id,found_via,checked_at_utc
1501,1-BEST (MUST BUY),NEW,[💎2X GEMS] Destroy the Cube,https://www.roblox.com/games/78284807435779/,YES,https://discord.gg/XaCWRaVgBu,Frostyy Game Development,62,9,official game link,911,911,14216,,359,34,32,51.5,64.08,8,2026-09-14,2026-09-23,User,frosty01010101,https://www.roblox.com/users/1436250157/profile,,frosty01010101,https://www.roblox.com/users/1436250157/profile,,,,,x.com/share | x.com/communities,,,RobloxGroup:https://www.roblox.com/communities/999858473 | https://www.facebook.com/roblox/,All,16,10766457017,78284807435779,search:gems,2026-09-23 12:39
1444,1-BEST (MUST BUY),NEW,[🔥RELEASE🔥] Card Battles: Prestige,https://www.roblox.com/games/77811814730971/,YES,https://discord.gg/ExqSCA4Y6d,Card Battles: Prestige,122,43,official game link,104,104,3678,,16,32,1,97.0,28.28,28,2026-08-26,2026-09-23,User,Gabebeast9,https://www.roblox.com/users/140687603/profile,,Gabebeast9,https://www.roblox.com/users/140687603/profile,,,,,,,,https://www.facebook.com/roblox/,All,20,10761711227,77811814730971,seedfile:watchlist_history.csv,2026-09-23 12:39
1400,1-BEST (MUST BUY),NEW,Mega Gear Tower,https://www.roblox.com/games/100415487121558/,YES,https://discord.gg/m6GrZMRwKj,That Clever Studio,7,3,owned group socials: That Clever Studio,316,316,15790,,32,46,5,90.2,20.01,11,2026-09-12,2026-09-21,Group,ThatClev Tower Games,https://www.roblox.com/groups/1029722105,113622,thatclev,https://www.roblox.com/users/10276751219/profile,,,,,,,,https://www.facebook.com/roblox/,All,32,10766110017,100415487121558,rec:10766457017,2026-09-23 12:39
1375,1-BEST (MUST BUY),NEW,[🎉] Steal Noob Lucky Blocks! 😈,https://www.roblox.com/games/98465782750182/,YES,https://discord.gg/KsazDKTfV6,Steal My Server,8,7,official game link,428,428,28499,,1444,68,14,82.9,15.02,24,2026-08-30,2026-09-21,Group,Steal My Dabloons,https://www.roblox.com/groups/136543732,1395,HelxDesigns,https://www.roblox.com/users/689277747/profile,,,,,,,,RobloxGroup:https://www.roblox.com/communities/136543732 | https://www.facebook.com/roblox/,All,7,10764458279,98465782750182,seedfile:watchlist_history.csv,2026-09-23 12:39
1331,1-BEST (MUST BUY),NEW,Dangerous Truck Indonesia,https://www.roblox.com/games/108647322308901/,YES,https://discord.gg/VqzcWvegRd,Bus Truck Indonesia,1,0,official game link,181,181,29341,,5265,8,1,88.9,6.17,9,2026-09-14,2026-09-22,Group,Bus Truck Indonesia,https://www.roblox.com/groups/862915640,8003,Kieru124,https://www.roblox.com/users/5541564144/profile,,,,,,,,https://www.facebook.com/roblox/,All,16,10766413480,108647322308901,seedfile:watchlist_history.csv,2026-09-23 12:39
1321,1-BEST (MUST BUY),NEW,Steal a Delivery,https://www.roblox.com/games/105498597758316/,YES,https://discord.gg/ajCJCGpzA4,Cone Types Studios!,11,2,official game link,163,163,39516,,194,65,42,60.7,4.12,24,2026-08-29,2026-09-22,Group,Cone Types Studios!,https://www.roblox.com/groups/662233203,4137,GottaGetSomeGames,https://www.roblox.com/users/11004493295/profile,,,,,,,,https://www.facebook.com/roblox/,All,6,10764373847,105498597758316,seedfile:watchlist_history.csv,2026-09-23 12:39
1119,1-BEST (MUST BUY),NEW,🌈INFINITY DEER GAME,https://www.roblox.com/games/120857104935629/,,,,,,,142,142,37144,,133,28,10,73.7,3.82,1,2026-09-21,2026-09-21,User,VortexMinerBlizzard,https://www.roblox.com/users/9398949147/profile,,VortexMinerBlizzard,https://www.roblox.com/users/9398949147/profile,,,,,,,,https://www.facebook.com/roblox/,All,50,10767421128,120857104935629,seedfile:watchlist_history.csv,2026-09-23 12:38
1118,1-BEST (MUST BUY),NEW,🪝+1 Grapple Hook Escape!,https://www.roblox.com/games/134372540277280/,,,,,,,109,109,30310,,220,138,23,85.7,3.6,9,2026-09-13,2026-09-22,Group,no ads games,https://www.roblox.com/groups/595110527,103459,zi4hu,https://www.roblox.com/users/3742966445/profile,,,,,,,,https://www.facebook.com/roblox/,All,8,10766320565,134372540277280,seedfile:watchlist_history.csv,2026-09-23 12:39
1033,1-BEST (MUST BUY),NEW,[UPD] ROLL A DICE 🎲,https://www.roblox.com/games/110944866916441/,,,,,,,159,159,23813,,240,210,29,87.9,6.68,31,2026-08-22,2026-09-21,User,jzf25,https://www.roblox.com/users/88260150/profile,,jzf25,https://www.roblox.com/users/88260150/profile,,,,,,,,https://www.facebook.com/roblox/,All,6,10753862171,110944866916441,seedfile:watchlist_history.csv,2026-09-23 12:38
647,3-GOOD,NEW,Backflip for Animals!,https://www.roblox.com/games/88611017452341/,,https://discord.gg/SC7k34d9k (UNVERIFIED/expired),,,,owned group socials: EVERYDAY WE EAT GOOD,1368,1368,146317,,358,82,35,70.1,9.35,21,2026-09-02,2026-09-22,Group,Backflip for Animals,https://www.roblox.com/groups/1012176127,235,avoxuu,https://www.roblox.com/users/8646022159/profile,,,,,,,,https://www.facebook.com/roblox/,All,6,10764839604,88611017452341,seedfile:watchlist_history.csv,2026-09-23 12:39
﻿priority_score,tier,new_this_run,title,game_url,has_discord,discord_url,discord_server,discord_members,discord_online,discord_via,active,peak_active_seen,visits,visits_growth_per_day,favorites,likes,dislikes,like_ratio,heat_active_per_1k_visits,age_days,created,last_updated,creator_type,creator_name,creator_url,group_members,owner_name,owner_url,owner_roblox_signal,discord_name_signal,youtube,tiktok,twitter_x,twitch,instagram,other_links,genre,max_players,universe_id,place_id,found_via,checked_at_utc
1600,1-BEST (MUST BUY),NEW,Clone to Steal Eggs,https://www.roblox.com/games/76943966208523/,YES,https://discord.gg/BMZwsqwsPu,Race Your Lucky Block,15932,1122,official game link,375,375,4154,,45,24,1,96.0,90.27,11,2026-09-11,2026-09-23,Group,xFrozen x Dudes,https://www.roblox.com/groups/719390069,3897252,Pro_Dev2024,https://www.roblox.com/users/5430527415/profile,,,https://youtube.com/channel/UCLqP1JHpk9RRvdKTEHGcqSA,,https://x.com/xFrozenStudios,,,https://www.facebook.com/roblox/,All,4,10766008884,76943966208523,seedfile:watchlist_history.csv,2026-09-23 13:09
1450,1-BEST (MUST BUY),NEW,[🔥RELEASE🔥] Card Battles: Prestige,https://www.roblox.com/games/77811814730971/,YES,https://discord.gg/ExqSCA4Y6d,Card Battles: Prestige,124,43,official game link,111,111,3759,,16,32,1,97.0,29.53,28,2026-08-26,2026-09-23,User,Gabebeast9,https://www.roblox.com/users/140687603/profile,,Gabebeast9,https://www.roblox.com/users/140687603/profile,,,,,,,,https://www.facebook.com/roblox/,All,20,10761711227,77811814730971,seedfile:watchlist_history.csv,2026-09-23 13:09
1374,1-BEST (MUST BUY),NEW,[🎉] Steal Noob Lucky Blocks! 😈,https://www.roblox.com/games/98465782750182/,YES,https://discord.gg/KsazDKTfV6,Steal My Server,8,7,official game link,434,434,29284,,1504,68,14,82.9,14.82,24,2026-08-30,2026-09-21,Group,Steal My Dabloons,https://www.roblox.com/groups/136543732,1427,HelxDesigns,https://www.roblox.com/users/689277747/profile,,,,,,,,RobloxGroup:https://www.roblox.com/communities/136543732 | https://www.facebook.com/roblox/,All,7,10764458279,98465782750182,seedfile:watchlist_history.csv,2026-09-23 13:09
1321,1-BEST (MUST BUY),NEW,[Daily Rewards! 🗓️] Dive for Animals,https://www.roblox.com/games/98532312869853/,YES,https://discord.gg/DY2dMr6pgH,S Studio Development,20,8,official game link,109,109,26724,,132,58,8,87.9,4.08,12,2026-09-11,2026-09-23,Group,S Studio Development,https://www.roblox.com/groups/36028388,628,JJsuhJJ,https://www.roblox.com/users/291942170/profile,YES,,,,,,,https://www.facebook.com/roblox/,All,6,10765980264,98532312869853,seedfile:watchlist_history.csv,2026-09-23 13:09
1318,1-BEST (MUST BUY),NEW,Steal a Delivery,https://www.roblox.com/games/105498597758316/,YES,https://discord.gg/ajCJCGpzA4,Cone Types Studios!,11,3,official game link,139,139,39916,,195,65,42,60.7,3.48,24,2026-08-29,2026-09-22,Group,Cone Types Studios!,https://www.roblox.com/groups/662233203,4173,GottaGetSomeGames,https://www.roblox.com/users/11004493295/profile,,,,,,,,https://www.facebook.com/roblox/,All,6,10764373847,105498597758316,seedfile:watchlist_history.csv,2026-09-23 13:09
1246,1-BEST (MUST BUY),NEW,🌈INFINITY DEER GAME,https://www.roblox.com/games/120857104935629/,,,,,,,1124,1124,38471,,140,28,11,71.8,29.22,1,2026-09-21,2026-09-21,User,VortexMinerBlizzard,https://www.roblox.com/users/9398949147/profile,,VortexMinerBlizzard,https://www.roblox.com/users/9398949147/profile,,,,,,,,https://www.facebook.com/roblox/,All,50,10767421128,120857104935629,seedfile:watchlist_history.csv,2026-09-23 13:09
1136,1-BEST (MUST BUY),NEW,Build A Boat For Eggs,https://www.roblox.com/games/129373777684274/,,,,,,,151,151,21205,,86,64,7,90.1,7.12,10,2026-09-12,2026-09-22,Group,That yellow light,https://www.roblox.com/groups/968037931,158,HugeWaII,https://www.roblox.com/users/7322885447/profile,,,,,,,,https://www.facebook.com/roblox/,All,7,10766180711,129373777684274,seedfile:watchlist_history.csv,2026-09-23 13:09
1089,1-BEST (MUST BUY),NEW,NO WAY OUT: UNDEAD[BETA],https://www.roblox.com/games/101556738359156/,,,,,,,104,104,5820,,243,103,14,88.0,17.87,74,2026-07-11,2026-09-23,User,No0bl0xer,https://www.roblox.com/users/3543001651/profile,,No0bl0xer,https://www.roblox.com/users/3543001651/profile,,,,,,,,https://www.facebook.com/roblox/,All,15,10483236073,101556738359156,seedfile:watchlist_history.csv,2026-09-23 13:09
1034,1-BEST (MUST BUY),NEW,[UPD] ROLL A DICE 🎲,https://www.roblox.com/games/110944866916441/,,,,,,,164,164,24047,,242,214,29,88.1,6.82,31,2026-08-22,2026-09-21,User,jzf25,https://www.roblox.com/users/88260150/profile,,jzf25,https://www.roblox.com/users/88260150/profile,,,,,,,,https://www.facebook.com/roblox/,All,6,10753862171,110944866916441,seedfile:watchlist_history.csv,2026-09-23 13:09
1014,1-BEST (MUST BUY),NEW,Build Your City!,https://www.roblox.com/games/109220430409872/,,https://discord.gg/XrPrdEV4A (UNVERIFIED/expired),,,,owned group socials: Feed Your Animals!,110,110,39863,,261,242,15,94.2,2.76,40,2026-08-13,2026-09-23,Group,City City!,https://www.roblox.com/groups/437774336,377,HeartlezDev,https://www.roblox.com/users/252969769/profile,,,,,,,,https://www.facebook.com/roblox/,All,6,10696967073,109220430409872,search:build a,2026-09-23 13:09
927,2-GREAT,NEW,Math To Eat,https://www.roblox.com/games/81638889788320/,,https://discord.gg/yq2DPN3bz (UNVERIFIED/expired),,,,owned group socials: Shining daysdifferent:ruffxh,741,741,47975,,193,13,6,68.4,15.45,8,2026-09-15,2026-09-22,Group,Scorece Bar,https://www.roblox.com/groups/758409405,120,Orange_15339,https://www.roblox.com/users/4408088806/profile,,,,,,,,https://www.facebook.com/roblox/,All,24,10766537703,81638889788320,seedfile:watchlist_history.csv,2026-09-23 13:09
646,3-GOOD,NEW,Backflip for Animals!,https://www.roblox.com/games/88611017452341/,,https://discord.gg/SC7k34d9k (UNVERIFIED/expired),,,,owned group socials: EVERYDAY WE EAT GOOD,1377,1377,148685,,365,82,35,70.1,9.26,21,2026-09-02,2026-09-23,Group,Backflip for Animals,https://www.roblox.com/groups/1012176127,239,avoxuu,https://www.roblox.com/users/8646022159/profile,,,,,,,,https://www.facebook.com/roblox/,All,6,10764839604,88611017452341,seedfile:watchlist_history.csv,2026-09-23 13:09
360,4-MID,NEW,[FREE VOIDSCOPE + GOLD💛] MMZ Scope X,https://www.roblox.com/games/119009966804780/,,,,,,,840,840,414212,,25185,343,73,82.5,2.03,17,2026-09-05,2026-09-21,Group,Murder Mystery V Aficionados,https://www.roblox.com/groups/206101290,69654,Blast_ProcessorX,https://www.roblox.com/users/7096346196/profile,,,,,,,,https://www.facebook.com/roblox/,All,25,10765266795,119009966804780,search:or,2026-09-23 13:09
﻿priority_score,tier,new_this_run,title,game_url,has_discord,discord_url,discord_server,discord_members,discord_online,discord_via,active,peak_active_seen,visits,visits_growth_per_day,favorites,likes,dislikes,like_ratio,heat_active_per_1k_visits,age_days,created,last_updated,creator_type,creator_name,creator_url,group_members,owner_name,owner_url,owner_roblox_signal,discord_name_signal,youtube,tiktok,twitter_x,twitch,instagram,other_links,genre,max_players,universe_id,place_id,found_via,checked_at_utc
1600,1-BEST (MUST BUY),NEW,Clone to Steal Eggs,https://www.roblox.com/games/76943966208523/,YES,https://discord.gg/BMZwsqwsPu,Race Your Lucky Block,15940,1144,official game link,229,229,4671,,50,26,1,96.3,49.03,11,2026-09-11,2026-09-23,Group,xFrozen x Dudes,https://www.roblox.com/groups/719390069,3897619,Pro_Dev2024,https://www.roblox.com/users/5430527415/profile,,,https://youtube.com/channel/UCLqP1JHpk9RRvdKTEHGcqSA,,https://x.com/xFrozenStudios,,,https://www.facebook.com/roblox/,All,4,10766008884,76943966208523,seedfile:watchlist_history.csv,2026-09-23 13:39
1450,1-BEST (MUST BUY),NEW,[🔥RELEASE🔥] Card Battles: Prestige,https://www.roblox.com/games/77811814730971/,YES,https://discord.gg/ExqSCA4Y6d,Card Battles: Prestige,126,44,official game link,114,114,3857,,16,32,1,97.0,29.56,28,2026-08-26,2026-09-23,User,Gabebeast9,https://www.roblox.com/users/140687603/profile,,Gabebeast9,https://www.roblox.com/users/140687603/profile,,,,,,,,https://www.facebook.com/roblox/,All,20,10761711227,77811814730971,seedfile:watchlist_history.csv,2026-09-23 13:39
1369,1-BEST (MUST BUY),NEW,[🎉] Steal Noob Lucky Blocks! 😈,https://www.roblox.com/games/98465782750182/,YES,https://discord.gg/KsazDKTfV6,Steal My Server,8,7,official game link,414,414,30049,,1570,72,15,82.8,13.78,24,2026-08-30,2026-09-21,Group,Steal My Dabloons,https://www.roblox.com/groups/136543732,1451,HelxDesigns,https://www.roblox.com/users/689277747/profile,,,,,,,,RobloxGroup:https://www.roblox.com/communities/136543732 | https://www.facebook.com/roblox/,All,7,10764458279,98465782750182,seedfile:watchlist_history.csv,2026-09-23 13:39
1337,1-BEST (MUST BUY),NEW,[8.1!] Super Zombie Siege Defense,https://www.roblox.com/games/138801629175656/,YES,https://discord.gg/Z6VW2MTfcP,Super Zombie Retribution,575,100,official game link,144,144,28743,,244,90,16,84.9,5.01,17,2026-09-06,2026-09-17,Group,Super Zombie Studios,https://www.roblox.com/groups/34712488,8234,Piggy645656,https://www.roblox.com/users/3668630114/profile,,,,,,,,https://www.facebook.com/roblox/,All,50,10765361336,138801629175656,seedfile:watchlist_history.csv,2026-09-23 13:39
1319,1-BEST (MUST BUY),NEW,Dangerous Truck Indonesia,https://www.roblox.com/games/108647322308901/,YES,https://discord.gg/VqzcWvegRd,Bus Truck Indonesia,1,0,official game link,118,118,30616,,5482,8,1,88.9,3.85,9,2026-09-14,2026-09-22,Group,Bus Truck Indonesia,https://www.roblox.com/groups/862915640,8376,Kieru124,https://www.roblox.com/users/5541564144/profile,,,,,,,,https://www.facebook.com/roblox/,All,16,10766413480,108647322308901,seedfile:watchlist_history.csv,2026-09-23 13:39
1226,1-BEST (MUST BUY),NEW,[🌱] Cut All The Grass!,https://www.roblox.com/games/131230974365486/,YES,https://discord.gg/4CHUN4uEBW,Cut All The Grass!,9,2,official game link,129,129,24929,,84,20,6,76.9,5.17,35,2026-08-19,2026-09-22,Group,Grass Cutters.,https://www.roblox.com/groups/955118797,740,B0redness,https://www.roblox.com/users/127307595/profile,,,,,,,,https://www.facebook.com/roblox/,All,12,10739829384,131230974365486,seedfile:watchlist_history.csv,2026-09-23 13:39
1139,1-BEST (MUST BUY),NEW,Build A Boat For Eggs,https://www.roblox.com/games/129373777684274/,,,,,,,169,169,21796,,91,64,7,90.1,7.75,10,2026-09-12,2026-09-22,Group,That yellow light,https://www.roblox.com/groups/968037931,160,HugeWaII,https://www.roblox.com/users/7322885447/profile,,,,,,,,https://www.facebook.com/roblox/,All,7,10766180711,129373777684274,seedfile:watchlist_history.csv,2026-09-23 13:39
1071,1-BEST (MUST BUY),NEW,[W2 🏜️] +1 Speed Cow Escape,https://www.roblox.com/games/117233567919830/,,,,,,,194,194,13576,,74,88,9,90.7,14.29,59,2026-07-25,2026-09-23,Group,UnGifted Studio's,https://www.roblox.com/groups/11805000,1976,229ms,https://www.roblox.com/users/203115937/profile,,,,,,,,https://www.facebook.com/roblox/,All,22,10566313406,117233567919830,search:la vaca saturno,2026-09-23 13:39
1035,1-BEST (MUST BUY),NEW,[UPD] ROLL A DICE 🎲,https://www.roblox.com/games/110944866916441/,,,,,,,171,171,24286,,243,215,29,88.1,7.04,31,2026-08-22,2026-09-21,User,jzf25,https://www.roblox.com/users/88260150/profile,,jzf25,https://www.roblox.com/users/88260150/profile,,,,,,,,https://www.facebook.com/roblox/,All,6,10753862171,110944866916441,seedfile:watchlist_history.csv,2026-09-23 13:39
1027,1-BEST (MUST BUY),NEW,Paint The House! 🏠,https://www.roblox.com/games/103788604371123/,,,,,,,103,103,19131,,96,41,7,85.4,5.38,33,2026-08-20,2026-09-21,Group,9X Studio,https://www.roblox.com/groups/1074094786,9663592,Hal_mt,https://www.roblox.com/users/3992256722/profile,YES,,,,,,,https://www.facebook.com/roblox/,All,16,10747310045,103788604371123,seedfile:watchlist_history.csv,2026-09-23 13:39
642,3-GOOD,NEW,[UPD] Backflip for Animals!,https://www.roblox.com/games/88611017452341/,,https://discord.gg/SC7k34d9k (UNVERIFIED/expired),,,,owned group socials: EVERYDAY WE EAT GOOD,1275,1275,152513,,369,82,38,68.3,8.36,21,2026-09-02,2026-09-23,Group,Backflip for Animals,https://www.roblox.com/groups/1012176127,246,avoxuu,https://www.roblox.com/users/8646022159/profile,,,,,,,,https://www.facebook.com/roblox/,All,6,10764839604,88611017452341,seedfile:watchlist_history.csv,2026-09-23 13:39
﻿priority_score,tier,new_this_run,title,game_url,has_discord,discord_url,discord_server,discord_members,discord_online,discord_via,active,peak_active_seen,visits,visits_growth_per_day,favorites,likes,dislikes,like_ratio,heat_active_per_1k_visits,age_days,created,last_updated,creator_type,creator_name,creator_url,group_members,owner_name,owner_url,owner_roblox_signal,discord_name_signal,youtube,tiktok,twitter_x,twitch,instagram,other_links,genre,max_players,universe_id,place_id,found_via,checked_at_utc
1600,1-BEST (MUST BUY),NEW,Clone to Steal Eggs,https://www.roblox.com/games/76943966208523/,YES,https://discord.gg/BMZwsqwsPu,Race Your Lucky Block,15945,1209,official game link,216,216,5091,,53,27,1,96.4,42.43,11,2026-09-11,2026-09-23,Group,xFrozen x Dudes,https://www.roblox.com/groups/719390069,3897935,Pro_Dev2024,https://www.roblox.com/users/5430527415/profile,,,https://youtube.com/channel/UCLqP1JHpk9RRvdKTEHGcqSA,,https://x.com/xFrozenStudios,,,https://www.facebook.com/roblox/,All,4,10766008884,76943966208523,seedfile:watchlist_history.csv,2026-09-23 14:10
1440,1-BEST (MUST BUY),NEW,[🔥RELEASE🔥] Card Battles: Prestige,https://www.roblox.com/games/77811814730971/,YES,https://discord.gg/ExqSCA4Y6d,Card Battles: Prestige,129,43,official game link,109,109,3973,,18,34,1,97.1,27.44,28,2026-08-26,2026-09-23,User,Gabebeast9,https://www.roblox.com/users/140687603/profile,,Gabebeast9,https://www.roblox.com/users/140687603/profile,,,,,,,,https://www.facebook.com/roblox/,All,20,10761711227,77811814730971,seedfile:watchlist_history.csv,2026-09-23 14:09
1364,1-BEST (MUST BUY),NEW,[🎉] Steal Noob Lucky Blocks! 😈,https://www.roblox.com/games/98465782750182/,YES,https://discord.gg/KsazDKTfV6,Steal My Server,8,0,official game link,392,392,30792,,1623,75,15,83.3,12.73,24,2026-08-30,2026-09-21,Group,Steal My Dabloons,https://www.roblox.com/groups/136543732,1497,HelxDesigns,https://www.roblox.com/users/689277747/profile,,,,,,,,RobloxGroup:https://www.roblox.com/communities/136543732 | https://www.facebook.com/roblox/,All,7,10764458279,98465782750182,seedfile:watchlist_history.csv,2026-09-23 14:09
1345,1-BEST (MUST BUY),NEW,[8.1!] Super Zombie Siege Defense,https://www.roblox.com/games/138801629175656/,YES,https://discord.gg/Z6VW2MTfcP,Super Zombie Retribution,574,99,official game link,198,198,29366,,253,90,16,84.9,6.74,17,2026-09-06,2026-09-17,Group,Super Zombie Studios,https://www.roblox.com/groups/34712488,8234,Piggy645656,https://www.roblox.com/users/3668630114/profile,,,,,,,,https://www.facebook.com/roblox/,All,50,10765361336,138801629175656,seedfile:watchlist_history.csv,2026-09-23 14:09
1321,1-BEST (MUST BUY),NEW,Dangerous Truck Indonesia,https://www.roblox.com/games/108647322308901/,YES,https://discord.gg/VqzcWvegRd,Bus Truck Indonesia,1,0,official game link,130,130,31045,,5577,8,1,88.9,4.19,9,2026-09-14,2026-09-22,Group,Bus Truck Indonesia,https://www.roblox.com/groups/862915640,8490,Kieru124,https://www.roblox.com/users/5541564144/profile,,,,,,,,https://www.facebook.com/roblox/,All,16,10766413480,108647322308901,seedfile:watchlist_history.csv,2026-09-23 14:10
1133,1-BEST (MUST BUY),NEW,Build A Boat For Eggs,https://www.roblox.com/games/129373777684274/,,,,,,,146,146,22330,,93,66,7,90.4,6.54,10,2026-09-12,2026-09-22,Group,That yellow light,https://www.roblox.com/groups/968037931,160,HugeWaII,https://www.roblox.com/users/7322885447/profile,,,,,,,,https://www.facebook.com/roblox/,All,7,10766180711,129373777684274,seedfile:watchlist_history.csv,2026-09-23 14:09
1032,1-BEST (MUST BUY),NEW,[UPD] ROLL A DICE 🎲,https://www.roblox.com/games/110944866916441/,,,,,,,159,159,24521,,245,216,30,87.8,6.48,31,2026-08-22,2026-09-21,User,jzf25,https://www.roblox.com/users/88260150/profile,,jzf25,https://www.roblox.com/users/88260150/profile,,,,,,,,https://www.facebook.com/roblox/,All,6,10753862171,110944866916441,seedfile:watchlist_history.csv,2026-09-23 14:09
1032,1-BEST (MUST BUY),NEW,[BETA] DOUBLE SIX BEACH CLUB,https://www.roblox.com/games/135083415255344/,,,,,,,106,106,16344,,36,82,18,82.0,6.49,142,2026-05-04,2026-09-22,Group,DSIX TEAM,https://www.roblox.com/groups/974309108,686,Starlyku,https://www.roblox.com/users/8810758974/profile,,,,,,,,https://www.facebook.com/roblox/,All,100,10121317859,135083415255344,search:[DOUBLE XP],2026-09-23 14:09
637,3-GOOD,NEW,[UPD] Backflip for Animals!,https://www.roblox.com/games/88611017452341/,,https://discord.gg/SC7k34d9k (UNVERIFIED/expired),,,,owned group socials: EVERYDAY WE EAT GOOD,1149,1149,155986,,371,83,39,68.0,7.37,21,2026-09-02,2026-09-23,Group,Backflip for Animals,https://www.roblox.com/groups/1012176127,255,avoxuu,https://www.roblox.com/users/8646022159/profile,,,,,,,,https://www.facebook.com/roblox/,All,6,10764839604,88611017452341,seedfile:watchlist_history.csv,2026-09-23 14:09
566,4-MID,NEW,Climb for Animals!,https://www.roblox.com/games/138174239321349/,YES,https://discord.gg/hfCTf383Vu,Climb for Animals!,29,8,official game link,826,826,269690,,7995,217,40,84.4,3.06,25,2026-08-29,2026-09-15,Group,best game today,https://www.roblox.com/groups/936539661,62514,gabrolyrbx,https://www.roblox.com/users/102812018/profile,,,,,,,,https://www.facebook.com/roblox/,All,7,10764324234,138174239321349,search:climb,2026-09-23 14:09
﻿priority_score,tier,new_this_run,title,game_url,has_discord,discord_url,discord_server,discord_members,discord_online,discord_via,active,peak_active_seen,visits,visits_growth_per_day,favorites,likes,dislikes,like_ratio,heat_active_per_1k_visits,age_days,created,last_updated,creator_type,creator_name,creator_url,group_members,owner_name,owner_url,owner_roblox_signal,discord_name_signal,youtube,tiktok,twitter_x,twitch,instagram,other_links,genre,max_players,universe_id,place_id,found_via,checked_at_utc
1579,1-BEST (MUST BUY),NEW,Clone to Steal Eggs,https://www.roblox.com/games/76943966208523/,YES,https://discord.gg/BMZwsqwsPu,Race Your Lucky Block,15949,1257,official game link,195,195,5454,,54,27,1,96.4,35.75,12,2026-09-11,2026-09-23,Group,xFrozen x Dudes,https://www.roblox.com/groups/719390069,3898264,Pro_Dev2024,https://www.roblox.com/users/5430527415/profile,,,https://youtube.com/channel/UCLqP1JHpk9RRvdKTEHGcqSA,,https://x.com/xFrozenStudios,,,https://www.facebook.com/roblox/,All,4,10766008884,76943966208523,seedfile:watchlist_history.csv,2026-09-23 14:39
1377,1-BEST (MUST BUY),NEW,[Daily Rewards! 🗓️] Dive for Animals,https://www.roblox.com/games/98532312869853/,YES,https://discord.gg/DY2dMr6pgH,S Studio Development,20,7,official game link,422,422,27627,,136,59,8,88.1,15.27,12,2026-09-11,2026-09-23,Group,S Studio Development,https://www.roblox.com/groups/36028388,649,JJsuhJJ,https://www.roblox.com/users/291942170/profile,YES,,,,,,,https://www.facebook.com/roblox/,All,6,10765980264,98532312869853,seedfile:watchlist_history.csv,2026-09-23 14:39
1360,1-BEST (MUST BUY),NEW,[🎉] Steal Noob Lucky Blocks! 😈,https://www.roblox.com/games/98465782750182/,YES,https://discord.gg/KsazDKTfV6,Steal My Server,8,7,official game link,374,374,31456,,1660,75,16,82.4,11.89,24,2026-08-30,2026-09-21,Group,Steal My Dabloons,https://www.roblox.com/groups/136543732,1532,HelxDesigns,https://www.roblox.com/users/689277747/profile,,,,,,,,RobloxGroup:https://www.roblox.com/communities/136543732 | https://www.facebook.com/roblox/,All,7,10764458279,98465782750182,seedfile:watchlist_history.csv,2026-09-23 14:39
1348,1-BEST (MUST BUY),NEW,[8.1!] Super Zombie Siege Defense,https://www.roblox.com/games/138801629175656/,YES,https://discord.gg/Z6VW2MTfcP,Super Zombie Retribution,576,96,official game link,217,217,30000,,258,91,17,84.3,7.23,17,2026-09-06,2026-09-17,Group,Super Zombie Studios,https://www.roblox.com/groups/34712488,8234,Piggy645656,https://www.roblox.com/users/3668630114/profile,,,,,,,,https://www.facebook.com/roblox/,All,50,10765361336,138801629175656,seedfile:watchlist_history.csv,2026-09-23 14:39
1126,1-BEST (MUST BUY),NEW,Build A Boat For Eggs,https://www.roblox.com/games/129373777684274/,,,,,,,120,120,22982,,96,69,8,89.6,5.22,10,2026-09-12,2026-09-22,Group,That yellow light,https://www.roblox.com/groups/968037931,167,HugeWaII,https://www.roblox.com/users/7322885447/profile,,,,,,,,https://www.facebook.com/roblox/,All,7,10766180711,129373777684274,seedfile:watchlist_history.csv,2026-09-23 14:39
633,3-GOOD,NEW,[UPD] Backflip for Animals!,https://www.roblox.com/games/88611017452341/,,https://discord.gg/SC7k34d9k (UNVERIFIED/expired),,,,owned group socials: EVERYDAY WE EAT GOOD,1055,1055,157964,,372,83,39,68.0,6.68,21,2026-09-02,2026-09-23,Group,Backflip for Animals,https://www.roblox.com/groups/1012176127,261,avoxuu,https://www.roblox.com/users/8646022159/profile,,,,,,,,https://www.facebook.com/roblox/,All,6,10764839604,88611017452341,seedfile:watchlist_history.csv,2026-09-23 14:39
581,4-MID,NEW,[🚄] Rogatki Symulator,https://www.roblox.com/games/119037354598434/,YES,https://discord.gg/3nsqaKTqUG,Fajne Gry Mudzioka,617,154,official game link,835,835,221191,,1081,448,90,83.3,3.78,11,2026-09-12,2026-09-23,User,mudziok,https://www.roblox.com/users/8500490631/profile,,mudziok,https://www.roblox.com/users/8500490631/profile,,,,,,,,https://www.facebook.com/roblox/,All,16,10766145516,119037354598434,seedfile:watchlist_history.csv,2026-09-23 14:39
568,4-MID,NEW,Steal An ASMR,https://www.roblox.com/games/113916584969344/,YES,https://discord.gg/AwJQ5BeWuD,Steal an ASMR!,27,9,official game link,828,828,241946,,1099,310,42,88.1,3.42,26,2026-08-28,2026-09-22,Group,BetterThink Studio,https://www.roblox.com/groups/689348736,22516,eyalaccounts,https://www.roblox.com/users/3008832081/profile,YES,,,,,,,https://www.facebook.com/roblox/,All,6,10764055476,113916584969344,rec:10765483513,2026-09-23 14:39
268,4-MID,NEW,Tank Wars!,https://www.roblox.com/games/84982656700856/,,,,,,,839,839,228292,,1310,486,29,94.4,3.68,93,2026-06-22,2026-09-23,Group,Combat Studs,https://www.roblox.com/groups/923109298,11324,Degeox,https://www.roblox.com/users/419128884/profile,,,,,,,,https://www.facebook.com/roblox/,All,6,10375908307,84982656700856,search:tank,2026-09-23 14:39
263,4-MID,NEW,ESCAPE PEPE'S GYM OBBY! (OBBY),https://www.roblox.com/games/99475404148278/,,,,,,,1239,1239,474669,,1334,122,79,60.7,2.61,32,2026-08-21,2026-09-20,User,Migu3lonm,https://www.roblox.com/users/2432047296/profile,,Migu3lonm,https://www.roblox.com/users/2432047296/profile,,,,,,,,https://www.facebook.com/roblox/,All,25,10750297357,99475404148278,search:gym simulator,2026-09-23 14:39
﻿priority_score,tier,new_this_run,title,game_url,has_discord,discord_url,discord_server,discord_members,discord_online,discord_via,active,peak_active_seen,visits,visits_growth_per_day,favorites,likes,dislikes,like_ratio,heat_active_per_1k_visits,age_days,created,last_updated,creator_type,creator_name,creator_url,group_members,owner_name,owner_url,owner_roblox_signal,discord_name_signal,youtube,tiktok,twitter_x,twitch,instagram,other_links,genre,max_players,universe_id,place_id,found_via,checked_at_utc
1577,1-BEST (MUST BUY),NEW,Clone to Steal Eggs,https://www.roblox.com/games/76943966208523/,YES,https://discord.gg/BMZwsqwsPu,Race Your Lucky Block,15951,1247,official game link,214,214,6035,,58,27,1,96.4,35.46,12,2026-09-11,2026-09-23,Group,xFrozen x Dudes,https://www.roblox.com/groups/719390069,3898597,Pro_Dev2024,https://www.roblox.com/users/5430527415/profile,,,https://youtube.com/channel/UCLqP1JHpk9RRvdKTEHGcqSA,,https://x.com/xFrozenStudios,,,https://www.facebook.com/roblox/,All,4,10766008884,76943966208523,seedfile:watchlist_history.csv,2026-09-23 15:08
1350,1-BEST (MUST BUY),NEW,[🎉] Steal Noob Lucky Blocks! 😈,https://www.roblox.com/games/98465782750182/,YES,https://discord.gg/KsazDKTfV6,Steal My Server,7,6,official game link,318,318,32091,,1709,75,16,82.4,9.91,24,2026-08-30,2026-09-21,Group,Steal My Dabloons,https://www.roblox.com/groups/136543732,1558,HelxDesigns,https://www.roblox.com/users/689277747/profile,,,,,,,,RobloxGroup:https://www.roblox.com/communities/136543732 | https://www.facebook.com/roblox/,All,7,10764458279,98465782750182,seedfile:watchlist_history.csv,2026-09-23 15:08
1342,1-BEST (MUST BUY),NEW,[8.1!] Super Zombie Siege Defense,https://www.roblox.com/games/138801629175656/,YES,https://discord.gg/Z6VW2MTfcP,Super Zombie Retribution,576,102,official game link,184,184,30595,,260,92,18,83.6,6.01,17,2026-09-06,2026-09-17,Group,Super Zombie Studios,https://www.roblox.com/groups/34712488,8234,Piggy645656,https://www.roblox.com/users/3668630114/profile,,,,,,,,https://www.facebook.com/roblox/,All,50,10765361336,138801629175656,seedfile:watchlist_history.csv,2026-09-23 15:08
632,3-GOOD,NEW,[UPD] Backflip for Animals!,https://www.roblox.com/games/88611017452341/,,https://discord.gg/SC7k34d9k (UNVERIFIED/expired),,,,owned group socials: EVERYDAY WE EAT GOOD,1007,1007,159794,,373,85,39,68.5,6.3,21,2026-09-02,2026-09-23,Group,Backflip for Animals,https://www.roblox.com/groups/1012176127,262,avoxuu,https://www.roblox.com/users/8646022159/profile,,,,,,,,https://www.facebook.com/roblox/,All,6,10764839604,88611017452341,seedfile:watchlist_history.csv,2026-09-23 15:08
583,4-MID,NEW,[🚄] Rogatki Symulator,https://www.roblox.com/games/119037354598434/,YES,https://discord.gg/3nsqaKTqUG,Fajne Gry Mudzioka,618,167,official game link,935,935,222964,,1087,451,90,83.4,4.19,11,2026-09-12,2026-09-23,User,mudziok,https://www.roblox.com/users/8500490631/profile,,mudziok,https://www.roblox.com/users/8500490631/profile,,,,,,,,https://www.facebook.com/roblox/,All,16,10766145516,119037354598434,seedfile:watchlist_history.csv,2026-09-23 15:08
﻿priority_score,tier,new_this_run,title,game_url,has_discord,discord_url,discord_server,discord_members,discord_online,discord_via,active,peak_active_seen,visits,visits_growth_per_day,favorites,likes,dislikes,like_ratio,heat_active_per_1k_visits,age_days,created,last_updated,creator_type,creator_name,creator_url,group_members,owner_name,owner_url,owner_roblox_signal,discord_name_signal,youtube,tiktok,twitter_x,twitch,instagram,other_links,genre,max_players,universe_id,place_id,found_via,checked_at_utc
1571,1-BEST (MUST BUY),NEW,Clone to Steal Eggs,https://www.roblox.com/games/76943966208523/,YES,https://discord.gg/BMZwsqwsPu,Race Your Lucky Block,15949,1251,official game link,217,217,6351,,61,29,1,96.7,34.17,12,2026-09-11,2026-09-23,Group,xFrozen x Dudes,https://www.roblox.com/groups/719390069,3898699,Pro_Dev2024,https://www.roblox.com/users/5430527415/profile,,,https://youtube.com/channel/UCLqP1JHpk9RRvdKTEHGcqSA,,https://x.com/xFrozenStudios,,,https://www.facebook.com/roblox/,All,4,10766008884,76943966208523,seedfile:watchlist_history.csv,2026-09-23 15:17
1350,1-BEST (MUST BUY),NEW,[🎉] Steal Noob Lucky Blocks! 😈,https://www.roblox.com/games/98465782750182/,YES,https://discord.gg/KsazDKTfV6,Steal My Server,7,6,official game link,321,321,32268,,1718,75,16,82.4,9.95,24,2026-08-30,2026-09-21,Group,Steal My Dabloons,https://www.roblox.com/groups/136543732,1567,HelxDesigns,https://www.roblox.com/users/689277747/profile,,,,,,,,RobloxGroup:https://www.roblox.com/communities/136543732 | https://www.facebook.com/roblox/,All,7,10764458279,98465782750182,seedfile:watchlist_history.csv,2026-09-23 15:17
1344,1-BEST (MUST BUY),NEW,[8.1!] Super Zombie Siege Defense,https://www.roblox.com/games/138801629175656/,YES,https://discord.gg/Z6VW2MTfcP,Super Zombie Retribution,576,95,official game link,198,198,30726,,264,92,19,82.9,6.44,17,2026-09-06,2026-09-17,Group,Super Zombie Studios,https://www.roblox.com/groups/34712488,8234,Piggy645656,https://www.roblox.com/users/3668630114/profile,,,,,,,,https://www.facebook.com/roblox/,All,50,10765361336,138801629175656,seedfile:watchlist_history.csv,2026-09-23 15:17
630,3-GOOD,NEW,[UPD] Backflip for Animals!,https://www.roblox.com/games/88611017452341/,,https://discord.gg/SC7k34d9k (UNVERIFIED/expired),,,,owned group socials: EVERYDAY WE EAT GOOD,969,969,160295,,374,85,40,68.0,6.05,21,2026-09-02,2026-09-23,Group,Backflip for Animals,https://www.roblox.com/groups/1012176127,263,avoxuu,https://www.roblox.com/users/8646022159/profile,,,,,,,,https://www.facebook.com/roblox/,All,6,10764839604,88611017452341,seedfile:watchlist_history.csv,2026-09-23 15:17
584,4-MID,NEW,[🚄] Rogatki Symulator,https://www.roblox.com/games/119037354598434/,YES,https://discord.gg/3nsqaKTqUG,Fajne Gry Mudzioka,619,172,official game link,970,970,223531,,1089,454,91,83.3,4.34,11,2026-09-12,2026-09-23,User,mudziok,https://www.roblox.com/users/8500490631/profile,,mudziok,https://www.roblox.com/users/8500490631/profile,,,,,,,,https://www.facebook.com/roblox/,All,16,10766145516,119037354598434,seedfile:watchlist_history.csv,2026-09-23 15:16
﻿priority_score,tier,new_this_run,title,game_url,has_discord,discord_url,discord_server,discord_members,discord_online,discord_via,active,peak_active_seen,visits,visits_growth_per_day,favorites,likes,dislikes,like_ratio,heat_active_per_1k_visits,age_days,created,last_updated,creator_type,creator_name,creator_url,group_members,owner_name,owner_url,owner_roblox_signal,discord_name_signal,youtube,tiktok,twitter_x,twitch,instagram,other_links,genre,max_players,universe_id,place_id,found_via,checked_at_utc
1600,1-BEST (MUST BUY),NEW,Clone to Steal Eggs,https://www.roblox.com/games/76943966208523/,YES,https://discord.gg/BMZwsqwsPu,Race Your Lucky Block,15951,1288,official game link,1058,1058,6887,,67,29,1,96.7,153.62,12,2026-09-11,2026-09-23,Group,xFrozen x Dudes,https://www.roblox.com/groups/719390069,3898918,Pro_Dev2024,https://www.roblox.com/users/5430527415/profile,,,https://youtube.com/channel/UCLqP1JHpk9RRvdKTEHGcqSA,,https://x.com/xFrozenStudios,,,https://www.facebook.com/roblox/,All,4,10766008884,76943966208523,seedfile:watchlist_history.csv,2026-09-23 15:39
1450,1-BEST (MUST BUY),NEW,Portal Arena [RELEASE],https://www.roblox.com/games/93773799627660/,YES,https://discord.gg/ER7GNSwVfn,Craig Studios,3328,213,owned group socials: Craig Studios,109,109,6509,,168,89,1,98.9,16.75,10,2026-09-12,2026-09-23,Group,[R&M] Portal Studios,https://www.roblox.com/groups/234274995,1311,IceStorm775,https://www.roblox.com/users/226246244/profile,,,,,,,,https://www.facebook.com/roblox/,All,50,10766222230,93773799627660,seedfile:watchlist_history.csv,2026-09-23 15:39
1347,1-BEST (MUST BUY),NEW,[8.1!] Super Zombie Siege Defense,https://www.roblox.com/games/138801629175656/,YES,https://discord.gg/Z6VW2MTfcP,Super Zombie Retribution,576,93,official game link,221,221,31188,,266,93,19,83.0,7.09,17,2026-09-06,2026-09-17,Group,Super Zombie Studios,https://www.roblox.com/groups/34712488,8234,Piggy645656,https://www.roblox.com/users/3668630114/profile,,,,,,,,https://www.facebook.com/roblox/,All,50,10765361336,138801629175656,seedfile:watchlist_history.csv,2026-09-23 15:39
370,4-MID,NEW,+1 Strength for Eggs,https://www.roblox.com/games/98610101874791/,,,,,,,839,839,211492,,18573,214,13,94.3,3.97,11,2026-09-12,2026-09-22,Group,Crazay ASMR,https://www.roblox.com/groups/805910705,35648,BuzzWantMoney,https://www.roblox.com/users/382906892/profile,,,,,,,,https://www.facebook.com/roblox/,All,5,10766138478,98610101874791,search:hatch eggs,2026-09-23 15:39
﻿priority_score,tier,new_this_run,title,game_url,has_discord,discord_url,discord_server,discord_members,discord_online,discord_via,active,peak_active_seen,visits,visits_growth_per_day,favorites,likes,dislikes,like_ratio,heat_active_per_1k_visits,age_days,created,last_updated,creator_type,creator_name,creator_url,group_members,owner_name,owner_url,owner_roblox_signal,discord_name_signal,youtube,tiktok,twitter_x,twitch,instagram,other_links,genre,max_players,universe_id,place_id,found_via,checked_at_utc
1582,1-BEST (MUST BUY),NEW,Clone to Steal Eggs,https://www.roblox.com/games/76943966208523/,YES,https://discord.gg/BMZwsqwsPu,Race Your Lucky Block,15963,1272,official game link,411,411,11281,,84,39,1,97.5,36.43,12,2026-09-11,2026-09-23,Group,xFrozen x Dudes,https://www.roblox.com/groups/719390069,3899527,Pro_Dev2024,https://www.roblox.com/users/5430527415/profile,,,https://youtube.com/channel/UCLqP1JHpk9RRvdKTEHGcqSA,,https://x.com/xFrozenStudios,,,https://www.facebook.com/roblox/,All,4,10766008884,76943966208523,seedfile:watchlist_history.csv,2026-09-23 16:38
1346,1-BEST (MUST BUY),NEW,[8.1!] Super Zombie Siege Defense,https://www.roblox.com/games/138801629175656/,YES,https://discord.gg/Z6VW2MTfcP,Super Zombie Retribution,577,94,official game link,221,221,32352,,275,95,20,82.6,6.83,17,2026-09-06,2026-09-17,Group,Super Zombie Studios,https://www.roblox.com/groups/34712488,8234,Piggy645656,https://www.roblox.com/users/3668630114/profile,,,,,,,,https://www.facebook.com/roblox/,All,50,10765361336,138801629175656,seedfile:watchlist_history.csv,2026-09-23 16:38
1171,1-BEST (MUST BUY),NEW,🪝+1 Grapple Hook Escape!,https://www.roblox.com/games/134372540277280/,,,,,,,495,495,34848,,241,147,26,85.0,14.2,10,2026-09-13,2026-09-22,Group,no ads games,https://www.roblox.com/groups/595110527,104218,zi4hu,https://www.roblox.com/users/3742966445/profile,,,,,,,,https://www.facebook.com/roblox/,All,8,10766320565,134372540277280,seedfile:watchlist_history.csv,2026-09-23 16:38
﻿priority_score,tier,new_this_run,title,game_url,has_discord,discord_url,discord_server,discord_members,discord_online,discord_via,active,peak_active_seen,visits,visits_growth_per_day,favorites,likes,dislikes,like_ratio,heat_active_per_1k_visits,age_days,created,last_updated,creator_type,creator_name,creator_url,group_members,owner_name,owner_url,owner_roblox_signal,discord_name_signal,youtube,tiktok,twitter_x,twitch,instagram,other_links,genre,max_players,universe_id,place_id,found_via,checked_at_utc
1552,1-BEST (MUST BUY),NEW,Clone to Steal Eggs,https://www.roblox.com/games/76943966208523/,YES,https://discord.gg/BMZwsqwsPu,Race Your Lucky Block,15970,1298,official game link,372,372,12221,,94,41,1,97.6,30.44,12,2026-09-11,2026-09-23,Group,xFrozen x Dudes,https://www.roblox.com/groups/719390069,3899794,Pro_Dev2024,https://www.roblox.com/users/5430527415/profile,,,https://youtube.com/channel/UCLqP1JHpk9RRvdKTEHGcqSA,,https://x.com/xFrozenStudios,,,https://www.facebook.com/roblox/,All,4,10766008884,76943966208523,seedfile:watchlist_history.csv,2026-09-23 17:09
1347,1-BEST (MUST BUY),NEW,[8.1!] Super Zombie Siege Defense,https://www.roblox.com/games/138801629175656/,YES,https://discord.gg/Z6VW2MTfcP,Super Zombie Retribution,577,82,official game link,231,231,32998,,279,95,20,82.6,7.0,17,2026-09-06,2026-09-17,Group,Super Zombie Studios,https://www.roblox.com/groups/34712488,8235,Piggy645656,https://www.roblox.com/users/3668630114/profile,,,,,,,,https://www.facebook.com/roblox/,All,50,10765361336,138801629175656,seedfile:watchlist_history.csv,2026-09-23 17:09
1030,1-BEST (MUST BUY),NEW,Paint The House! 🏠,https://www.roblox.com/games/103788604371123/,,,,,,,122,122,20389,,97,44,7,86.3,5.98,33,2026-08-20,2026-09-21,Group,9X Studio,https://www.roblox.com/groups/1074094786,9669113,Hal_mt,https://www.roblox.com/users/3992256722/profile,YES,,,,,,,https://www.facebook.com/roblox/,All,16,10747310045,103788604371123,seedfile:watchlist_history.csv,2026-09-23 17:09
1019,1-BEST (MUST BUY),NEW,[NOW ALPHA.EXE] Fede Vigevani's House RP🤡🏠 ,https://www.roblox.com/games/125469206413064/,,,,,,,102,102,26431,,81,16,4,80.0,3.86,98,2026-06-16,2026-09-23,Group,Michiburger Games,https://www.roblox.com/groups/342485155,304,Michiburger1212,https://www.roblox.com/users/10012244189/profile,,,,,,,,https://www.facebook.com/roblox/,All,35,10339545236,125469206413064,seedfile:watchlist_history.csv,2026-09-23 17:09
﻿priority_score,tier,new_this_run,title,game_url,has_discord,discord_url,discord_server,discord_members,discord_online,discord_via,active,peak_active_seen,visits,visits_growth_per_day,favorites,likes,dislikes,like_ratio,heat_active_per_1k_visits,age_days,created,last_updated,creator_type,creator_name,creator_url,group_members,owner_name,owner_url,owner_roblox_signal,discord_name_signal,youtube,tiktok,twitter_x,twitch,instagram,other_links,genre,max_players,universe_id,place_id,found_via,checked_at_utc
1527,1-BEST (MUST BUY),NEW,Clone to Steal Eggs,https://www.roblox.com/games/76943966208523/,YES,https://discord.gg/BMZwsqwsPu,Race Your Lucky Block,15973,1280,official game link,332,332,13100,,98,44,1,97.8,25.34,12,2026-09-11,2026-09-23,Group,xFrozen x Dudes,https://www.roblox.com/groups/719390069,3900048,Pro_Dev2024,https://www.roblox.com/users/5430527415/profile,,,https://youtube.com/channel/UCLqP1JHpk9RRvdKTEHGcqSA,,https://x.com/xFrozenStudios,,,https://www.facebook.com/roblox/,All,4,10766008884,76943966208523,seedfile:watchlist_history.csv,2026-09-23 17:38
1021,1-BEST (MUST BUY),NEW,[NOW ALPHA.EXE] Fede Vigevani's House RP🤡🏠 ,https://www.roblox.com/games/125469206413064/,,,,,,,115,115,26894,,82,16,4,80.0,4.28,99,2026-06-16,2026-09-23,Group,Michiburger Games,https://www.roblox.com/groups/342485155,304,Michiburger1212,https://www.roblox.com/users/10012244189/profile,,,,,,,,https://www.facebook.com/roblox/,All,35,10339545236,125469206413064,seedfile:watchlist_history.csv,2026-09-23 17:38
﻿priority_score,tier,new_this_run,title,game_url,has_discord,discord_url,discord_server,discord_members,discord_online,discord_via,active,peak_active_seen,visits,visits_growth_per_day,favorites,likes,dislikes,like_ratio,heat_active_per_1k_visits,age_days,created,last_updated,creator_type,creator_name,creator_url,group_members,owner_name,owner_url,owner_roblox_signal,discord_name_signal,youtube,tiktok,twitter_x,twitch,instagram,other_links,genre,max_players,universe_id,place_id,found_via,checked_at_utc
1491,1-BEST (MUST BUY),NEW,Clone to Steal Eggs,https://www.roblox.com/games/76943966208523/,YES,https://discord.gg/BMZwsqwsPu,Race Your Lucky Block,15974,1298,official game link,253,253,13876,,101,47,2,95.9,18.23,12,2026-09-11,2026-09-23,Group,xFrozen x Dudes,https://www.roblox.com/groups/719390069,3900297,Pro_Dev2024,https://www.roblox.com/users/5430527415/profile,,,https://youtube.com/channel/UCLqP1JHpk9RRvdKTEHGcqSA,,https://x.com/xFrozenStudios,,,https://www.facebook.com/roblox/,All,4,10766008884,76943966208523,seedfile:watchlist_history.csv,2026-09-23 18:10
1399,1-BEST (MUST BUY),NEW,[UPD] Jewelry Empire,https://www.roblox.com/games/97838337412007/,YES,https://discord.gg/BNff8fs2Nx,Funwise,3292,311,official group link: Funwise,144,144,21995,,252,97,18,84.3,6.55,14,2026-09-08,2026-09-23,Group,Funwise,https://www.roblox.com/groups/11338347,1122610,Zyleth,https://www.roblox.com/users/2968196/profile,YES,,,,https://x.com/FunwiseDev | https://x.com/Zyleth_,,,https://www.facebook.com/roblox/,All,8,10765708310,97838337412007,search:empire,2026-09-23 18:10
1285,1-BEST (MUST BUY),NEW,Medieval Kingdoms,https://www.roblox.com/games/95046166720010/,YES,https://discord.gg/Rfth576WPQ,Medieval Kingdoms,899,266,official game link,102,102,7662,,44,28,6,82.4,13.31,175,2026-04-01,2026-09-14,Group,Medieval Kingdoms Official,https://www.roblox.com/groups/34867514,814,MKHolderAccount,https://www.roblox.com/users/10094710374/profile,,,,,,,,https://www.facebook.com/roblox/,All,1,9973360548,95046166720010,search:kingdom,2026-09-23 18:10
1020,1-BEST (MUST BUY),NEW,[NOW ALPHA.EXE] Fede Vigevani's House RP🤡🏠 ,https://www.roblox.com/games/125469206413064/,,,,,,,111,111,27380,,83,16,4,80.0,4.05,99,2026-06-16,2026-09-23,Group,Michiburger Games,https://www.roblox.com/groups/342485155,304,Michiburger1212,https://www.roblox.com/users/10012244189/profile,,,,,,,,https://www.facebook.com/roblox/,All,35,10339545236,125469206413064,seedfile:watchlist_history.csv,2026-09-23 18:10
573,4-MID,NEW,SKI (ALPHA),https://www.roblox.com/games/92722005168254/,YES,https://discord.gg/cBB2sH6xFQ,SKI,35,10,official game link,1094,1094,247343,,1063,211,48,81.5,4.42,22,2026-08-31,2026-09-23,Group,SKΙ,https://www.roblox.com/groups/1106646316,103,Squid_Wordd,https://www.roblox.com/users/98752860/profile,,,,,,,,https://www.facebook.com/roblox/,All,25,10764640833,92722005168254,search:ski,2026-09-23 18:10
﻿priority_score,tier,new_this_run,title,game_url,has_discord,discord_url,discord_server,discord_members,discord_online,discord_via,active,peak_active_seen,visits,visits_growth_per_day,favorites,likes,dislikes,like_ratio,heat_active_per_1k_visits,age_days,created,last_updated,creator_type,creator_name,creator_url,group_members,owner_name,owner_url,owner_roblox_signal,discord_name_signal,youtube,tiktok,twitter_x,twitch,instagram,other_links,genre,max_players,universe_id,place_id,found_via,checked_at_utc
1479,1-BEST (MUST BUY),NEW,Clone to Steal Eggs,https://www.roblox.com/games/76943966208523/,YES,https://discord.gg/BMZwsqwsPu,Race Your Lucky Block,15982,1320,official game link,227,227,14401,,105,48,2,96.0,15.76,12,2026-09-11,2026-09-23,Group,xFrozen x Dudes,https://www.roblox.com/groups/719390069,3900550,Pro_Dev2024,https://www.roblox.com/users/5430527415/profile,,,https://youtube.com/channel/UCLqP1JHpk9RRvdKTEHGcqSA,,https://x.com/xFrozenStudios,,,https://www.facebook.com/roblox/,All,4,10766008884,76943966208523,seedfile:watchlist_history.csv,2026-09-23 18:38
1018,1-BEST (MUST BUY),NEW,[NOW ALPHA.EXE] Fede Vigevani's House RP🤡🏠 ,https://www.roblox.com/games/125469206413064/,,,,,,,103,103,27887,,86,16,4,80.0,3.69,99,2026-06-16,2026-09-23,Group,Michiburger Games,https://www.roblox.com/groups/342485155,304,Michiburger1212,https://www.roblox.com/users/10012244189/profile,,,,,,,,https://www.facebook.com/roblox/,All,35,10339545236,125469206413064,seedfile:watchlist_history.csv,2026-09-23 18:38
﻿priority_score,tier,new_this_run,title,game_url,has_discord,discord_url,discord_server,discord_members,discord_online,discord_via,active,peak_active_seen,visits,visits_growth_per_day,favorites,likes,dislikes,like_ratio,heat_active_per_1k_visits,age_days,created,last_updated,creator_type,creator_name,creator_url,group_members,owner_name,owner_url,owner_roblox_signal,discord_name_signal,youtube,tiktok,twitter_x,twitch,instagram,other_links,genre,max_players,universe_id,place_id,found_via,checked_at_utc
1508,1-BEST (MUST BUY),NEW,Clone to Steal Eggs,https://www.roblox.com/games/76943966208523/,YES,https://discord.gg/BWtJZhMaZJ,Be a Lucky Block,255604,19607,official group link: xFrozen x Dudes,331,331,15374,,110,49,2,96.1,21.53,12,2026-09-11,2026-09-23,Group,xFrozen x Dudes,https://www.roblox.com/groups/719390069,3900798,Pro_Dev2024,https://www.roblox.com/users/5430527415/profile,,,https://youtube.com/channel/UCLqP1JHpk9RRvdKTEHGcqSA,,https://x.com/xFrozenStudios,,,https://www.facebook.com/roblox/,All,4,10766008884,76943966208523,seedfile:watchlist_history.csv,2026-09-23 19:09
1026,1-BEST (MUST BUY),NEW,[NOW ALPHA.EXE] Fede Vigevani's House RP🤡🏠 ,https://www.roblox.com/games/125469206413064/,,,,,,,151,151,28563,,86,16,4,80.0,5.29,99,2026-06-16,2026-09-23,Group,Michiburger Games,https://www.roblox.com/groups/342485155,305,Michiburger1212,https://www.roblox.com/users/10012244189/profile,,,,,,,,https://www.facebook.com/roblox/,All,35,10339545236,125469206413064,seedfile:watchlist_history.csv,2026-09-23 19:09
﻿priority_score,tier,new_this_run,title,game_url,has_discord,discord_url,discord_server,discord_members,discord_online,discord_via,active,peak_active_seen,visits,visits_growth_per_day,favorites,likes,dislikes,like_ratio,heat_active_per_1k_visits,age_days,created,last_updated,creator_type,creator_name,creator_url,group_members,owner_name,owner_url,owner_roblox_signal,discord_name_signal,youtube,tiktok,twitter_x,twitch,instagram,other_links,genre,max_players,universe_id,place_id,found_via,checked_at_utc
1504,1-BEST (MUST BUY),NEW,Clone to Steal Eggs,https://www.roblox.com/games/76943966208523/,YES,https://discord.gg/BMZwsqwsPu,Race Your Lucky Block,15991,1299,official game link,323,323,15570,,110,51,2,96.2,20.75,12,2026-09-11,2026-09-23,Group,xFrozen x Dudes,https://www.roblox.com/groups/719390069,3900865,Pro_Dev2024,https://www.roblox.com/users/5430527415/profile,,,https://youtube.com/channel/UCLqP1JHpk9RRvdKTEHGcqSA,,https://x.com/xFrozenStudios,,,https://www.facebook.com/roblox/,All,4,10766008884,76943966208523,seedfile:watchlist_history.csv,2026-09-23 19:17
1026,1-BEST (MUST BUY),NEW,[NOW ALPHA.EXE] Fede Vigevani's House RP🤡🏠 ,https://www.roblox.com/games/125469206413064/,,,,,,,149,149,28738,,86,16,4,80.0,5.18,99,2026-06-16,2026-09-23,Group,Michiburger Games,https://www.roblox.com/groups/342485155,305,Michiburger1212,https://www.roblox.com/users/10012244189/profile,,,,,,,,https://www.facebook.com/roblox/,All,35,10339545236,125469206413064,seedfile:watchlist_history.csv,2026-09-23 19:17
﻿priority_score,tier,new_this_run,title,game_url,has_discord,discord_url,discord_server,discord_members,discord_online,discord_via,active,peak_active_seen,visits,visits_growth_per_day,favorites,likes,dislikes,like_ratio,heat_active_per_1k_visits,age_days,created,last_updated,creator_type,creator_name,creator_url,group_members,owner_name,owner_url,owner_roblox_signal,discord_name_signal,youtube,tiktok,twitter_x,twitch,instagram,other_links,genre,max_players,universe_id,place_id,found_via,checked_at_utc
1495,1-BEST (MUST BUY),NEW,Clone to Steal Eggs,https://www.roblox.com/games/76943966208523/,YES,https://discord.gg/BWtJZhMaZJ,Be a Lucky Block,255595,19122,official group link: xFrozen x Dudes,306,306,16036,,111,53,2,96.4,19.08,12,2026-09-11,2026-09-23,Group,xFrozen x Dudes,https://www.roblox.com/groups/719390069,3901031,Pro_Dev2024,https://www.roblox.com/users/5430527415/profile,,,https://youtube.com/channel/UCLqP1JHpk9RRvdKTEHGcqSA,,https://x.com/xFrozenStudios,,,https://www.facebook.com/roblox/,All,4,10766008884,76943966208523,seedfile:watchlist_history.csv,2026-09-23 19:39
1021,1-BEST (MUST BUY),NEW,[NOW ALPHA.EXE] Fede Vigevani's House RP🤡🏠 ,https://www.roblox.com/games/125469206413064/,,,,,,,123,123,29221,,86,16,4,80.0,4.21,99,2026-06-16,2026-09-23,Group,Michiburger Games,https://www.roblox.com/groups/342485155,306,Michiburger1212,https://www.roblox.com/users/10012244189/profile,,,,,,,,https://www.facebook.com/roblox/,All,35,10339545236,125469206413064,seedfile:watchlist_history.csv,2026-09-23 19:38
363,4-MID,NEW,Waddle Obby,https://www.roblox.com/games/70797316145408/,,,,,,,1060,1060,420267,,20357,1407,1069,56.8,2.52,24,2026-08-30,2026-09-23,Group,Aquatic Arcade,https://www.roblox.com/groups/1049313203,18384,Riokenbu,https://www.roblox.com/users/5062509052/profile,,,,,,,,https://www.facebook.com/roblox/,All,15,10764412489,70797316145408,search:[OBBY],2026-09-23 19:38
﻿priority_score,tier,new_this_run,title,game_url,has_discord,discord_url,discord_server,discord_members,discord_online,discord_via,active,peak_active_seen,visits,visits_growth_per_day,favorites,likes,dislikes,like_ratio,heat_active_per_1k_visits,age_days,created,last_updated,creator_type,creator_name,creator_url,group_members,owner_name,owner_url,owner_roblox_signal,discord_name_signal,youtube,tiktok,twitter_x,twitch,instagram,other_links,genre,max_players,universe_id,place_id,found_via,checked_at_utc
1500,1-BEST (MUST BUY),NEW,[TVR] The Vampires Rewritten,https://www.roblox.com/games/80027169454945/,YES,https://discord.gg/EMk8aKbwyc,Reborn Studios,9586,1209,official game link,561,561,13747,,204,89,14,86.4,40.81,117,2026-05-29,2026-09-23,User,Mystyqr,https://www.roblox.com/users/4355282124/profile,,Mystyqr,https://www.roblox.com/users/4355282124/profile,,,,,x.com/communities,,,https://www.facebook.com/roblox/,All,20,10239998053,80027169454945,search:vampire,2026-09-23 20:09
1487,1-BEST (MUST BUY),NEW,Clone to Steal Eggs,https://www.roblox.com/games/76943966208523/,YES,https://discord.gg/BWtJZhMaZJ,Be a Lucky Block,255589,18254,official group link: xFrozen x Dudes,289,289,16700,,113,56,3,94.9,17.31,12,2026-09-11,2026-09-23,Group,xFrozen x Dudes,https://www.roblox.com/groups/719390069,3901259,Pro_Dev2024,https://www.roblox.com/users/5430527415/profile,,,https://youtube.com/channel/UCLqP1JHpk9RRvdKTEHGcqSA,,https://x.com/xFrozenStudios,,,https://www.facebook.com/roblox/,All,4,10766008884,76943966208523,seedfile:watchlist_history.csv,2026-09-23 20:09
1023,1-BEST (MUST BUY),NEW,[NOW ALPHA.EXE] Fede Vigevani's House RP🤡🏠 ,https://www.roblox.com/games/125469206413064/,,,,,,,138,138,29979,,88,16,4,80.0,4.6,99,2026-06-16,2026-09-23,Group,Michiburger Games,https://www.roblox.com/groups/342485155,306,Michiburger1212,https://www.roblox.com/users/10012244189/profile,,,,,,,,https://www.facebook.com/roblox/,All,35,10339545236,125469206413064,seedfile:watchlist_history.csv,2026-09-23 20:09
﻿priority_score,tier,new_this_run,title,game_url,has_discord,discord_url,discord_server,discord_members,discord_online,discord_via,active,peak_active_seen,visits,visits_growth_per_day,favorites,likes,dislikes,like_ratio,heat_active_per_1k_visits,age_days,created,last_updated,creator_type,creator_name,creator_url,group_members,owner_name,owner_url,owner_roblox_signal,discord_name_signal,youtube,tiktok,twitter_x,twitch,instagram,other_links,genre,max_players,universe_id,place_id,found_via,checked_at_utc
1480,1-BEST (MUST BUY),NEW,Clone to Steal Eggs,https://www.roblox.com/games/76943966208523/,YES,https://discord.gg/BWtJZhMaZJ,Be a Lucky Block,255587,17354,official group link: xFrozen x Dudes,277,277,17318,,115,58,3,95.1,15.99,12,2026-09-11,2026-09-23,Group,xFrozen x Dudes,https://www.roblox.com/groups/719390069,3901497,Pro_Dev2024,https://www.roblox.com/users/5430527415/profile,,,https://youtube.com/channel/UCLqP1JHpk9RRvdKTEHGcqSA,,https://x.com/xFrozenStudios,,,https://www.facebook.com/roblox/,All,4,10766008884,76943966208523,seedfile:watchlist_history.csv,2026-09-23 20:38
1021,1-BEST (MUST BUY),NEW,[NOW ALPHA.EXE] Fede Vigevani's House RP🤡🏠 ,https://www.roblox.com/games/125469206413064/,,,,,,,127,127,30782,,89,16,4,80.0,4.13,99,2026-06-16,2026-09-23,Group,Michiburger Games,https://www.roblox.com/groups/342485155,306,Michiburger1212,https://www.roblox.com/users/10012244189/profile,,,,,,,,https://www.facebook.com/roblox/,All,35,10339545236,125469206413064,seedfile:watchlist_history.csv,2026-09-23 20:38
268,4-MID,NEW,Don't press the KEY CAP,https://www.roblox.com/games/76636639382038/,,,,,,,1625,1625,451930,,1346,151,71,68.0,3.6,72,2026-07-13,2026-09-23,Group,Silly Button,https://www.roblox.com/groups/589267769,220,HelloBaru,https://www.roblox.com/users/2445208847/profile,,,,,x.com/communities,,,https://www.facebook.com/roblox/,All,10,10496189928,76636639382038,search:t,2026-09-23 20:38
﻿priority_score,tier,new_this_run,title,game_url,has_discord,discord_url,discord_server,discord_members,discord_online,discord_via,active,peak_active_seen,visits,visits_growth_per_day,favorites,likes,dislikes,like_ratio,heat_active_per_1k_visits,age_days,created,last_updated,creator_type,creator_name,creator_url,group_members,owner_name,owner_url,owner_roblox_signal,discord_name_signal,youtube,tiktok,twitter_x,twitch,instagram,other_links,genre,max_players,universe_id,place_id,found_via,checked_at_utc
1472,1-BEST (MUST BUY),NEW,Clone to Steal Eggs,https://www.roblox.com/games/76943966208523/,YES,https://discord.gg/BMZwsqwsPu,Race Your Lucky Block,16009,1116,official game link,259,259,17910,,120,58,3,95.1,14.46,12,2026-09-11,2026-09-23,Group,xFrozen x Dudes,https://www.roblox.com/groups/719390069,3901754,Pro_Dev2024,https://www.roblox.com/users/5430527415/profile,,,https://youtube.com/channel/UCLqP1JHpk9RRvdKTEHGcqSA,,https://x.com/xFrozenStudios,,,https://www.facebook.com/roblox/,All,4,10766008884,76943966208523,seedfile:watchlist_history.csv,2026-09-23 21:08
1300,1-BEST (MUST BUY),NEW,Ride a Dino,https://www.roblox.com/games/93523763376122/,,,,,,,215,215,303,,7,6,5,54.5,709.57,30,2026-08-24,2026-09-23,Group,and Catch Them All,https://www.roblox.com/groups/808420400,4,bap_flv,https://www.roblox.com/users/8712506875/profile,,,,,,,,https://www.facebook.com/roblox/,All,8,10758824872,93523763376122,search:shark bite,2026-09-23 21:08
1137,1-BEST (MUST BUY),NEW,Paint The House! 🏠,https://www.roblox.com/games/103788604371123/,,,,,,,617,617,22467,,102,44,7,86.3,27.46,33,2026-08-20,2026-09-21,Group,9X Studio,https://www.roblox.com/groups/1074094786,9673893,Hal_mt,https://www.roblox.com/users/3992256722/profile,YES,,,,,,,https://www.facebook.com/roblox/,All,16,10747310045,103788604371123,seedfile:watchlist_history.csv,2026-09-23 21:08
1026,1-BEST (MUST BUY),NEW,[NOW ALPHA.EXE] Fede Vigevani's House RP🤡🏠 ,https://www.roblox.com/games/125469206413064/,,,,,,,165,165,31372,,90,17,5,77.3,5.26,99,2026-06-16,2026-09-23,Group,Michiburger Games,https://www.roblox.com/groups/342485155,306,Michiburger1212,https://www.roblox.com/users/10012244189/profile,,,,,,,,https://www.facebook.com/roblox/,All,35,10339545236,125469206413064,seedfile:watchlist_history.csv,2026-09-23 21:08
﻿priority_score,tier,new_this_run,title,game_url,has_discord,discord_url,discord_server,discord_members,discord_online,discord_via,active,peak_active_seen,visits,visits_growth_per_day,favorites,likes,dislikes,like_ratio,heat_active_per_1k_visits,age_days,created,last_updated,creator_type,creator_name,creator_url,group_members,owner_name,owner_url,owner_roblox_signal,discord_name_signal,youtube,tiktok,twitter_x,twitch,instagram,other_links,genre,max_players,universe_id,place_id,found_via,checked_at_utc
1493,1-BEST (MUST BUY),NEW,Clone to Steal Eggs,https://www.roblox.com/games/76943966208523/,YES,https://discord.gg/BMZwsqwsPu,Race Your Lucky Block,16014,1060,official game link,351,351,18864,,125,59,3,95.2,18.61,12,2026-09-11,2026-09-23,Group,xFrozen x Dudes,https://www.roblox.com/groups/719390069,3901993,Pro_Dev2024,https://www.roblox.com/users/5430527415/profile,,,https://youtube.com/channel/UCLqP1JHpk9RRvdKTEHGcqSA,,https://x.com/xFrozenStudios,,,https://www.facebook.com/roblox/,All,4,10766008884,76943966208523,seedfile:watchlist_history.csv,2026-09-23 21:39
1329,1-BEST (MUST BUY),NEW,+1 Plane For Eggs,https://www.roblox.com/games/133999840937537/,YES,https://discord.gg/qN6NdKA2dB,Brainrot Biomes,53,14,official group link: Freezing Cold Games,102,102,18342,,79,17,7,70.8,5.56,12,2026-09-11,2026-09-21,Group,Freezing Cold Games,https://www.roblox.com/groups/200612146,2603,MillieOrMillionz,https://www.roblox.com/users/2348905353/profile,YES,,,,,,,https://www.facebook.com/roblox/,All,6,10765990500,133999840937537,search:plane,2026-09-23 21:39
1322,1-BEST (MUST BUY),NEW,Train your Dinosaur!,https://www.roblox.com/games/72316724770382/,YES,https://discord.gg/kUWAWuk9pG,Lotus Arts,68535,7937,owned group socials: Lotus Violet,127,127,28593,,89,21,8,72.4,4.44,33,2026-08-21,2026-09-22,Group,long neck ed,https://www.roblox.com/groups/373914728,2625,LotusArts,https://www.roblox.com/users/5086973406/profile,,,https://youtube.com/@LotusArtsGames,,https://x.com/LotusArtsRBLX,,,https://www.facebook.com/roblox/,All,6,10747452361,72316724770382,seedfile:watchlist_history.csv,2026-09-23 21:39
1032,1-BEST (MUST BUY),NEW,Paint The House! 🏠,https://www.roblox.com/games/103788604371123/,,,,,,,151,151,23269,,103,45,8,84.9,6.49,33,2026-08-20,2026-09-21,Group,9X Studio,https://www.roblox.com/groups/1074094786,9674398,Hal_mt,https://www.roblox.com/users/3992256722/profile,YES,,,,,,,https://www.facebook.com/roblox/,All,16,10747310045,103788604371123,seedfile:watchlist_history.csv,2026-09-23 21:38
1021,1-BEST (MUST BUY),NEW,[NOW ALPHA.EXE] Fede Vigevani's House RP🤡🏠 ,https://www.roblox.com/games/125469206413064/,,,,,,,134,134,32258,,91,17,5,77.3,4.15,99,2026-06-16,2026-09-23,Group,Michiburger Games,https://www.roblox.com/groups/342485155,308,Michiburger1212,https://www.roblox.com/users/10012244189/profile,,,,,,,,https://www.facebook.com/roblox/,All,35,10339545236,125469206413064,seedfile:watchlist_history.csv,2026-09-23 21:39
﻿priority_score,tier,new_this_run,title,game_url,has_discord,discord_url,discord_server,discord_members,discord_online,discord_via,active,peak_active_seen,visits,visits_growth_per_day,favorites,likes,dislikes,like_ratio,heat_active_per_1k_visits,age_days,created,last_updated,creator_type,creator_name,creator_url,group_members,owner_name,owner_url,owner_roblox_signal,discord_name_signal,youtube,tiktok,twitter_x,twitch,instagram,other_links,genre,max_players,universe_id,place_id,found_via,checked_at_utc
1466,1-BEST (MUST BUY),NEW,Clone to Steal Eggs,https://www.roblox.com/games/76943966208523/,YES,https://discord.gg/BMZwsqwsPu,Race Your Lucky Block,16017,1005,official game link,256,256,19447,,128,60,3,95.2,13.16,12,2026-09-11,2026-09-23,Group,xFrozen x Dudes,https://www.roblox.com/groups/719390069,3902220,Pro_Dev2024,https://www.roblox.com/users/5430527415/profile,,,https://youtube.com/channel/UCLqP1JHpk9RRvdKTEHGcqSA,,https://x.com/xFrozenStudios,,,https://www.facebook.com/roblox/,All,4,10766008884,76943966208523,seedfile:watchlist_history.csv,2026-09-23 22:09
1322,1-BEST (MUST BUY),NEW,Train your Dinosaur!,https://www.roblox.com/games/72316724770382/,YES,https://discord.gg/kUWAWuk9pG,Lotus Arts,68535,7705,owned group socials: Lotus Violet,128,128,28789,,90,21,8,72.4,4.45,33,2026-08-21,2026-09-22,Group,long neck ed,https://www.roblox.com/groups/373914728,2626,LotusArts,https://www.roblox.com/users/5086973406/profile,,,https://youtube.com/@LotusArtsGames,,https://x.com/LotusArtsRBLX,,,https://www.facebook.com/roblox/,All,6,10747452361,72316724770382,seedfile:watchlist_history.csv,2026-09-23 22:09
1025,1-BEST (MUST BUY),NEW,Too Hot! 🔥,https://www.roblox.com/games/101463665681929/,,https://discord.gg/WP7gqCGgcb (UNVERIFIED/expired),,,,owned group socials: XTTr_Studio,104,104,20468,,1070,16,17,48.5,5.08,138,2026-05-08,2026-09-23,Group,2 Brothers Studio,https://www.roblox.com/groups/35657648,1748939,YvngZeYad,https://www.roblox.com/users/1652658127/profile,,,,,,,,https://www.facebook.com/roblox/,All,12,10136940453,101463665681929,seedfile:watchlist_history.csv,2026-09-23 22:09
1024,1-BEST (MUST BUY),NEW,[NOW ALPHA.EXE] Fede Vigevani's House RP🤡🏠 ,https://www.roblox.com/games/125469206413064/,,,,,,,157,157,33090,,91,18,6,75.0,4.74,99,2026-06-16,2026-09-23,Group,Michiburger Games,https://www.roblox.com/groups/342485155,309,Michiburger1212,https://www.roblox.com/users/10012244189/profile,,,,,,,,https://www.facebook.com/roblox/,All,35,10339545236,125469206413064,seedfile:watchlist_history.csv,2026-09-23 22:09
﻿priority_score,tier,new_this_run,title,game_url,has_discord,discord_url,discord_server,discord_members,discord_online,discord_via,active,peak_active_seen,visits,visits_growth_per_day,favorites,likes,dislikes,like_ratio,heat_active_per_1k_visits,age_days,created,last_updated,creator_type,creator_name,creator_url,group_members,owner_name,owner_url,owner_roblox_signal,discord_name_signal,youtube,tiktok,twitter_x,twitch,instagram,other_links,genre,max_players,universe_id,place_id,found_via,checked_at_utc
1470,1-BEST (MUST BUY),NEW,Clone to Steal Eggs,https://www.roblox.com/games/76943966208523/,YES,https://discord.gg/BMZwsqwsPu,Race Your Lucky Block,16017,1001,official game link,277,277,19733,,129,60,3,95.2,14.04,12,2026-09-11,2026-09-23,Group,xFrozen x Dudes,https://www.roblox.com/groups/719390069,3902384,Pro_Dev2024,https://www.roblox.com/users/5430527415/profile,,,https://youtube.com/channel/UCLqP1JHpk9RRvdKTEHGcqSA,,https://x.com/xFrozenStudios,,,https://www.facebook.com/roblox/,All,4,10766008884,76943966208523,seedfile:watchlist_history.csv,2026-09-23 22:29
1327,1-BEST (MUST BUY),NEW,Train your Dinosaur!,https://www.roblox.com/games/72316724770382/,YES,https://discord.gg/kUWAWuk9pG,Lotus Arts,68533,7565,owned group socials: Lotus Violet,154,154,28932,,91,21,8,72.4,5.32,33,2026-08-21,2026-09-22,Group,long neck ed,https://www.roblox.com/groups/373914728,2626,LotusArts,https://www.roblox.com/users/5086973406/profile,,,https://youtube.com/@LotusArtsGames,,https://x.com/LotusArtsRBLX,,,https://www.facebook.com/roblox/,All,6,10747452361,72316724770382,seedfile:watchlist_history.csv,2026-09-23 22:29
1026,1-BEST (MUST BUY),NEW,[NOW ALPHA.EXE] Fede Vigevani's House RP🤡🏠 ,https://www.roblox.com/games/125469206413064/,,,,,,,173,173,33501,,91,19,6,76.0,5.16,99,2026-06-16,2026-09-23,Group,Michiburger Games,https://www.roblox.com/groups/342485155,311,Michiburger1212,https://www.roblox.com/users/10012244189/profile,,,,,,,,https://www.facebook.com/roblox/,All,35,10339545236,125469206413064,seedfile:watchlist_history.csv,2026-09-23 22:29
﻿priority_score,tier,new_this_run,title,game_url,has_discord,discord_url,discord_server,discord_members,discord_online,discord_via,active,peak_active_seen,visits,visits_growth_per_day,favorites,likes,dislikes,like_ratio,heat_active_per_1k_visits,age_days,created,last_updated,creator_type,creator_name,creator_url,group_members,owner_name,owner_url,owner_roblox_signal,discord_name_signal,youtube,tiktok,twitter_x,twitch,instagram,other_links,genre,max_players,universe_id,place_id,found_via,checked_at_utc
1469,1-BEST (MUST BUY),NEW,Clone to Steal Eggs,https://www.roblox.com/games/76943966208523/,YES,https://discord.gg/BMZwsqwsPu,Race Your Lucky Block,16018,976,official game link,274,274,19884,,130,60,3,95.2,13.78,12,2026-09-11,2026-09-23,Group,xFrozen x Dudes,https://www.roblox.com/groups/719390069,3902472,Pro_Dev2024,https://www.roblox.com/users/5430527415/profile,,,https://youtube.com/channel/UCLqP1JHpk9RRvdKTEHGcqSA,,https://x.com/xFrozenStudios,,,https://www.facebook.com/roblox/,All,4,10766008884,76943966208523,seedfile:watchlist_history.csv,2026-09-23 22:39
1326,1-BEST (MUST BUY),NEW,Train your Dinosaur!,https://www.roblox.com/games/72316724770382/,YES,https://discord.gg/kUWAWuk9pG,Lotus Arts,68533,7532,owned group socials: Lotus Violet,149,149,29026,,92,21,8,72.4,5.13,33,2026-08-21,2026-09-22,Group,long neck ed,https://www.roblox.com/groups/373914728,2627,LotusArts,https://www.roblox.com/users/5086973406/profile,,,https://youtube.com/@LotusArtsGames,,https://x.com/LotusArtsRBLX,,,https://www.facebook.com/roblox/,All,6,10747452361,72316724770382,seedfile:watchlist_history.csv,2026-09-23 22:39
1031,1-BEST (MUST BUY),NEW,[🪽UPD!] Clickers Ultimate,https://www.roblox.com/games/97395358873146/,,https://discord.gg/s7PfRqjTGY (UNVERIFIED/expired),,,,official group link: ABC Big Studio,180,180,29125,,104,99,9,91.7,6.18,33,2026-08-21,2026-09-23,Group,ABC Big Studio,https://www.roblox.com/groups/77349234,70254,C4StIcKyBoMb,https://www.roblox.com/users/110081729/profile,,,,,x.com/communities,,,https://www.facebook.com/roblox/,All,16,10750406988,97395358873146,search:ultimate,2026-09-23 22:39
1027,1-BEST (MUST BUY),NEW,[NOW ALPHA.EXE] Fede Vigevani's House RP🤡🏠 ,https://www.roblox.com/games/125469206413064/,,,,,,,182,182,33765,,91,19,6,76.0,5.39,99,2026-06-16,2026-09-23,Group,Michiburger Games,https://www.roblox.com/groups/342485155,313,Michiburger1212,https://www.roblox.com/users/10012244189/profile,,,,,,,,https://www.facebook.com/roblox/,All,35,10339545236,125469206413064,seedfile:watchlist_history.csv,2026-09-23 22:39
﻿priority_score,tier,new_this_run,title,game_url,has_discord,discord_url,discord_server,discord_members,discord_online,discord_via,active,peak_active_seen,visits,visits_growth_per_day,favorites,likes,dislikes,like_ratio,heat_active_per_1k_visits,age_days,created,last_updated,creator_type,creator_name,creator_url,group_members,owner_name,owner_url,owner_roblox_signal,discord_name_signal,youtube,tiktok,twitter_x,twitch,instagram,other_links,genre,max_players,universe_id,place_id,found_via,checked_at_utc
1460,1-BEST (MUST BUY),NEW,Clone to Steal Eggs,https://www.roblox.com/games/76943966208523/,YES,https://discord.gg/BWtJZhMaZJ,Be a Lucky Block,255556,14897,official group link: xFrozen x Dudes,243,243,20414,,132,60,3,95.2,11.9,12,2026-09-11,2026-09-23,Group,xFrozen x Dudes,https://www.roblox.com/groups/719390069,3902716,Pro_Dev2024,https://www.roblox.com/users/5430527415/profile,,,https://youtube.com/channel/UCLqP1JHpk9RRvdKTEHGcqSA,,https://x.com/xFrozenStudios,,,https://www.facebook.com/roblox/,All,4,10766008884,76943966208523,seedfile:watchlist_history.csv,2026-09-23 23:10
1380,1-BEST (MUST BUY),NEW,[Release] Anime Card X,https://www.roblox.com/games/120809751842238/,YES,https://discord.gg/MR2kwYUcDV,Tormented Crypts,785,141,owned group socials: BmGTormenter117 Fan Group,192,192,14905,,59,61,33,64.9,12.88,25,2026-08-29,2026-09-23,Group,Cressida Studio,https://www.roblox.com/groups/34594157,1880,BmGTormenter117,https://www.roblox.com/users/543991501/profile,,,,,,,,https://www.facebook.com/roblox/,All,20,10764283075,120809751842238,search:[RELEASE],2026-09-23 23:10
1324,1-BEST (MUST BUY),NEW,Train your Dinosaur!,https://www.roblox.com/games/72316724770382/,YES,https://discord.gg/kUWAWuk9pG,Lotus Arts,68532,7472,owned group socials: Lotus Violet,143,143,29249,,92,21,8,72.4,4.89,33,2026-08-21,2026-09-22,Group,long neck ed,https://www.roblox.com/groups/373914728,2629,LotusArts,https://www.roblox.com/users/5086973406/profile,,,https://youtube.com/@LotusArtsGames,,https://x.com/LotusArtsRBLX,,,https://www.facebook.com/roblox/,All,6,10747452361,72316724770382,seedfile:watchlist_history.csv,2026-09-23 23:10
1231,1-BEST (MUST BUY),NEW,Lootbound (NEW DUNGEON),https://www.roblox.com/games/87061591699718/,YES,https://discord.gg/G94jpVTUwu,CFA Studios (Sweatshop Update),251,77,official group link: Chick-fil-A Studios,103,103,20117,,318,130,21,86.1,5.12,115,2026-05-31,2026-09-23,Group,Chick-fil-A Studios,https://www.roblox.com/groups/36023159,946,mikulas12,https://www.roblox.com/users/155173031/profile,,,,,,,,https://www.facebook.com/roblox/,All,30,10250809822,87061591699718,seedfile:watchlist_history.csv,2026-09-23 23:10
1049,1-BEST (MUST BUY),NEW,Bee Garden RNG,https://www.roblox.com/games/77696885625491/,,,,,,,101,101,10271,,37,16,3,84.2,9.83,132,2026-05-14,2026-09-23,Group,Studio 812,https://www.roblox.com/groups/772534766,274,ManiacMammoth2564,https://www.roblox.com/users/882523684/profile,,,,,,,,https://www.facebook.com/roblox/,All,6,10168557404,77696885625491,search:bee,2026-09-23 23:10
1046,1-BEST (MUST BUY),NEW,The Seven Kingdoms,https://www.roblox.com/games/18577714493/,,https://discord.gg/bsE36MX88h (UNVERIFIED/expired),,,,official group link: The Replicade Studios,345,345,37667,,361,251,13,95.1,9.16,795,2024-07-20,2026-09-23,Group,The Replicade Studios,https://www.roblox.com/groups/13581744,2474,dino5651,https://www.roblox.com/users/562710546/profile,,,,,,,,https://www.facebook.com/roblox/,All,100,6294662981,18577714493,search:kingdom,2026-09-23 23:10
1026,1-BEST (MUST BUY),NEW,[NOW ALPHA.EXE] Fede Vigevani's House RP🤡🏠 ,https://www.roblox.com/games/125469206413064/,,,,,,,177,177,34514,,92,19,6,76.0,5.13,99,2026-06-16,2026-09-23,Group,Michiburger Games,https://www.roblox.com/groups/342485155,313,Michiburger1212,https://www.roblox.com/users/10012244189/profile,,,,,,,,https://www.facebook.com/roblox/,All,35,10339545236,125469206413064,seedfile:watchlist_history.csv,2026-09-23 23:10
462,4-MID,NEW,[🏆X67] +1 Speed Slime ASMR Keyboard Escape,https://www.roblox.com/games/137443832171148/,YES,https://discord.gg/yhJ8yFVCdg,Escape tsunami for brainrot modded,17,6,official group link: X2ksa,943,943,418990,,339,28,28,50.0,2.25,32,2026-08-22,2026-09-23,Group,X2ksa,https://www.roblox.com/groups/94712847,659506,O6OSR,https://www.roblox.com/users/8083175145/profile,,,,,,,,https://www.facebook.com/roblox/,All,15,10753997249,137443832171148,search:🏆,2026-09-23 23:10
﻿priority_score,tier,new_this_run,title,game_url,has_discord,discord_url,discord_server,discord_members,discord_online,discord_via,active,peak_active_seen,visits,visits_growth_per_day,favorites,likes,dislikes,like_ratio,heat_active_per_1k_visits,age_days,created,last_updated,creator_type,creator_name,creator_url,group_members,owner_name,owner_url,owner_roblox_signal,discord_name_signal,youtube,tiktok,twitter_x,twitch,instagram,other_links,genre,max_players,universe_id,place_id,found_via,checked_at_utc
1510,1-BEST (MUST BUY),NEW,Clone to Steal Eggs,https://www.roblox.com/games/76943966208523/,YES,https://discord.gg/BMZwsqwsPu,Race Your Lucky Block,16027,981,official game link,463,463,21089,,136,60,3,95.2,21.95,12,2026-09-11,2026-09-23,Group,xFrozen x Dudes,https://www.roblox.com/groups/719390069,3902931,Pro_Dev2024,https://www.roblox.com/users/5430527415/profile,,,https://youtube.com/channel/UCLqP1JHpk9RRvdKTEHGcqSA,,https://x.com/xFrozenStudios,,,https://www.facebook.com/roblox/,All,4,10766008884,76943966208523,seedfile:watchlist_history.csv,2026-09-23 23:39
1322,1-BEST (MUST BUY),NEW,Train your Dinosaur!,https://www.roblox.com/games/72316724770382/,YES,https://discord.gg/kUWAWuk9pG,Lotus Arts,68532,7396,owned group socials: Lotus Violet,130,130,29497,,94,21,8,72.4,4.41,33,2026-08-21,2026-09-22,Group,long neck ed,https://www.roblox.com/groups/373914728,2629,LotusArts,https://www.roblox.com/users/5086973406/profile,,,https://youtube.com/@LotusArtsGames,,https://x.com/LotusArtsRBLX,,,https://www.facebook.com/roblox/,All,6,10747452361,72316724770382,seedfile:watchlist_history.csv,2026-09-23 23:39
1229,1-BEST (MUST BUY),NEW,Lootbound (NEW DUNGEON),https://www.roblox.com/games/87061591699718/,YES,https://discord.gg/G94jpVTUwu,CFA Studios (Sweatshop Update),254,78,official group link: Chick-fil-A Studios,100,100,20502,,325,132,21,86.3,4.88,115,2026-05-31,2026-09-23,Group,Chick-fil-A Studios,https://www.roblox.com/groups/36023159,949,mikulas12,https://www.roblox.com/users/155173031/profile,,,,,,,,https://www.facebook.com/roblox/,All,30,10250809822,87061591699718,seedfile:watchlist_history.csv,2026-09-23 23:39
1026,1-BEST (MUST BUY),NEW,[NOW ALPHA.EXE] Fede Vigevani's House RP🤡🏠 ,https://www.roblox.com/games/125469206413064/,,,,,,,184,184,35281,,94,20,6,76.9,5.22,99,2026-06-16,2026-09-23,Group,Michiburger Games,https://www.roblox.com/groups/342485155,313,Michiburger1212,https://www.roblox.com/users/10012244189/profile,,,,,,,,https://www.facebook.com/roblox/,All,35,10339545236,125469206413064,seedfile:watchlist_history.csv,2026-09-23 23:39
1021,1-BEST (MUST BUY),NEW,Bega's Dance Party [New Playlist🎶],https://www.roblox.com/games/138886657226401/,,,,,,,145,145,34733,,93,100,10,90.9,4.17,38,2026-08-16,2026-09-23,Group,Company bega,https://www.roblox.com/groups/613912820,1451,ParedaoBega,https://www.roblox.com/users/10617714088/profile,,,,,,,,https://www.facebook.com/roblox/,All,85,10724558112,138886657226401,search:dance,2026-09-23 23:39
﻿priority_score,tier,new_this_run,title,game_url,has_discord,discord_url,discord_server,discord_members,discord_online,discord_via,active,peak_active_seen,visits,visits_growth_per_day,favorites,likes,dislikes,like_ratio,heat_active_per_1k_visits,age_days,created,last_updated,creator_type,creator_name,creator_url,group_members,owner_name,owner_url,owner_roblox_signal,discord_name_signal,youtube,tiktok,twitter_x,twitch,instagram,other_links,genre,max_players,universe_id,place_id,found_via,checked_at_utc
1459,1-BEST (MUST BUY),NEW,Clone to Steal Eggs,https://www.roblox.com/games/76943966208523/,YES,https://discord.gg/BWtJZhMaZJ,Be a Lucky Block,255552,14792,official group link: xFrozen x Dudes,258,258,21794,,142,62,3,95.4,11.84,12,2026-09-11,2026-09-23,Group,xFrozen x Dudes,https://www.roblox.com/groups/719390069,3903148,Pro_Dev2024,https://www.roblox.com/users/5430527415/profile,,,https://youtube.com/channel/UCLqP1JHpk9RRvdKTEHGcqSA,,https://x.com/xFrozenStudios,,,https://www.facebook.com/roblox/,All,4,10766008884,76943966208523,seedfile:watchlist_history.csv,2026-09-24 00:09
1323,1-BEST (MUST BUY),NEW,Train your Dinosaur!,https://www.roblox.com/games/72316724770382/,YES,https://discord.gg/kUWAWuk9pG,Lotus Arts,68531,7473,owned group socials: Lotus Violet,135,135,29690,,96,22,9,71.0,4.55,33,2026-08-21,2026-09-22,Group,long neck ed,https://www.roblox.com/groups/373914728,2629,LotusArts,https://www.roblox.com/users/5086973406/profile,,,https://youtube.com/@LotusArtsGames,,https://x.com/LotusArtsRBLX,,,https://www.facebook.com/roblox/,All,6,10747452361,72316724770382,seedfile:watchlist_history.csv,2026-09-24 00:09
1019,1-BEST (MUST BUY),NEW,[NOW ALPHA.EXE] Fede Vigevani's House RP🤡🏠 ,https://www.roblox.com/games/125469206413064/,,,,,,,139,139,36000,,96,20,6,76.9,3.86,99,2026-06-16,2026-09-23,Group,Michiburger Games,https://www.roblox.com/groups/342485155,314,Michiburger1212,https://www.roblox.com/users/10012244189/profile,,,,,,,,https://www.facebook.com/roblox/,All,35,10339545236,125469206413064,seedfile:watchlist_history.csv,2026-09-24 00:09
813,2-GREAT,NEW,Bizarre (AFK PLACE OPEN + RELEASE SOON) ,https://www.roblox.com/games/135621866300031/,,,,,,,655,655,52307,,915,385,25,93.9,12.52,169,2026-04-07,2026-09-24,Group,Bizarre Dudez,https://www.roblox.com/groups/16856818,1616,Toxic_DreTTV,https://www.roblox.com/users/1103024690/profile,,,,,,,,https://www.facebook.com/roblox/,All,12,10004675953,135621866300031,seedfile:watchlist_history.csv,2026-09-24 00:09
﻿priority_score,tier,new_this_run,title,game_url,has_discord,discord_url,discord_server,discord_members,discord_online,discord_via,active,peak_active_seen,visits,visits_growth_per_day,favorites,likes,dislikes,like_ratio,heat_active_per_1k_visits,age_days,created,last_updated,creator_type,creator_name,creator_url,group_members,owner_name,owner_url,owner_roblox_signal,discord_name_signal,youtube,tiktok,twitter_x,twitch,instagram,other_links,genre,max_players,universe_id,place_id,found_via,checked_at_utc
1448,1-BEST (MUST BUY),NEW,Clone to Steal Eggs,https://www.roblox.com/games/76943966208523/,YES,https://discord.gg/BMZwsqwsPu,Race Your Lucky Block,16030,935,official game link,214,214,22264,,144,62,3,95.4,9.61,12,2026-09-11,2026-09-23,Group,xFrozen x Dudes,https://www.roblox.com/groups/719390069,3903377,Pro_Dev2024,https://www.roblox.com/users/5430527415/profile,,,https://youtube.com/channel/UCLqP1JHpk9RRvdKTEHGcqSA,,https://x.com/xFrozenStudios,,,https://www.facebook.com/roblox/,All,4,10766008884,76943966208523,seedfile:watchlist_history.csv,2026-09-24 00:41
1320,1-BEST (MUST BUY),NEW,Train your Dinosaur!,https://www.roblox.com/games/72316724770382/,YES,https://discord.gg/kUWAWuk9pG,Lotus Arts,68530,7478,owned group socials: Lotus Violet,119,119,29898,,96,26,9,74.3,3.98,34,2026-08-21,2026-09-22,Group,long neck ed,https://www.roblox.com/groups/373914728,2630,LotusArts,https://www.roblox.com/users/5086973406/profile,,,https://youtube.com/@LotusArtsGames,,https://x.com/LotusArtsRBLX,,,https://www.facebook.com/roblox/,All,6,10747452361,72316724770382,seedfile:watchlist_history.csv,2026-09-24 00:41
1023,1-BEST (MUST BUY),NEW,[NOW ALPHA.EXE] Fede Vigevani's House RP🤡🏠 ,https://www.roblox.com/games/125469206413064/,,,,,,,171,171,36904,,97,20,6,76.9,4.63,99,2026-06-16,2026-09-24,Group,Michiburger Games,https://www.roblox.com/groups/342485155,316,Michiburger1212,https://www.roblox.com/users/10012244189/profile,,,,,,,,https://www.facebook.com/roblox/,All,35,10339545236,125469206413064,seedfile:watchlist_history.csv,2026-09-24 00:41
﻿priority_score,tier,new_this_run,title,game_url,has_discord,discord_url,discord_server,discord_members,discord_online,discord_via,active,peak_active_seen,visits,visits_growth_per_day,favorites,likes,dislikes,like_ratio,heat_active_per_1k_visits,age_days,created,last_updated,creator_type,creator_name,creator_url,group_members,owner_name,owner_url,owner_roblox_signal,discord_name_signal,youtube,tiktok,twitter_x,twitch,instagram,other_links,genre,max_players,universe_id,place_id,found_via,checked_at_utc
1472,1-BEST (MUST BUY),NEW,Clone to Steal Eggs,https://www.roblox.com/games/76943966208523/,YES,https://discord.gg/BMZwsqwsPu,Race Your Lucky Block,16033,927,official game link,327,327,22567,,144,62,3,95.4,14.49,12,2026-09-11,2026-09-23,Group,xFrozen x Dudes,https://www.roblox.com/groups/719390069,3903531,Pro_Dev2024,https://www.roblox.com/users/5430527415/profile,,,https://youtube.com/channel/UCLqP1JHpk9RRvdKTEHGcqSA,,https://x.com/xFrozenStudios,,,https://www.facebook.com/roblox/,All,4,10766008884,76943966208523,seedfile:watchlist_history.csv,2026-09-24 01:02
1320,1-BEST (MUST BUY),NEW,Train your Dinosaur!,https://www.roblox.com/games/72316724770382/,YES,https://discord.gg/kUWAWuk9pG,Lotus Arts,68529,7432,owned group socials: Lotus Violet,117,117,30004,,97,26,9,74.3,3.9,34,2026-08-21,2026-09-22,Group,long neck ed,https://www.roblox.com/groups/373914728,2631,LotusArts,https://www.roblox.com/users/5086973406/profile,,,https://youtube.com/@LotusArtsGames,,https://x.com/LotusArtsRBLX,,,https://www.facebook.com/roblox/,All,6,10747452361,72316724770382,seedfile:watchlist_history.csv,2026-09-24 01:02
1034,1-BEST (MUST BUY),NEW,Too Hot! 🔥,https://www.roblox.com/games/101463665681929/,,https://discord.gg/WP7gqCGgcb (UNVERIFIED/expired),,,,owned group socials: XTTr_Studio,144,144,21158,,1118,16,17,48.5,6.81,138,2026-05-08,2026-09-24,Group,2 Brothers Studio,https://www.roblox.com/groups/35657648,1749068,YvngZeYad,https://www.roblox.com/users/1652658127/profile,,,,,,,,https://www.facebook.com/roblox/,All,12,10136940453,101463665681929,seedfile:watchlist_history.csv,2026-09-24 01:02
1020,1-BEST (MUST BUY),NEW,[NOW ALPHA.EXE] Fede Vigevani's House RP🤡🏠 ,https://www.roblox.com/games/125469206413064/,,,,,,,150,150,37594,,98,20,6,76.9,3.99,99,2026-06-16,2026-09-24,Group,Michiburger Games,https://www.roblox.com/groups/342485155,316,Michiburger1212,https://www.roblox.com/users/10012244189/profile,,,,,,,,https://www.facebook.com/roblox/,All,35,10339545236,125469206413064,seedfile:watchlist_history.csv,2026-09-24 01:02
﻿priority_score,tier,new_this_run,title,game_url,has_discord,discord_url,discord_server,discord_members,discord_online,discord_via,active,peak_active_seen,visits,visits_growth_per_day,favorites,likes,dislikes,like_ratio,heat_active_per_1k_visits,age_days,created,last_updated,creator_type,creator_name,creator_url,group_members,owner_name,owner_url,owner_roblox_signal,discord_name_signal,youtube,tiktok,twitter_x,twitch,instagram,other_links,genre,max_players,universe_id,place_id,found_via,checked_at_utc
1479,1-BEST (MUST BUY),NEW,Clone to Steal Eggs,https://www.roblox.com/games/76943966208523/,YES,https://discord.gg/BMZwsqwsPu,Race Your Lucky Block,16033,928,official game link,358,358,22792,,146,63,3,95.5,15.71,12,2026-09-11,2026-09-23,Group,xFrozen x Dudes,https://www.roblox.com/groups/719390069,3903574,Pro_Dev2024,https://www.roblox.com/users/5430527415/profile,,,https://youtube.com/channel/UCLqP1JHpk9RRvdKTEHGcqSA,,https://x.com/xFrozenStudios,,,https://www.facebook.com/roblox/,All,4,10766008884,76943966208523,seedfile:watchlist_history.csv,2026-09-24 01:10
1319,1-BEST (MUST BUY),NEW,Train your Dinosaur!,https://www.roblox.com/games/72316724770382/,YES,https://discord.gg/kUWAWuk9pG,Lotus Arts,68529,7406,owned group socials: Lotus Violet,117,117,30044,,97,26,10,72.2,3.89,34,2026-08-21,2026-09-22,Group,long neck ed,https://www.roblox.com/groups/373914728,2631,LotusArts,https://www.roblox.com/users/5086973406/profile,,,https://youtube.com/@LotusArtsGames,,https://x.com/LotusArtsRBLX,,,https://www.facebook.com/roblox/,All,6,10747452361,72316724770382,seedfile:watchlist_history.csv,2026-09-24 01:10
1021,1-BEST (MUST BUY),NEW,[NOW ALPHA.EXE] Fede Vigevani's House RP🤡🏠 ,https://www.roblox.com/games/125469206413064/,,,,,,,160,160,37795,,98,20,6,76.9,4.23,99,2026-06-16,2026-09-24,Group,Michiburger Games,https://www.roblox.com/groups/342485155,316,Michiburger1212,https://www.roblox.com/users/10012244189/profile,,,,,,,,https://www.facebook.com/roblox/,All,35,10339545236,125469206413064,seedfile:watchlist_history.csv,2026-09-24 01:10
﻿priority_score,tier,new_this_run,title,game_url,has_discord,discord_url,discord_server,discord_members,discord_online,discord_via,active,peak_active_seen,visits,visits_growth_per_day,favorites,likes,dislikes,like_ratio,heat_active_per_1k_visits,age_days,created,last_updated,creator_type,creator_name,creator_url,group_members,owner_name,owner_url,owner_roblox_signal,discord_name_signal,youtube,tiktok,twitter_x,twitch,instagram,other_links,genre,max_players,universe_id,place_id,found_via,checked_at_utc
1500,1-BEST (MUST BUY),NEW,Catch! (BETA),https://www.roblox.com/games/119913309874085/,YES,https://discord.gg/4jmryApCb,Catch!,4,2,official game link,106,106,2361,,26,11,2,84.6,44.9,15,2026-09-08,2026-09-24,User,Getdaburn,https://www.roblox.com/users/1697652663/profile,,Getdaburn,https://www.roblox.com/users/1697652663/profile,,,,,,,,https://www.facebook.com/roblox/,All,10,10765698943,119913309874085,search:capture,2026-09-24 01:38
1228,1-BEST (MUST BUY),NEW,Lootbound (NEW DUNGEON),https://www.roblox.com/games/87061591699718/,YES,https://discord.gg/gbGzZywSXC,CFA Studios (Sweatshop Update),261,66,official game link,102,102,22031,,344,137,21,86.7,4.63,115,2026-05-31,2026-09-23,Group,Chick-fil-A Studios,https://www.roblox.com/groups/36023159,958,mikulas12,https://www.roblox.com/users/155173031/profile,,,,,,,,https://www.facebook.com/roblox/,All,30,10250809822,87061591699718,seedfile:watchlist_history.csv,2026-09-24 01:38
1018,1-BEST (MUST BUY),NEW,[NOW ALPHA.EXE] Fede Vigevani's House RP🤡🏠 ,https://www.roblox.com/games/125469206413064/,,,,,,,139,139,38456,,100,20,6,76.9,3.61,99,2026-06-16,2026-09-24,Group,Michiburger Games,https://www.roblox.com/groups/342485155,316,Michiburger1212,https://www.roblox.com/users/10012244189/profile,,,,,,,,https://www.facebook.com/roblox/,All,35,10339545236,125469206413064,seedfile:watchlist_history.csv,2026-09-24 01:38
﻿priority_score,tier,new_this_run,title,game_url,has_discord,discord_url,discord_server,discord_members,discord_online,discord_via,active,peak_active_seen,visits,visits_growth_per_day,favorites,likes,dislikes,like_ratio,heat_active_per_1k_visits,age_days,created,last_updated,creator_type,creator_name,creator_url,group_members,owner_name,owner_url,owner_roblox_signal,discord_name_signal,youtube,tiktok,twitter_x,twitch,instagram,other_links,genre,max_players,universe_id,place_id,found_via,checked_at_utc
1521,1-BEST (MUST BUY),NEW,MM2 of The Locust,https://www.roblox.com/games/82591391194183/,YES,https://discord.gg/mm2locust,MM2 of The Locust,1037,100,official group link: XRA Games,383,383,2770,,283,21,2,91.3,138.27,0,2026-09-23,2026-09-23,Group,XRA Games,https://www.roblox.com/groups/226553259,839207,MichaelForChrist,https://www.roblox.com/users/92980209/profile,,,,,,,,https://www.facebook.com/roblox/,All,30,10767780358,82591391194183,search:mm2,2026-09-24 02:08
1317,1-BEST (MUST BUY),NEW,Train your Dinosaur!,https://www.roblox.com/games/72316724770382/,YES,https://discord.gg/kUWAWuk9pG,Lotus Arts,68528,7173,owned group socials: Lotus Violet,101,101,30385,,103,27,11,71.1,3.32,34,2026-08-21,2026-09-22,Group,long neck ed,https://www.roblox.com/groups/373914728,2632,LotusArts,https://www.roblox.com/users/5086973406/profile,,,https://youtube.com/@LotusArtsGames,,https://x.com/LotusArtsRBLX,,,https://www.facebook.com/roblox/,All,6,10747452361,72316724770382,seedfile:watchlist_history.csv,2026-09-24 02:08
1229,1-BEST (MUST BUY),NEW,Lootbound (NEW DUNGEON),https://www.roblox.com/games/87061591699718/,YES,https://discord.gg/G94jpVTUwu,CFA Studios (Sweatshop Update),265,67,official group link: Chick-fil-A Studios,108,108,22479,,349,140,21,87.0,4.8,115,2026-05-31,2026-09-23,Group,Chick-fil-A Studios,https://www.roblox.com/groups/36023159,960,mikulas12,https://www.roblox.com/users/155173031/profile,,,,,,,,https://www.facebook.com/roblox/,All,30,10250809822,87061591699718,seedfile:watchlist_history.csv,2026-09-24 02:08
1016,1-BEST (MUST BUY),NEW,[NOW ALPHA.EXE] Fede Vigevani's House RP🤡🏠 ,https://www.roblox.com/games/125469206413064/,,,,,,,126,126,39124,,101,21,6,77.8,3.22,99,2026-06-16,2026-09-24,Group,Michiburger Games,https://www.roblox.com/groups/342485155,316,Michiburger1212,https://www.roblox.com/users/10012244189/profile,,,,,,,,https://www.facebook.com/roblox/,All,35,10339545236,125469206413064,seedfile:watchlist_history.csv,2026-09-24 02:08
﻿priority_score,tier,new_this_run,title,game_url,has_discord,discord_url,discord_server,discord_members,discord_online,discord_via,active,peak_active_seen,visits,visits_growth_per_day,favorites,likes,dislikes,like_ratio,heat_active_per_1k_visits,age_days,created,last_updated,creator_type,creator_name,creator_url,group_members,owner_name,owner_url,owner_roblox_signal,discord_name_signal,youtube,tiktok,twitter_x,twitch,instagram,other_links,genre,max_players,universe_id,place_id,found_via,checked_at_utc
1228,1-BEST (MUST BUY),NEW,Lootbound (NEW DUNGEON),https://www.roblox.com/games/87061591699718/,YES,https://discord.gg/G94jpVTUwu,CFA Studios (Sweatshop Update),268,66,official group link: Chick-fil-A Studios,105,105,22868,,354,142,22,86.6,4.59,115,2026-05-31,2026-09-23,Group,Chick-fil-A Studios,https://www.roblox.com/groups/36023159,962,mikulas12,https://www.roblox.com/users/155173031/profile,,,,,,,,https://www.facebook.com/roblox/,All,30,10250809822,87061591699718,seedfile:watchlist_history.csv,2026-09-24 02:39
1014,1-BEST (MUST BUY),NEW,[NOW ALPHA.EXE] Fede Vigevani's House RP🤡🏠 ,https://www.roblox.com/games/125469206413064/,,,,,,,113,113,39667,,102,21,6,77.8,2.85,99,2026-06-16,2026-09-24,Group,Michiburger Games,https://www.roblox.com/groups/342485155,317,Michiburger1212,https://www.roblox.com/users/10012244189/profile,,,,,,,,https://www.facebook.com/roblox/,All,35,10339545236,125469206413064,seedfile:watchlist_history.csv,2026-09-24 02:39
﻿priority_score,tier,new_this_run,title,game_url,has_discord,discord_url,discord_server,discord_members,discord_online,discord_via,active,peak_active_seen,visits,visits_growth_per_day,favorites,likes,dislikes,like_ratio,heat_active_per_1k_visits,age_days,created,last_updated,creator_type,creator_name,creator_url,group_members,owner_name,owner_url,owner_roblox_signal,discord_name_signal,youtube,tiktok,twitter_x,twitch,instagram,other_links,genre,max_players,universe_id,place_id,found_via,checked_at_utc
1341,1-BEST (MUST BUY),NEW,Throw an Egg,https://www.roblox.com/games/106842241427357/,YES,https://discord.gg/hFXA3sQ2kq,Merge & Cut Grass,22,6,official game link,128,128,15737,,69,52,13,80.0,8.13,8,2026-09-15,2026-09-23,Group,Ento x Dazzy,https://www.roblox.com/groups/1109330930,2135091,TheDCraft,https://www.roblox.com/users/90351039/profile,,,,,,,,https://www.facebook.com/roblox/,All,5,10766617538,106842241427357,seedfile:watchlist_history.csv,2026-09-24 03:09
﻿priority_score,tier,new_this_run,title,game_url,has_discord,discord_url,discord_server,discord_members,discord_online,discord_via,active,peak_active_seen,visits,visits_growth_per_day,favorites,likes,dislikes,like_ratio,heat_active_per_1k_visits,age_days,created,last_updated,creator_type,creator_name,creator_url,group_members,owner_name,owner_url,owner_roblox_signal,discord_name_signal,youtube,tiktok,twitter_x,twitch,instagram,other_links,genre,max_players,universe_id,place_id,found_via,checked_at_utc
1333,1-BEST (MUST BUY),NEW,Throw an Egg,https://www.roblox.com/games/106842241427357/,YES,https://discord.gg/hFXA3sQ2kq,Merge & Cut Grass,22,7,official game link,108,108,16671,,73,52,13,80.0,6.48,8,2026-09-15,2026-09-23,Group,Ento x Dazzy,https://www.roblox.com/groups/1109330930,2135103,TheDCraft,https://www.roblox.com/users/90351039/profile,,,,,,,,https://www.facebook.com/roblox/,All,5,10766617538,106842241427357,seedfile:watchlist_history.csv,2026-09-24 04:08
﻿priority_score,tier,new_this_run,title,game_url,has_discord,discord_url,discord_server,discord_members,discord_online,discord_via,active,peak_active_seen,visits,visits_growth_per_day,favorites,likes,dislikes,like_ratio,heat_active_per_1k_visits,age_days,created,last_updated,creator_type,creator_name,creator_url,group_members,owner_name,owner_url,owner_roblox_signal,discord_name_signal,youtube,tiktok,twitter_x,twitch,instagram,other_links,genre,max_players,universe_id,place_id,found_via,checked_at_utc
635,3-GOOD,NEW,Jump To Steal Phonks,https://www.roblox.com/games/99595206014058/,,,,,,,1032,1032,148217,,528,398,22,94.8,6.96,16,2026-09-07,2026-09-22,Group,NO WHAT IS THIS,https://www.roblox.com/groups/758445217,1909,TOPGAMES555,https://www.roblox.com/users/1274298561/profile,,,,,,,,https://www.facebook.com/roblox/,All,5,10765618365,99595206014058,seedfile:watchlist_history.csv,2026-09-24 05:38
﻿priority_score,tier,new_this_run,title,game_url,has_discord,discord_url,discord_server,discord_members,discord_online,discord_via,active,peak_active_seen,visits,visits_growth_per_day,favorites,likes,dislikes,like_ratio,heat_active_per_1k_visits,age_days,created,last_updated,creator_type,creator_name,creator_url,group_members,owner_name,owner_url,owner_roblox_signal,discord_name_signal,youtube,tiktok,twitter_x,twitch,instagram,other_links,genre,max_players,universe_id,place_id,found_via,checked_at_utc
1508,1-BEST (MUST BUY),NEW,[RAID] Anime Card Resurrection,https://www.roblox.com/games/89915832078574/,YES,https://discord.gg/qPhxqjxHaP,Bushinka Studios,401,115,official group link: Bushinka Studios,147,147,1128,,19,27,0,100.0,130.32,0,2026-09-23,2026-09-24,Group,Bushinka Studios,https://www.roblox.com/groups/759136012,366,BushinkaStudios,https://www.roblox.com/users/8709855259/profile,,,,,,,,https://www.facebook.com/roblox/,All,50,10767692990,89915832078574,search:anime royale,2026-09-24 06:09
﻿priority_score,tier,new_this_run,title,game_url,has_discord,discord_url,discord_server,discord_members,discord_online,discord_via,active,peak_active_seen,visits,visits_growth_per_day,favorites,likes,dislikes,like_ratio,heat_active_per_1k_visits,age_days,created,last_updated,creator_type,creator_name,creator_url,group_members,owner_name,owner_url,owner_roblox_signal,discord_name_signal,youtube,tiktok,twitter_x,twitch,instagram,other_links,genre,max_players,universe_id,place_id,found_via,checked_at_utc
1362,1-BEST (MUST BUY),NEW,[FREE AVA + TITLE] ABYSSAL OBSTACLE V2,https://www.roblox.com/games/138222620730681/,YES,https://discord.gg/arz9nT8PZ4,Seishin Community,702,50,official game link,136,136,14082,,50,80,16,83.3,9.66,29,2026-08-25,2026-09-24,Group,SEISHIN COMMUNITY,https://www.roblox.com/groups/532484667,16113,TheFanskySlayer,https://www.roblox.com/users/8668141738/profile,,,,,,,,https://www.facebook.com/roblox/,All,30,10761001555,138222620730681,search:v2,2026-09-24 07:09
﻿priority_score,tier,new_this_run,title,game_url,has_discord,discord_url,discord_server,discord_members,discord_online,discord_via,active,peak_active_seen,visits,visits_growth_per_day,favorites,likes,dislikes,like_ratio,heat_active_per_1k_visits,age_days,created,last_updated,creator_type,creator_name,creator_url,group_members,owner_name,owner_url,owner_roblox_signal,discord_name_signal,youtube,tiktok,twitter_x,twitch,instagram,other_links,genre,max_players,universe_id,place_id,found_via,checked_at_utc
1135,1-BEST (MUST BUY),NEW,👿Become IT..,https://www.roblox.com/games/128541746270319/,,,,,,,136,136,19400,,4098,17,8,68.0,7.01,3,2026-09-20,2026-09-20,Group,New Cat King,https://www.roblox.com/groups/694798217,207641,sdorod1,https://www.roblox.com/users/9420999804/profile,,,,,,,,https://www.facebook.com/roblox/,All,12,10767268518,128541746270319,seedfile:watchlist_history.csv,2026-09-24 09:09
1126,1-BEST (MUST BUY),NEW,[🥚NEW MAP] Crack an Egg,https://www.roblox.com/games/93065155115744/,,,,,,,110,110,21516,,406,55,14,79.7,5.11,3,2026-09-20,2026-09-23,Group,What is Inside?,https://www.roblox.com/groups/985175323,368,kfetty123,https://www.roblox.com/users/198796526/profile,,,,,https://x.com/kft_rblx,,,https://www.facebook.com/roblox/,All,20,10767283406,93065155115744,seedfile:watchlist_history.csv,2026-09-24 09:09
﻿priority_score,tier,new_this_run,title,game_url,has_discord,discord_url,discord_server,discord_members,discord_online,discord_via,active,peak_active_seen,visits,visits_growth_per_day,favorites,likes,dislikes,like_ratio,heat_active_per_1k_visits,age_days,created,last_updated,creator_type,creator_name,creator_url,group_members,owner_name,owner_url,owner_roblox_signal,discord_name_signal,youtube,tiktok,twitter_x,twitch,instagram,other_links,genre,max_players,universe_id,place_id,found_via,checked_at_utc
1317,1-BEST (MUST BUY),NEW,Steal An Evil Egg 😈,https://www.roblox.com/games/112590853923988/,YES,https://discord.gg/uMwMdYreCA,BoosterSeatzz Games,11,4,official game link,101,101,29619,,166,74,18,80.4,3.41,17,2026-09-07,2026-09-24,User,zachary3330,https://www.roblox.com/users/37594608/profile,,zachary3330,https://www.roblox.com/users/37594608/profile,,,,,,,,https://www.facebook.com/roblox/,All,7,10765494608,112590853923988,seedfile:watchlist_history.csv,2026-09-24 09:39
1228,1-BEST (MUST BUY),NEW,Dig ASMR! 🧼,https://www.roblox.com/games/111118452946137/,YES,https://discord.gg/5dYHvUqSgT,LiquidRolls,42,5,official game link,100,100,18546,,60,28,2,93.3,5.39,35,2026-08-20,2026-09-24,Group,LiquidRolls,https://www.roblox.com/groups/786192242,73900,ShahanM,https://www.roblox.com/users/149275008/profile,,,,,,,,https://www.facebook.com/roblox/,All,6,10742949370,111118452946137,seedfile:watchlist_history.csv,2026-09-24 09:39
1187,1-BEST (MUST BUY),NEW,+1 Ninja Evolution,https://www.roblox.com/games/78356725254436/,,,,,,,645,645,37144,,3529,29,5,85.3,17.36,6,2026-09-17,2026-09-22,Group,Looting Bag,https://www.roblox.com/groups/885389264,5403,Bodyofswords,https://www.roblox.com/users/11503844163/profile,,,,,,,,https://www.facebook.com/roblox/,All,12,10766785909,78356725254436,search:ninja battlegrounds,2026-09-24 09:39
﻿priority_score,tier,new_this_run,title,game_url,has_discord,discord_url,discord_server,discord_members,discord_online,discord_via,active,peak_active_seen,visits,visits_growth_per_day,favorites,likes,dislikes,like_ratio,heat_active_per_1k_visits,age_days,created,last_updated,creator_type,creator_name,creator_url,group_members,owner_name,owner_url,owner_roblox_signal,discord_name_signal,youtube,tiktok,twitter_x,twitch,instagram,other_links,genre,max_players,universe_id,place_id,found_via,checked_at_utc
1319,1-BEST (MUST BUY),NEW,Steal An Evil Egg 😈,https://www.roblox.com/games/112590853923988/,YES,https://discord.gg/uMwMdYreCA,BoosterSeatzz Games,11,3,official game link,110,110,29860,,166,74,18,80.4,3.68,17,2026-09-07,2026-09-24,User,zachary3330,https://www.roblox.com/users/37594608/profile,,zachary3330,https://www.roblox.com/users/37594608/profile,,,,,,,,https://www.facebook.com/roblox/,All,7,10765494608,112590853923988,seedfile:watchlist_history.csv,2026-09-24 10:09
﻿priority_score,tier,new_this_run,title,game_url,has_discord,discord_url,discord_server,discord_members,discord_online,discord_via,active,peak_active_seen,visits,visits_growth_per_day,favorites,likes,dislikes,like_ratio,heat_active_per_1k_visits,age_days,created,last_updated,creator_type,creator_name,creator_url,group_members,owner_name,owner_url,owner_roblox_signal,discord_name_signal,youtube,tiktok,twitter_x,twitch,instagram,other_links,genre,max_players,universe_id,place_id,found_via,checked_at_utc
1318,1-BEST (MUST BUY),NEW,[⚒️] Blacksmith,https://www.roblox.com/games/109834760917626/,YES,https://discord.gg/GC8N2mCA92,Blacksmith,27,12,official game link,109,109,32101,,157,35,14,71.4,3.4,12,2026-09-12,2026-09-24,Group,that one blacksmith game,https://www.roblox.com/groups/16993450,2791,oofficialnoobie,https://www.roblox.com/users/342312925/profile,,,https://youtube.com/user/officialnoobiee,,https://x.com/officialnoobiee,,,https://www.facebook.com/roblox/,All,10,10766113101,109834760917626,search:chainsaw,2026-09-24 11:10
﻿priority_score,tier,new_this_run,title,game_url,has_discord,discord_url,discord_server,discord_members,discord_online,discord_via,active,peak_active_seen,visits,visits_growth_per_day,favorites,likes,dislikes,like_ratio,heat_active_per_1k_visits,age_days,created,last_updated,creator_type,creator_name,creator_url,group_members,owner_name,owner_url,owner_roblox_signal,discord_name_signal,youtube,tiktok,twitter_x,twitch,instagram,other_links,genre,max_players,universe_id,place_id,found_via,checked_at_utc
1317,1-BEST (MUST BUY),NEW,Steal An Evil Egg 😈,https://www.roblox.com/games/112590853923988/,YES,https://discord.gg/uMwMdYreCA,BoosterSeatzz Games,11,3,official game link,101,101,30527,,168,75,18,80.6,3.31,17,2026-09-07,2026-09-24,User,zachary3330,https://www.roblox.com/users/37594608/profile,,zachary3330,https://www.roblox.com/users/37594608/profile,,,,,,,,https://www.facebook.com/roblox/,All,7,10765494608,112590853923988,seedfile:watchlist_history.csv,2026-09-24 11:39
1225,1-BEST (MUST BUY),NEW,[🎈] Blow Up a Greedy Balloon,https://www.roblox.com/games/78557846803227/,YES,https://discord.gg/cu8CkUPSsr,[🍀] My Noobs Farm,94,10,owned group socials: Lucky block noob,103,103,22659,,130,319,17,94.9,4.55,48,2026-08-07,2026-09-24,Group,Baloon Game,https://www.roblox.com/groups/1047439616,2597,coolstylekz,https://www.roblox.com/users/11127391586/profile,,,,,,,,https://www.facebook.com/roblox/,All,6,10647488333,78557846803227,seedfile:watchlist_history.csv,2026-09-24 11:39
751,3-GOOD,NEW,[UPD] Sword RNG X,https://www.roblox.com/games/88723502997575/,YES,https://discord.gg/s6BYJTDHsY,Vermillion,837,144,official game link,978,978,144264,,1735,2126,58,97.3,6.78,91,2026-06-25,2026-09-24,Group,Vermillion Inc.,https://www.roblox.com/groups/948557217,5610,pokengameing1,https://www.roblox.com/users/252845869/profile,,,,,x.com/games,,,https://www.facebook.com/roblox/,All,10,10389762549,88723502997575,search:sword battlegrounds,2026-09-24 11:39
﻿priority_score,tier,new_this_run,title,game_url,has_discord,discord_url,discord_server,discord_members,discord_online,discord_via,active,peak_active_seen,visits,visits_growth_per_day,favorites,likes,dislikes,like_ratio,heat_active_per_1k_visits,age_days,created,last_updated,creator_type,creator_name,creator_url,group_members,owner_name,owner_url,owner_roblox_signal,discord_name_signal,youtube,tiktok,twitter_x,twitch,instagram,other_links,genre,max_players,universe_id,place_id,found_via,checked_at_utc
1500,1-BEST (MUST BUY),NEW,Golf Yard Cleanup!,https://www.roblox.com/games/118723800148573/,YES,https://discord.gg/EawktJ8MQ,Little Green Studios,11,6,official game link,542,542,10940,,69,80,9,89.9,49.54,13,2026-09-10,2026-09-23,Group,Little Green Studios,https://www.roblox.com/groups/645052820,238,OffbeattoDev,https://www.roblox.com/users/120786241/profile,,,,,,,,https://www.facebook.com/roblox/,All,12,10765906597,118723800148573,search:golf,2026-09-24 11:52
1133,1-BEST (MUST BUY),NEW,[🛡️] +1 Shield Per Click,https://www.roblox.com/games/83283886932197/,,https://discord.gg/TbTVtpW6V (UNVERIFIED/expired),,,,official game link,132,132,20000,,569,37,4,90.2,6.6,27,2026-08-27,2026-09-24,Group,[Solstice Studios],https://www.roblox.com/groups/852292832,3011,Codaskii,https://www.roblox.com/users/312451709/profile,,,,,,,,https://www.facebook.com/roblox/,All,8,10763683470,83283886932197,seedfile:watchlist_history.csv,2026-09-24 11:52
1185,2-GREAT,NEW,Guess And Slap,https://www.roblox.com/games/100975894126710/,YES,https://discord.gg/runmyfade,vlnt,6969,303,owned group socials: VLNT,684,684,97686,,366,51,42,54.8,7.0,3,2026-09-20,2026-09-24,User,ethourah,https://www.roblox.com/users/3410897369/profile,,ethourah,https://www.roblox.com/users/3410897369/profile,,,,,https://x.com/ethourah_dev,,,https://www.facebook.com/roblox/,All,30,10767308126,100975894126710,search:guess,2026-09-24 11:52
570,4-MID,NEW,[👽ALIENS] Be a Snake!,https://www.roblox.com/games/75835725495100/,YES,https://discord.gg/anTRa8KeTU,White Noise Games | Roblox Community,36,9,official game link,975,975,250095,,1078,585,132,81.6,3.9,18,2026-09-05,2026-09-23,Group,White Noise Games,https://www.roblox.com/groups/1098091018,24768,berosanderomania1231,https://www.roblox.com/users/1003344545/profile,,,,,,,,https://www.facebook.com/roblox/,All,16,10765251051,75835725495100,search:alien,2026-09-24 11:52
﻿priority_score,tier,new_this_run,title,game_url,has_discord,discord_url,discord_server,discord_members,discord_online,discord_via,active,peak_active_seen,visits,visits_growth_per_day,favorites,likes,dislikes,like_ratio,heat_active_per_1k_visits,age_days,created,last_updated,creator_type,creator_name,creator_url,group_members,owner_name,owner_url,owner_roblox_signal,discord_name_signal,youtube,tiktok,twitter_x,twitch,instagram,other_links,genre,max_players,universe_id,place_id,found_via,checked_at_utc
1318,1-BEST (MUST BUY),NEW, Experiencia Muscle [5H],https://www.roblox.com/games/105721939905016/,YES,https://discord.gg/eFR6pEdGG,Muscle Experiencia,69,7,official game link,105,105,32036,,1572,58,18,76.3,3.28,25,2026-08-30,2026-09-24,User,IPHONE_3M,https://www.roblox.com/users/4039388418/profile,,IPHONE_3M,https://www.roblox.com/users/4039388418/profile,,,,,,,,https://www.facebook.com/roblox/,All,18,10764413874,105721939905016,seedfile:watchlist_history.csv,2026-09-24 12:09
1227,1-BEST (MUST BUY),NEW,[🎈] Blow Up a Greedy Balloon,https://www.roblox.com/games/78557846803227/,YES,https://discord.gg/cu8CkUPSsr,[🍀] My Noobs Farm,94,9,owned group socials: Lucky block noob,117,117,22835,,133,323,17,95.0,5.12,48,2026-08-07,2026-09-24,Group,Baloon Game,https://www.roblox.com/groups/1047439616,2643,coolstylekz,https://www.roblox.com/users/11127391586/profile,,,,,,,,https://www.facebook.com/roblox/,All,6,10647488333,78557846803227,seedfile:watchlist_history.csv,2026-09-24 12:09
1143,1-BEST (MUST BUY),NEW,[🥚NEW MAP] Crack an Egg,https://www.roblox.com/games/93065155115744/,,,,,,,201,201,23182,,464,68,14,82.9,8.67,3,2026-09-20,2026-09-23,Group,What is Inside?,https://www.roblox.com/groups/985175323,422,kfetty123,https://www.roblox.com/users/198796526/profile,,,,,https://x.com/kft_rblx,,,https://www.facebook.com/roblox/,All,20,10767283406,93065155115744,seedfile:watchlist_history.csv,2026-09-24 12:09
1127,1-BEST (MUST BUY),NEW,[🛡️] +1 Shield Per Click,https://www.roblox.com/games/83283886932197/,,https://discord.gg/TbTVtpW6V (UNVERIFIED/expired),,,,official game link,108,108,20204,,577,37,4,90.2,5.35,27,2026-08-27,2026-09-24,Group,[Solstice Studios],https://www.roblox.com/groups/852292832,3041,Codaskii,https://www.roblox.com/users/312451709/profile,,,,,,,,https://www.facebook.com/roblox/,All,8,10763683470,83283886932197,seedfile:watchlist_history.csv,2026-09-24 12:09
﻿priority_score,tier,new_this_run,title,game_url,has_discord,discord_url,discord_server,discord_members,discord_online,discord_via,active,peak_active_seen,visits,visits_growth_per_day,favorites,likes,dislikes,like_ratio,heat_active_per_1k_visits,age_days,created,last_updated,creator_type,creator_name,creator_url,group_members,owner_name,owner_url,owner_roblox_signal,discord_name_signal,youtube,tiktok,twitter_x,twitch,instagram,other_links,genre,max_players,universe_id,place_id,found_via,checked_at_utc
1405,1-BEST (MUST BUY),NEW,Catch a Chicken 🐣,https://www.roblox.com/games/130407018163232/,YES,https://discord.gg/BFKnsESznr,401k Studios,70,14,official group link: 401k Studios,309,309,14903,,54,34,10,77.3,20.73,21,2026-09-02,2026-09-23,Group,401k Studios,https://www.roblox.com/groups/35975794,3563,iamfire247,https://www.roblox.com/users/1175106498/profile,,,,,,,,https://www.facebook.com/roblox/,All,6,10764863842,130407018163232,seedfile:watchlist_history.csv,2026-09-24 12:39
1224,1-BEST (MUST BUY),NEW,[🎈] Blow Up a Greedy Balloon,https://www.roblox.com/games/78557846803227/,YES,https://discord.gg/cu8CkUPSsr,[🍀] My Noobs Farm,94,9,owned group socials: Lucky block noob,102,102,23032,,135,324,17,95.0,4.43,48,2026-08-07,2026-09-24,Group,Baloon Game,https://www.roblox.com/groups/1047439616,2689,coolstylekz,https://www.roblox.com/users/11127391586/profile,,,,,,,,https://www.facebook.com/roblox/,All,6,10647488333,78557846803227,seedfile:watchlist_history.csv,2026-09-24 12:39
1128,1-BEST (MUST BUY),NEW,[🛡️] +1 Shield Per Click,https://www.roblox.com/games/83283886932197/,,https://discord.gg/TbTVtpW6V (UNVERIFIED/expired),,,,official game link,115,115,20506,,589,37,4,90.2,5.61,27,2026-08-27,2026-09-24,Group,[Solstice Studios],https://www.roblox.com/groups/852292832,3100,Codaskii,https://www.roblox.com/users/312451709/profile,,,,,,,,https://www.facebook.com/roblox/,All,8,10763683470,83283886932197,seedfile:watchlist_history.csv,2026-09-24 12:39
361,4-MID,NEW,[🎁] SAE BEST DIVINE + P2P ADMN PANEL 🎁,https://www.roblox.com/games/126106152706097/,,,,,,,804,804,368448,,936,301,25,92.3,2.18,15,2026-09-08,2026-09-22,Group,DEMONWING,https://www.roblox.com/groups/212182894,125291,RyzeMade,https://www.roblox.com/users/9115633267/profile,,,,,,,,https://www.facebook.com/roblox/,All,7,10765682654,126106152706097,search:p,2026-09-24 12:39
﻿priority_score,tier,new_this_run,title,game_url,has_discord,discord_url,discord_server,discord_members,discord_online,discord_via,active,peak_active_seen,visits,visits_growth_per_day,favorites,likes,dislikes,like_ratio,heat_active_per_1k_visits,age_days,created,last_updated,creator_type,creator_name,creator_url,group_members,owner_name,owner_url,owner_roblox_signal,discord_name_signal,youtube,tiktok,twitter_x,twitch,instagram,other_links,genre,max_players,universe_id,place_id,found_via,checked_at_utc
1319,1-BEST (MUST BUY),NEW, Experiencia Muscle [5H],https://www.roblox.com/games/105721939905016/,YES,https://discord.gg/eFR6pEdGG,Muscle Experiencia,69,10,official game link,116,116,32537,,1574,58,19,75.3,3.57,25,2026-08-30,2026-09-24,User,IPHONE_3M,https://www.roblox.com/users/4039388418/profile,,IPHONE_3M,https://www.roblox.com/users/4039388418/profile,,,,,,,,https://www.facebook.com/roblox/,All,18,10764413874,105721939905016,seedfile:watchlist_history.csv,2026-09-24 13:09
1319,1-BEST (MUST BUY),NEW,Steal An Evil Egg 😈,https://www.roblox.com/games/112590853923988/,YES,https://discord.gg/uMwMdYreCA,BoosterSeatzz Games,11,3,official game link,116,116,31272,,170,75,18,80.6,3.71,17,2026-09-07,2026-09-24,User,zachary3330,https://www.roblox.com/users/37594608/profile,,zachary3330,https://www.roblox.com/users/37594608/profile,,,,,,,,https://www.facebook.com/roblox/,All,7,10765494608,112590853923988,seedfile:watchlist_history.csv,2026-09-24 13:09
1123,1-BEST (MUST BUY),NEW,[🥚NEW MAP] Crack an Egg,https://www.roblox.com/games/93065155115744/,,,,,,,112,112,24618,,495,72,14,83.7,4.55,3,2026-09-20,2026-09-23,Group,What is Inside?,https://www.roblox.com/groups/985175323,451,kfetty123,https://www.roblox.com/users/198796526/profile,,,,,https://x.com/kft_rblx,,,https://www.facebook.com/roblox/,All,20,10767283406,93065155115744,seedfile:watchlist_history.csv,2026-09-24 13:09
﻿priority_score,tier,new_this_run,title,game_url,has_discord,discord_url,discord_server,discord_members,discord_online,discord_via,active,peak_active_seen,visits,visits_growth_per_day,favorites,likes,dislikes,like_ratio,heat_active_per_1k_visits,age_days,created,last_updated,creator_type,creator_name,creator_url,group_members,owner_name,owner_url,owner_roblox_signal,discord_name_signal,youtube,tiktok,twitter_x,twitch,instagram,other_links,genre,max_players,universe_id,place_id,found_via,checked_at_utc
1321,1-BEST (MUST BUY),NEW, Experiencia Muscle [5H],https://www.roblox.com/games/105721939905016/,YES,https://discord.gg/eFR6pEdGG,Muscle Experiencia,69,10,official game link,129,129,32815,,1575,58,19,75.3,3.93,25,2026-08-30,2026-09-24,User,IPHONE_3M,https://www.roblox.com/users/4039388418/profile,,IPHONE_3M,https://www.roblox.com/users/4039388418/profile,,,,,,,,https://www.facebook.com/roblox/,All,18,10764413874,105721939905016,seedfile:watchlist_history.csv,2026-09-24 13:40
1320,1-BEST (MUST BUY),NEW,Steal An Evil Egg 😈,https://www.roblox.com/games/112590853923988/,YES,https://discord.gg/uMwMdYreCA,BoosterSeatzz Games,11,3,official game link,127,127,31709,,171,76,18,80.9,4.01,17,2026-09-07,2026-09-24,User,zachary3330,https://www.roblox.com/users/37594608/profile,,zachary3330,https://www.roblox.com/users/37594608/profile,,,,,,,,https://www.facebook.com/roblox/,All,7,10765494608,112590853923988,seedfile:watchlist_history.csv,2026-09-24 13:40
1277,1-BEST (MUST BUY),NEW,Kairos Beach,https://www.roblox.com/games/137120026159072/,YES,https://discord.gg/SEbFtfNzzp,Kairos Community,660,110,official game link,131,131,10304,,11,59,3,95.2,12.71,131,2026-05-15,2026-09-24,Group,Kairos Beach,https://www.roblox.com/groups/660110138,2479,laysurbii,https://www.roblox.com/users/8661394729/profile,,,,,,,,https://www.facebook.com/roblox/,All,70,10172252200,137120026159072,search:beach,2026-09-24 13:40
﻿priority_score,tier,new_this_run,title,game_url,has_discord,discord_url,discord_server,discord_members,discord_online,discord_via,active,peak_active_seen,visits,visits_growth_per_day,favorites,likes,dislikes,like_ratio,heat_active_per_1k_visits,age_days,created,last_updated,creator_type,creator_name,creator_url,group_members,owner_name,owner_url,owner_roblox_signal,discord_name_signal,youtube,tiktok,twitter_x,twitch,instagram,other_links,genre,max_players,universe_id,place_id,found_via,checked_at_utc
1337,1-BEST (MUST BUY),NEW,Sail For Animal⛵,https://www.roblox.com/games/75348201309749/,YES,https://discord.gg/AFWQBX8RDW,Sail For Animal,19,7,official game link,122,122,16628,,1262,86,21,80.4,7.34,10,2026-09-14,2026-09-24,Group,Climb to Get Animal,https://www.roblox.com/groups/571688033,1736,Smithjaylue,https://www.roblox.com/users/7176975896/profile,,,,,,,,RobloxGroup:https://www.roblox.com/communities/571688033 | https://www.facebook.com/roblox/,All,6,10766407286,75348201309749,seedfile:watchlist_history.csv,2026-09-24 14:09
1320,1-BEST (MUST BUY),NEW, Experiencia Muscle [5H],https://www.roblox.com/games/105721939905016/,YES,https://discord.gg/eFR6pEdGG,Muscle Experiencia,69,11,official game link,122,122,33084,,1575,58,19,75.3,3.69,25,2026-08-30,2026-09-24,User,IPHONE_3M,https://www.roblox.com/users/4039388418/profile,,IPHONE_3M,https://www.roblox.com/users/4039388418/profile,,,,,,,,https://www.facebook.com/roblox/,All,18,10764413874,105721939905016,seedfile:watchlist_history.csv,2026-09-24 14:09
1318,1-BEST (MUST BUY),NEW,Steal An Evil Egg 😈,https://www.roblox.com/games/112590853923988/,YES,https://discord.gg/uMwMdYreCA,BoosterSeatzz Games,11,3,official game link,113,113,32037,,174,76,18,80.9,3.53,17,2026-09-07,2026-09-24,User,zachary3330,https://www.roblox.com/users/37594608/profile,,zachary3330,https://www.roblox.com/users/37594608/profile,,,,,,,,https://www.facebook.com/roblox/,All,7,10765494608,112590853923988,seedfile:watchlist_history.csv,2026-09-24 14:09
619,4-MID,NEW,Steal a Hacker Egg,https://www.roblox.com/games/95219522950423/,YES,https://discord.gg/U74j7y67rR,cococonutnut water,2355,143,owned group socials: Bullseye!Labs,1412,1412,320336,,43535,317,33,90.6,4.41,17,2026-09-06,2026-09-19,Group,it's time for a win,https://www.roblox.com/groups/1109248289,42989,Shancipe,https://www.roblox.com/users/503043842/profile,,,,,,,,https://www.facebook.com/roblox/,All,7,10765490955,95219522950423,search:hacker,2026-09-24 14:09
599,4-MID,NEW,Shuffle an Egg,https://www.roblox.com/games/79226825467411/,YES,https://discord.gg/7WSyGGMrPy,Dalgona Tycoon,306,27,owned group socials: Brainrot Draws,2548,2548,296377,,2256,264,51,83.8,8.6,18,2026-09-05,2026-09-24,Group,xFrozen x Cube,https://www.roblox.com/groups/473699786,216506,dev_dojo,https://www.roblox.com/users/49878346/profile,YES,,https://youtube.com/channel/UCLqP1JHpk9RRvdKTEHGcqSA,,https://x.com/xFrozenStudios,,,https://www.facebook.com/roblox/,All,5,10765279487,79226825467411,search:egg hunt,2026-09-24 14:09
267,4-MID,NEW,Steal The MM2 Weapons,https://www.roblox.com/games/114735864376769/,,https://discord.gg/SZvXkZygpV (UNVERIFIED/expired),,,,owned group socials: My Patek Brainrot,941,941,281332,,816,149,91,62.1,3.34,38,2026-08-17,2026-09-19,Group,Mystery Collection,https://www.roblox.com/groups/837861193,401,lenny13j,https://www.roblox.com/users/1017079447/profile,,,,,,,,https://www.facebook.com/roblox/,All,6,10731223294,114735864376769,search:op weapons,2026-09-24 14:09
﻿priority_score,tier,new_this_run,title,game_url,has_discord,discord_url,discord_server,discord_members,discord_online,discord_via,active,peak_active_seen,visits,visits_growth_per_day,favorites,likes,dislikes,like_ratio,heat_active_per_1k_visits,age_days,created,last_updated,creator_type,creator_name,creator_url,group_members,owner_name,owner_url,owner_roblox_signal,discord_name_signal,youtube,tiktok,twitter_x,twitch,instagram,other_links,genre,max_players,universe_id,place_id,found_via,checked_at_utc
1323,1-BEST (MUST BUY),NEW, Experiencia Muscle [5H],https://www.roblox.com/games/105721939905016/,YES,https://discord.gg/eFR6pEdGG,Muscle Experiencia,69,16,official game link,145,145,33322,,1575,58,19,75.3,4.35,25,2026-08-30,2026-09-24,User,IPHONE_3M,https://www.roblox.com/users/4039388418/profile,,IPHONE_3M,https://www.roblox.com/users/4039388418/profile,,,,,,,,https://www.facebook.com/roblox/,All,18,10764413874,105721939905016,seedfile:watchlist_history.csv,2026-09-24 14:39
1318,1-BEST (MUST BUY),NEW,Steal An Evil Egg 😈,https://www.roblox.com/games/112590853923988/,YES,https://discord.gg/uMwMdYreCA,BoosterSeatzz Games,11,3,official game link,118,118,32388,,179,77,18,81.1,3.64,17,2026-09-07,2026-09-24,User,zachary3330,https://www.roblox.com/users/37594608/profile,,zachary3330,https://www.roblox.com/users/37594608/profile,,,,,,,,https://www.facebook.com/roblox/,All,7,10765494608,112590853923988,seedfile:watchlist_history.csv,2026-09-24 14:39
1226,1-BEST (MUST BUY),NEW,Dig ASMR! 🧼,https://www.roblox.com/games/111118452946137/,YES,https://discord.gg/5dYHvUqSgT,LiquidRolls,42,6,official game link,102,102,20265,,65,28,2,93.3,5.03,35,2026-08-20,2026-09-24,Group,LiquidRolls,https://www.roblox.com/groups/786192242,73928,ShahanM,https://www.roblox.com/users/149275008/profile,,,,,,,,https://www.facebook.com/roblox/,All,6,10742949370,111118452946137,seedfile:watchlist_history.csv,2026-09-24 14:39
1140,1-BEST (MUST BUY),NEW,[UPD 1] Steal A Weapon,https://www.roblox.com/games/124894761935959/,,,,,,,298,298,37406,,2863,104,18,85.2,7.97,14,2026-09-09,2026-09-24,Group,SupaCoolGames,https://www.roblox.com/groups/990067005,2825,salam12345,https://www.roblox.com/users/25595924/profile,,,,,,,,RobloxGroup:https://www.roblox.com/communities/990067005 | https://www.facebook.com/roblox/,All,6,10765798110,124894761935959,search:steal a,2026-09-24 14:39
1015,1-BEST (MUST BUY),NEW,+1 Time Stop Escape,https://www.roblox.com/games/74386160321923/,,,,,,,110,110,36189,,297,564,48,92.2,3.04,47,2026-08-07,2026-09-24,Group,Chili Dragons,https://www.roblox.com/groups/123727165,7165,StableBugDev,https://www.roblox.com/users/9732023598/profile,,,,,,,,https://www.facebook.com/roblox/,All,20,10649689638,74386160321923,seedfile:watchlist_history.csv,2026-09-24 14:39
﻿priority_score,tier,new_this_run,title,game_url,has_discord,discord_url,discord_server,discord_members,discord_online,discord_via,active,peak_active_seen,visits,visits_growth_per_day,favorites,likes,dislikes,like_ratio,heat_active_per_1k_visits,age_days,created,last_updated,creator_type,creator_name,creator_url,group_members,owner_name,owner_url,owner_roblox_signal,discord_name_signal,youtube,tiktok,twitter_x,twitch,instagram,other_links,genre,max_players,universe_id,place_id,found_via,checked_at_utc
1448,1-BEST (MUST BUY),NEW,[ ⌛ AFK CHAMBER ] Anime Mysterious,https://www.roblox.com/games/117949143041402/,YES,https://discord.gg/xprc5RvSxq,[IN-DEV] Anime Mysterious,2421,892,official game link,513,513,8139,,65,63,2,96.9,63.03,144,2026-05-03,2026-09-24,Group,Anime Mysterious,https://www.roblox.com/groups/388331120,567,worldisalwaysleep,https://www.roblox.com/users/10327820990/profile,,,https://youtube.com/@AnimeMysterious-y8b,,,,,https://www.facebook.com/roblox/,All,15,10116272705,117949143041402,search:mystery,2026-09-24 15:09
1320,1-BEST (MUST BUY),NEW, Experiencia Muscle [5H],https://www.roblox.com/games/105721939905016/,YES,https://discord.gg/eFR6pEdGG,Muscle Experiencia,69,12,official game link,123,123,33569,,1576,59,19,75.6,3.66,25,2026-08-30,2026-09-24,User,IPHONE_3M,https://www.roblox.com/users/4039388418/profile,,IPHONE_3M,https://www.roblox.com/users/4039388418/profile,,,,,,,,https://www.facebook.com/roblox/,All,18,10764413874,105721939905016,seedfile:watchlist_history.csv,2026-09-24 15:09
1316,1-BEST (MUST BUY),NEW,Steal An Evil Egg 😈,https://www.roblox.com/games/112590853923988/,YES,https://discord.gg/uMwMdYreCA,BoosterSeatzz Games,11,4,official game link,103,103,32686,,182,78,18,81.2,3.15,17,2026-09-07,2026-09-24,User,zachary3330,https://www.roblox.com/users/37594608/profile,,zachary3330,https://www.roblox.com/users/37594608/profile,,,,,,,,https://www.facebook.com/roblox/,All,7,10765494608,112590853923988,seedfile:watchlist_history.csv,2026-09-24 15:09
608,4-MID,NEW,🎟️ Fill The Seats,https://www.roblox.com/games/85187758722746/,YES,https://discord.gg/b94jGT9,DoubleJGames,1112,137,owned group socials: DoubleJGames,1468,1468,204726,,2306,353,117,75.1,7.17,16,2026-09-07,2026-09-20,Group,The Seat Game,https://www.roblox.com/groups/828903635,73,JJGeography,https://www.roblox.com/users/42416688/profile,,,https://youtube.com/c/jjwood1600,,https://x.com/DoubleJGames | x.com/My,,,https://www.facebook.com/roblox/,All,12,10765574547,85187758722746,rec:10766439439,2026-09-24 15:09
362,4-MID,NEW,Skate for Animals!,https://www.roblox.com/games/93689328551068/,,,,,,,944,944,383434,,645,325,12,96.4,2.46,16,2026-09-08,2026-09-23,Group,no more +1,https://www.roblox.com/groups/455914232,153,TeddyyBloxs,https://www.roblox.com/users/9126979073/profile,,,,,,,,https://www.facebook.com/roblox/,All,5,10765629147,93689328551068,search:skate simulator,2026-09-24 15:09
﻿priority_score,tier,new_this_run,title,game_url,has_discord,discord_url,discord_server,discord_members,discord_online,discord_via,active,peak_active_seen,visits,visits_growth_per_day,favorites,likes,dislikes,like_ratio,heat_active_per_1k_visits,age_days,created,last_updated,creator_type,creator_name,creator_url,group_members,owner_name,owner_url,owner_roblox_signal,discord_name_signal,youtube,tiktok,twitter_x,twitch,instagram,other_links,genre,max_players,universe_id,place_id,found_via,checked_at_utc
1330,1-BEST (MUST BUY),NEW,Crush a Cube,https://www.roblox.com/games/119040675616674/,YES,https://discord.gg/3f3dYbYf2k,ClickBeats,244,51,owned group socials: Coos Studios,190,190,38507,,2108,136,7,95.1,4.93,11,2026-09-12,2026-09-23,Group,Birbing Studios,https://www.roblox.com/groups/604248443,4824,kimpieeeee,https://www.roblox.com/users/190184302/profile,,,,,,,,https://www.facebook.com/roblox/,All,16,10766183640,119040675616674,seedfile:watchlist_history.csv,2026-09-24 15:39
1321,1-BEST (MUST BUY),NEW, Experiencia Muscle [5H],https://www.roblox.com/games/105721939905016/,YES,https://discord.gg/eFR6pEdGG,Muscle Experiencia,70,12,official game link,134,134,33852,,1576,59,19,75.6,3.96,25,2026-08-30,2026-09-24,User,IPHONE_3M,https://www.roblox.com/users/4039388418/profile,,IPHONE_3M,https://www.roblox.com/users/4039388418/profile,,,,,,,,https://www.facebook.com/roblox/,All,18,10764413874,105721939905016,seedfile:watchlist_history.csv,2026-09-24 15:39
1123,1-BEST (MUST BUY),NEW,[🛡️] +1 Shield Per Click,https://www.roblox.com/games/83283886932197/,,https://discord.gg/TbTVtpW6V (UNVERIFIED/expired),,,,official game link,101,101,22126,,641,38,5,88.4,4.56,27,2026-08-27,2026-09-24,Group,[Solstice Studios],https://www.roblox.com/groups/852292832,3399,Codaskii,https://www.roblox.com/users/312451709/profile,,,,,,,,https://www.facebook.com/roblox/,All,8,10763683470,83283886932197,seedfile:watchlist_history.csv,2026-09-24 15:39
1016,1-BEST (MUST BUY),NEW,+1 Time Stop Escape,https://www.roblox.com/games/74386160321923/,,,,,,,119,119,36902,,300,573,49,92.1,3.22,47,2026-08-07,2026-09-24,Group,Chili Dragons,https://www.roblox.com/groups/123727165,7371,StableBugDev,https://www.roblox.com/users/9732023598/profile,,,,,,,,https://www.facebook.com/roblox/,All,20,10649689638,74386160321923,seedfile:watchlist_history.csv,2026-09-24 15:39
258,4-MID,NEW,+1 Flip Roller Escape 🛼,https://www.roblox.com/games/104497158012325/,,,,,,,822,822,497881,,641,116,22,84.1,1.65,58,2026-07-28,2026-09-22,Group,Birb Boiiiiis,https://www.roblox.com/groups/667280783,207,wa_ttt,https://www.roblox.com/users/1370640996/profile,,,,,,,,https://www.facebook.com/roblox/,All,20,10582816280,104497158012325,search:roll,2026-09-24 15:39
﻿priority_score,tier,new_this_run,title,game_url,has_discord,discord_url,discord_server,discord_members,discord_online,discord_via,active,peak_active_seen,visits,visits_growth_per_day,favorites,likes,dislikes,like_ratio,heat_active_per_1k_visits,age_days,created,last_updated,creator_type,creator_name,creator_url,group_members,owner_name,owner_url,owner_roblox_signal,discord_name_signal,youtube,tiktok,twitter_x,twitch,instagram,other_links,genre,max_players,universe_id,place_id,found_via,checked_at_utc
1125,1-BEST (MUST BUY),NEW,[🛡️] +1 Shield Per Click,https://www.roblox.com/games/83283886932197/,,https://discord.gg/TbTVtpW6V (UNVERIFIED/expired),,,,official game link,113,113,22373,,645,39,5,88.6,5.05,27,2026-08-27,2026-09-24,Group,[Solstice Studios],https://www.roblox.com/groups/852292832,3456,Codaskii,https://www.roblox.com/users/312451709/profile,,,,,,,,https://www.facebook.com/roblox/,All,8,10763683470,83283886932197,seedfile:watchlist_history.csv,2026-09-24 16:04
﻿priority_score,tier,new_this_run,title,game_url,has_discord,discord_url,discord_server,discord_members,discord_online,discord_via,active,peak_active_seen,visits,visits_growth_per_day,favorites,likes,dislikes,like_ratio,heat_active_per_1k_visits,age_days,created,last_updated,creator_type,creator_name,creator_url,group_members,owner_name,owner_url,owner_roblox_signal,discord_name_signal,youtube,tiktok,twitter_x,twitch,instagram,other_links,genre,max_players,universe_id,place_id,found_via,checked_at_utc
1132,1-BEST (MUST BUY),NEW,Steal a Phonk,https://www.roblox.com/games/79088360688458/,,,,,,,114,114,17567,,64,9,13,40.9,6.49,3,2026-09-20,2026-09-22,Group,ONYX Media,https://www.roblox.com/groups/895106725,1,sxidbtw,https://www.roblox.com/users/11670917180/profile,,,,,,,,https://www.facebook.com/roblox/,All,6,10767319799,79088360688458,seedfile:watchlist_history.csv,2026-09-24 16:13
1016,1-BEST (MUST BUY),NEW,+1 Time Stop Escape,https://www.roblox.com/games/74386160321923/,,,,,,,118,118,37315,,304,585,49,92.3,3.16,47,2026-08-07,2026-09-24,Group,Chili Dragons,https://www.roblox.com/groups/123727165,7476,StableBugDev,https://www.roblox.com/users/9732023598/profile,,,,,,,,https://www.facebook.com/roblox/,All,20,10649689638,74386160321923,seedfile:watchlist_history.csv,2026-09-24 16:13
﻿priority_score,tier,new_this_run,title,game_url,has_discord,discord_url,discord_server,discord_members,discord_online,discord_via,active,peak_active_seen,visits,visits_growth_per_day,favorites,likes,dislikes,like_ratio,heat_active_per_1k_visits,age_days,created,last_updated,creator_type,creator_name,creator_url,group_members,owner_name,owner_url,owner_roblox_signal,discord_name_signal,youtube,tiktok,twitter_x,twitch,instagram,other_links,genre,max_players,universe_id,place_id,found_via,checked_at_utc
1018,1-BEST (MUST BUY),NEW,+1 Time Stop Escape,https://www.roblox.com/games/74386160321923/,,,,,,,133,133,37665,,306,588,50,92.2,3.53,47,2026-08-07,2026-09-24,Group,Chili Dragons,https://www.roblox.com/groups/123727165,7571,StableBugDev,https://www.roblox.com/users/9732023598/profile,,,,,,,,https://www.facebook.com/roblox/,All,20,10649689638,74386160321923,seedfile:watchlist_history.csv,2026-09-24 16:39
﻿priority_score,tier,new_this_run,title,game_url,has_discord,discord_url,discord_server,discord_members,discord_online,discord_via,active,peak_active_seen,visits,visits_growth_per_day,favorites,likes,dislikes,like_ratio,heat_active_per_1k_visits,age_days,created,last_updated,creator_type,creator_name,creator_url,group_members,owner_name,owner_url,owner_roblox_signal,discord_name_signal,youtube,tiktok,twitter_x,twitch,instagram,other_links,genre,max_players,universe_id,place_id,found_via,checked_at_utc
1014,1-BEST (MUST BUY),NEW,+1 Time Stop Escape,https://www.roblox.com/games/74386160321923/,,,,,,,108,108,38071,,311,596,50,92.3,2.84,48,2026-08-07,2026-09-24,Group,Chili Dragons,https://www.roblox.com/groups/123727165,7674,StableBugDev,https://www.roblox.com/users/9732023598/profile,,,,,,,,https://www.facebook.com/roblox/,All,20,10649689638,74386160321923,seedfile:watchlist_history.csv,2026-09-24 17:10
469,4-MID,NEW,[👟X50] +1 Speed Soap Keyboard Escape,https://www.roblox.com/games/94336243865963/,YES,https://discord.gg/zxax9ETwsd,fight in a prison,100,14,owned group socials: Sarahs Experiences,1280,1280,371566,,29979,446,49,90.1,3.44,98,2026-06-18,2026-09-23,Group,Soapy Keys,https://www.roblox.com/groups/1015652336,30777,Fastlocks,https://www.roblox.com/users/322166725/profile,YES,,,,https://x.com/NiteGamesLab,,,https://www.facebook.com/roblox/,All,14,10349239695,94336243865963,rec:10034443892,2026-09-24 17:10
﻿priority_score,tier,new_this_run,title,game_url,has_discord,discord_url,discord_server,discord_members,discord_online,discord_via,active,peak_active_seen,visits,visits_growth_per_day,favorites,likes,dislikes,like_ratio,heat_active_per_1k_visits,age_days,created,last_updated,creator_type,creator_name,creator_url,group_members,owner_name,owner_url,owner_roblox_signal,discord_name_signal,youtube,tiktok,twitter_x,twitch,instagram,other_links,genre,max_players,universe_id,place_id,found_via,checked_at_utc
1344,1-BEST (MUST BUY),NEW,[UPD 1] SCP Incremental,https://www.roblox.com/games/91791215114962/,YES,https://discord.gg/tthVHgUry,SCP incremental,41,18,official game link,111,111,12728,,168,77,25,75.5,8.72,22,2026-09-01,2026-09-24,Group,incremental guys,https://www.roblox.com/groups/99677423,81,loxkozurnuy,https://www.roblox.com/users/670013738/profile,,,,,,,,https://www.facebook.com/roblox/,All,7,10764779252,91791215114962,search:scp,2026-09-24 17:39
1014,1-BEST (MUST BUY),NEW,+1 Time Stop Escape,https://www.roblox.com/games/74386160321923/,,,,,,,108,108,38426,,314,605,51,92.2,2.81,48,2026-08-07,2026-09-24,Group,Chili Dragons,https://www.roblox.com/groups/123727165,7752,StableBugDev,https://www.roblox.com/users/9732023598/profile,,,,,,,,https://www.facebook.com/roblox/,All,20,10649689638,74386160321923,seedfile:watchlist_history.csv,2026-09-24 17:39
﻿priority_score,tier,new_this_run,title,game_url,has_discord,discord_url,discord_server,discord_members,discord_online,discord_via,active,peak_active_seen,visits,visits_growth_per_day,favorites,likes,dislikes,like_ratio,heat_active_per_1k_visits,age_days,created,last_updated,creator_type,creator_name,creator_url,group_members,owner_name,owner_url,owner_roblox_signal,discord_name_signal,youtube,tiktok,twitter_x,twitch,instagram,other_links,genre,max_players,universe_id,place_id,found_via,checked_at_utc
1017,1-BEST (MUST BUY),NEW,+1 Time Stop Escape,https://www.roblox.com/games/74386160321923/,,,,,,,131,131,38786,,324,613,51,92.3,3.38,48,2026-08-07,2026-09-24,Group,Chili Dragons,https://www.roblox.com/groups/123727165,7847,StableBugDev,https://www.roblox.com/users/9732023598/profile,,,,,,,,https://www.facebook.com/roblox/,All,20,10649689638,74386160321923,seedfile:watchlist_history.csv,2026-09-24 18:09
﻿priority_score,tier,new_this_run,title,game_url,has_discord,discord_url,discord_server,discord_members,discord_online,discord_via,active,peak_active_seen,visits,visits_growth_per_day,favorites,likes,dislikes,like_ratio,heat_active_per_1k_visits,age_days,created,last_updated,creator_type,creator_name,creator_url,group_members,owner_name,owner_url,owner_roblox_signal,discord_name_signal,youtube,tiktok,twitter_x,twitch,instagram,other_links,genre,max_players,universe_id,place_id,found_via,checked_at_utc
1019,1-BEST (MUST BUY),NEW,+1 Time Stop Escape,https://www.roblox.com/games/74386160321923/,,,,,,,146,146,39205,,330,623,52,92.3,3.72,48,2026-08-07,2026-09-24,Group,Chili Dragons,https://www.roblox.com/groups/123727165,7944,StableBugDev,https://www.roblox.com/users/9732023598/profile,,,,,,,,https://www.facebook.com/roblox/,All,20,10649689638,74386160321923,seedfile:watchlist_history.csv,2026-09-24 18:38
﻿priority_score,tier,new_this_run,title,game_url,has_discord,discord_url,discord_server,discord_members,discord_online,discord_via,active,peak_active_seen,visits,visits_growth_per_day,favorites,likes,dislikes,like_ratio,heat_active_per_1k_visits,age_days,created,last_updated,creator_type,creator_name,creator_url,group_members,owner_name,owner_url,owner_roblox_signal,discord_name_signal,youtube,tiktok,twitter_x,twitch,instagram,other_links,genre,max_players,universe_id,place_id,found_via,checked_at_utc
1129,1-BEST (MUST BUY),NEW,Dig an Egg! 🥚,https://www.roblox.com/games/115645995421284/,,,,,,,103,103,17811,,205,162,11,93.6,5.78,5,2026-09-18,2026-09-23,Group,Joe's Great Games,https://www.roblox.com/groups/330068102,3795,YooThatsJoe,https://www.roblox.com/users/5112544040/profile,,,,,,,,https://www.facebook.com/roblox/,All,6,10766961355,115645995421284,seedfile:watchlist_history.csv,2026-09-24 19:09
1123,1-BEST (MUST BUY),NEW,Ride and Steal Pets [RELEASE],https://www.roblox.com/games/78328352167063/,,,,,,,159,159,35024,,116,25,4,86.2,4.54,10,2026-09-14,2026-09-24,Group,and Collect Rare Animals,https://www.roblox.com/groups/98473586,2214,AimlessEddy,https://www.roblox.com/users/134956241/profile,,,,,,,,https://www.facebook.com/roblox/,All,7,10766408337,78328352167063,search:release,2026-09-24 19:09
1020,1-BEST (MUST BUY),NEW,+1 Time Stop Escape,https://www.roblox.com/games/74386160321923/,,,,,,,158,158,39665,,337,633,52,92.4,3.98,48,2026-08-07,2026-09-24,Group,Chili Dragons,https://www.roblox.com/groups/123727165,8036,StableBugDev,https://www.roblox.com/users/9732023598/profile,,,,,,,,https://www.facebook.com/roblox/,All,20,10649689638,74386160321923,seedfile:watchlist_history.csv,2026-09-24 19:09
665,4-MID,NEW,SKYFIRE [BETA],https://www.roblox.com/games/137029702070476/,YES,https://discord.gg/fzWtPmHc3f,Tishina Games,7266,1052,official game link,1323,1323,431335,,2122,888,154,85.2,3.07,15,2026-09-09,2026-09-19,Group,Tishina Games,https://www.roblox.com/groups/35609814,34958,mixa10356,https://www.roblox.com/users/100875127/profile,,,,,,,,https://www.facebook.com/roblox/,All,20,10765787700,137029702070476,search:[BETA],2026-09-24 19:09
﻿priority_score,tier,new_this_run,title,game_url,has_discord,discord_url,discord_server,discord_members,discord_online,discord_via,active,peak_active_seen,visits,visits_growth_per_day,favorites,likes,dislikes,like_ratio,heat_active_per_1k_visits,age_days,created,last_updated,creator_type,creator_name,creator_url,group_members,owner_name,owner_url,owner_roblox_signal,discord_name_signal,youtube,tiktok,twitter_x,twitch,instagram,other_links,genre,max_players,universe_id,place_id,found_via,checked_at_utc
1332,1-BEST (MUST BUY),NEW,[hotfix] Endless Numbers,https://www.roblox.com/games/106291061770084/,YES,https://discord.gg/JbMNwurXM9,Panda & Dumplings,231,85,official game link,110,110,19812,,231,126,59,68.1,5.55,24,2026-08-31,2026-09-24,Group,Panda & Dumplings,https://www.roblox.com/groups/437315942,154,RulerOfModule,https://www.roblox.com/users/7674249440/profile,,,,,,,,https://www.facebook.com/roblox/,All,9,10764567683,106291061770084,rec:10677805895,2026-09-24 19:39
﻿priority_score,tier,new_this_run,title,game_url,has_discord,discord_url,discord_server,discord_members,discord_online,discord_via,active,peak_active_seen,visits,visits_growth_per_day,favorites,likes,dislikes,like_ratio,heat_active_per_1k_visits,age_days,created,last_updated,creator_type,creator_name,creator_url,group_members,owner_name,owner_url,owner_roblox_signal,discord_name_signal,youtube,tiktok,twitter_x,twitch,instagram,other_links,genre,max_players,universe_id,place_id,found_via,checked_at_utc
1264,1-BEST (MUST BUY),NEW,Steal An Animal,https://www.roblox.com/games/74229368955356/,YES,https://discord.gg/FNCCBzz4fQ,Steal an Animal,17,9,official game link,242,242,18872,,1041,58,6,90.6,12.82,316,2025-11-12,2026-09-24,Group,Animals All Around,https://www.roblox.com/groups/729837784,138,noctisnine,https://www.roblox.com/users/8452432817/profile,,,,,,,,https://www.facebook.com/roblox/,All,6,9152559160,74229368955356,search:steal a,2026-09-24 20:07
﻿priority_score,tier,new_this_run,title,game_url,has_discord,discord_url,discord_server,discord_members,discord_online,discord_via,active,peak_active_seen,visits,visits_growth_per_day,favorites,likes,dislikes,like_ratio,heat_active_per_1k_visits,age_days,created,last_updated,creator_type,creator_name,creator_url,group_members,owner_name,owner_url,owner_roblox_signal,discord_name_signal,youtube,tiktok,twitter_x,twitch,instagram,other_links,genre,max_players,universe_id,place_id,found_via,checked_at_utc
1271,1-BEST (MUST BUY),NEW,Ship Battles ,https://www.roblox.com/games/124524152557574/,YES,https://discord.gg/nc6dKeaRAf,DosBro Studio,24,9,official game link,157,157,11173,,79,8,3,72.7,14.05,264,2026-01-02,2026-09-24,Group,Boating Games,https://www.roblox.com/groups/690115967,1037,HeitorDeveloper,https://www.roblox.com/users/11648308125/profile,,,,,,,,RobloxGroup:https://www.roblox.com/communities/690115967 | https://www.facebook.com/roblox/,All,12,9491554899,124524152557574,seedfile:watchlist_history.csv,2026-09-24 20:16
﻿priority_score,tier,new_this_run,title,game_url,has_discord,discord_url,discord_server,discord_members,discord_online,discord_via,active,peak_active_seen,visits,visits_growth_per_day,favorites,likes,dislikes,like_ratio,heat_active_per_1k_visits,age_days,created,last_updated,creator_type,creator_name,creator_url,group_members,owner_name,owner_url,owner_roblox_signal,discord_name_signal,youtube,tiktok,twitter_x,twitch,instagram,other_links,genre,max_players,universe_id,place_id,found_via,checked_at_utc
1168,1-BEST (MUST BUY),NEW,🐠 Catch Every Fish In The Lake!,https://www.roblox.com/games/114217356897011/,,https://discord.gg/AzTY5gBa (UNVERIFIED/expired),,,,owned group socials: Pixelated Perfectionists,498,498,36594,,104,12,6,66.7,13.61,15,2026-09-09,2026-09-22,Group,Spearfishing Devs,https://www.roblox.com/groups/110412533,35,JakeDevvs,https://www.roblox.com/users/4752784339/profile,,,,,,,,https://www.facebook.com/roblox/,All,10,10765766892,114217356897011,search:fishing simulator,2026-09-24 20:39
1164,1-BEST (MUST BUY),NEW,+1 Snowball To Escape Lava ,https://www.roblox.com/games/116538192894346/,,,,,,,444,444,34533,,2305,22,3,88.0,12.86,17,2026-09-07,2026-09-23,Group,ShamShaws Studio,https://www.roblox.com/groups/364700616,2967,shamshaws,https://www.roblox.com/users/10859001730/profile,,,,,,,,https://www.facebook.com/roblox/,All,12,10765599781,116538192894346,search:escape lava,2026-09-24 20:39
1118,1-BEST (MUST BUY),NEW,[🥚NEW MAP] Crack an Egg,https://www.roblox.com/games/93065155115744/,,,,,,,102,102,28377,,577,83,14,85.6,3.59,4,2026-09-20,2026-09-24,Group,What is Inside?,https://www.roblox.com/groups/985175323,527,kfetty123,https://www.roblox.com/users/198796526/profile,,,,,https://x.com/kft_rblx,,,https://www.facebook.com/roblox/,All,20,10767283406,93065155115744,seedfile:watchlist_history.csv,2026-09-24 20:39
1042,1-BEST (MUST BUY),NEW,+1 Luck Per Step 🍀,https://www.roblox.com/games/128943008539644/,,,,,,,297,297,35085,,270,513,19,96.4,8.47,32,2026-08-23,2026-09-24,Group,peak games studio?,https://www.roblox.com/groups/35108269,35080,AnimaticalWasTaken,https://www.roblox.com/users/167764463/profile,,,,,,,,https://www.facebook.com/roblox/,All,10,10755064921,128943008539644,search:🍀,2026-09-24 20:39
1125,2-GREAT,NEW,🥚 Build a Bridge for Animals!,https://www.roblox.com/games/134245912372996/,YES,https://discord.gg/wUqkM86R97,TRADE or Keep,174,29,owned group socials: Trade or Keep SQUISHIES,706,706,49515,,139,33,12,73.3,14.26,14,2026-09-10,2026-09-23,Group,2 hour evals,https://www.roblox.com/groups/1085361701,2959,AarushDevX,https://www.roblox.com/users/121795780/profile,,,,,,,,https://www.facebook.com/roblox/,All,4,10765933181,134245912372996,seedfile:watchlist_history.csv,2026-09-24 20:39
﻿priority_score,tier,new_this_run,title,game_url,has_discord,discord_url,discord_server,discord_members,discord_online,discord_via,active,peak_active_seen,visits,visits_growth_per_day,favorites,likes,dislikes,like_ratio,heat_active_per_1k_visits,age_days,created,last_updated,creator_type,creator_name,creator_url,group_members,owner_name,owner_url,owner_roblox_signal,discord_name_signal,youtube,tiktok,twitter_x,twitch,instagram,other_links,genre,max_players,universe_id,place_id,found_via,checked_at_utc
1427,1-BEST (MUST BUY),NEW,Push a Boulder,https://www.roblox.com/games/91595591538800/,YES,https://discord.gg/5VP5gef73a,Funny Games,6215,330,owned group socials: Funny Simulаtors,122,122,22935,,83,14,2,87.5,5.32,4,2026-09-20,2026-09-24,Group,Faruk Games,https://www.roblox.com/groups/33336799,35123,manotoun,https://www.roblox.com/users/4906635967/profile,,,,,https://x.com/manotoun | https://x.com/FarukDev,,,https://www.facebook.com/roblox/,All,14,10767247094,91595591538800,search:push,2026-09-24 21:13
1331,1-BEST (MUST BUY),NEW,Sail For Animal⛵,https://www.roblox.com/games/75348201309749/,YES,https://discord.gg/AFWQBX8RDW,Sail For Animal,29,6,official game link,134,134,21727,,1594,112,24,82.4,6.17,10,2026-09-14,2026-09-24,Group,Climb to Get Animal,https://www.roblox.com/groups/571688033,2379,Smithjaylue,https://www.roblox.com/users/7176975896/profile,,,,,,,,RobloxGroup:https://www.roblox.com/communities/571688033 | https://www.facebook.com/roblox/,All,6,10766407286,75348201309749,seedfile:watchlist_history.csv,2026-09-24 21:13
1038,1-BEST (MUST BUY),NEW,[NEW] Fight For Baddies ! ,https://www.roblox.com/games/134006154880619/,,,,,,,148,148,19293,,871,16,49,24.6,7.67,60,2026-07-26,2026-09-24,Group,FightClubGame,https://www.roblox.com/groups/63463858,715,1Nemesis357,https://www.roblox.com/users/6162708902/profile,,,,,,,,https://www.facebook.com/roblox/,All,10,10574186074,134006154880619,seedfile:watchlist_history.csv,2026-09-24 21:13
469,4-MID,NEW,Wega's Super Custom Challenge,https://www.roblox.com/games/99258831560211/,YES,https://discord.gg/d5v3VY5HNt,Lost Media Games,427,157,official game link,809,809,386112,,3500,1194,72,94.3,2.1,229,2026-02-07,2026-09-24,Group,Lost Media Games,https://www.roblox.com/groups/529924819,511,the_hostaccount,https://www.roblox.com/users/1423132233/profile,,,,,,,,https://www.facebook.com/roblox/,All,50,9690128730,99258831560211,search:[CO-OP],2026-09-24 21:13
﻿priority_score,tier,new_this_run,title,game_url,has_discord,discord_url,discord_server,discord_members,discord_online,discord_via,active,peak_active_seen,visits,visits_growth_per_day,favorites,likes,dislikes,like_ratio,heat_active_per_1k_visits,age_days,created,last_updated,creator_type,creator_name,creator_url,group_members,owner_name,owner_url,owner_roblox_signal,discord_name_signal,youtube,tiktok,twitter_x,twitch,instagram,other_links,genre,max_players,universe_id,place_id,found_via,checked_at_utc
1331,1-BEST (MUST BUY),NEW,Sail For Animal⛵,https://www.roblox.com/games/75348201309749/,YES,https://discord.gg/AFWQBX8RDW,Sail For Animal,29,8,official game link,134,134,21949,,1606,113,24,82.5,6.11,10,2026-09-14,2026-09-24,Group,Climb to Get Animal,https://www.roblox.com/groups/571688033,2399,Smithjaylue,https://www.roblox.com/users/7176975896/profile,,,,,,,,RobloxGroup:https://www.roblox.com/communities/571688033 | https://www.facebook.com/roblox/,All,6,10766407286,75348201309749,seedfile:watchlist_history.csv,2026-09-24 21:43
807,2-GREAT,NEW,Backrooms Evolution,https://www.roblox.com/games/112568215342501/,,,,,,,720,720,63172,,171,17,34,33.3,11.4,35,2026-08-20,2026-09-24,Group,Drifkity Games,https://www.roblox.com/groups/1048492590,7776,drifkity,https://www.roblox.com/users/4101070160/profile,,,,,,,,https://www.facebook.com/roblox/,All,40,10743588238,112568215342501,seedfile:watchlist_history.csv,2026-09-24 21:43
﻿priority_score,tier,new_this_run,title,game_url,has_discord,discord_url,discord_server,discord_members,discord_online,discord_via,active,peak_active_seen,visits,visits_growth_per_day,favorites,likes,dislikes,like_ratio,heat_active_per_1k_visits,age_days,created,last_updated,creator_type,creator_name,creator_url,group_members,owner_name,owner_url,owner_roblox_signal,discord_name_signal,youtube,tiktok,twitter_x,twitch,instagram,other_links,genre,max_players,universe_id,place_id,found_via,checked_at_utc
1331,1-BEST (MUST BUY),NEW,Sail For Animal⛵,https://www.roblox.com/games/75348201309749/,YES,https://discord.gg/AFWQBX8RDW,Sail For Animal,29,4,official game link,136,136,22194,,1619,116,24,82.9,6.13,10,2026-09-14,2026-09-24,Group,Climb to Get Animal,https://www.roblox.com/groups/571688033,2430,Smithjaylue,https://www.roblox.com/users/7176975896/profile,,,,,,,,RobloxGroup:https://www.roblox.com/communities/571688033 | https://www.facebook.com/roblox/,All,6,10766407286,75348201309749,seedfile:watchlist_history.csv,2026-09-24 22:13
1224,1-BEST (MUST BUY),NEW,Lootbound (BARBER),https://www.roblox.com/games/87061591699718/,YES,https://discord.gg/gbGzZywSXC,CFA Studios (Sweatshop Update),333,104,official game link,107,107,31528,,436,179,24,88.2,3.39,116,2026-05-31,2026-09-24,Group,Chick-fil-A Studios,https://www.roblox.com/groups/36023159,1001,mikulas12,https://www.roblox.com/users/155173031/profile,,,,,,,,https://www.facebook.com/roblox/,All,30,10250809822,87061591699718,seedfile:watchlist_history.csv,2026-09-24 22:13
﻿priority_score,tier,new_this_run,title,game_url,has_discord,discord_url,discord_server,discord_members,discord_online,discord_via,active,peak_active_seen,visits,visits_growth_per_day,favorites,likes,dislikes,like_ratio,heat_active_per_1k_visits,age_days,created,last_updated,creator_type,creator_name,creator_url,group_members,owner_name,owner_url,owner_roblox_signal,discord_name_signal,youtube,tiktok,twitter_x,twitch,instagram,other_links,genre,max_players,universe_id,place_id,found_via,checked_at_utc
1330,1-BEST (MUST BUY),NEW,Sail For Animal⛵,https://www.roblox.com/games/75348201309749/,YES,https://discord.gg/AFWQBX8RDW,Sail For Animal,30,5,official game link,133,133,22458,,1632,117,24,83.0,5.92,10,2026-09-14,2026-09-24,Group,Climb to Get Animal,https://www.roblox.com/groups/571688033,2453,Smithjaylue,https://www.roblox.com/users/7176975896/profile,,,,,,,,RobloxGroup:https://www.roblox.com/communities/571688033 | https://www.facebook.com/roblox/,All,6,10766407286,75348201309749,seedfile:watchlist_history.csv,2026-09-24 22:43
1223,1-BEST (MUST BUY),NEW,Lootbound (BARBER),https://www.roblox.com/games/87061591699718/,YES,https://discord.gg/gbGzZywSXC,CFA Studios (Sweatshop Update),338,96,official game link,102,102,32023,,438,182,24,88.3,3.19,116,2026-05-31,2026-09-24,Group,Chick-fil-A Studios,https://www.roblox.com/groups/36023159,1004,mikulas12,https://www.roblox.com/users/155173031/profile,,,,,,,,https://www.facebook.com/roblox/,All,30,10250809822,87061591699718,seedfile:watchlist_history.csv,2026-09-24 22:43
1022,1-BEST (MUST BUY),NEW,Coding Cookies,https://www.roblox.com/games/79815862011851/,,,,,,,108,108,24973,,198,42,5,89.4,4.32,160,2026-04-17,2026-09-23,Group,Assessment Tools,https://www.roblox.com/groups/8554431,68,roblakana,https://www.roblox.com/users/2053314338/profile,,,,,,,,https://www.facebook.com/roblox/,All,1,10047508216,79815862011851,search:code geass,2026-09-24 22:43
﻿priority_score,tier,new_this_run,title,game_url,has_discord,discord_url,discord_server,discord_members,discord_online,discord_via,active,peak_active_seen,visits,visits_growth_per_day,favorites,likes,dislikes,like_ratio,heat_active_per_1k_visits,age_days,created,last_updated,creator_type,creator_name,creator_url,group_members,owner_name,owner_url,owner_roblox_signal,discord_name_signal,youtube,tiktok,twitter_x,twitch,instagram,other_links,genre,max_players,universe_id,place_id,found_via,checked_at_utc
1337,1-BEST (MUST BUY),NEW,Sail For Animal⛵,https://www.roblox.com/games/75348201309749/,YES,https://discord.gg/AFWQBX8RDW,Sail For Animal,30,2,official game link,164,164,22741,,1657,117,24,83.0,7.21,10,2026-09-14,2026-09-24,Group,Climb to Get Animal,https://www.roblox.com/groups/571688033,2486,Smithjaylue,https://www.roblox.com/users/7176975896/profile,,,,,,,,RobloxGroup:https://www.roblox.com/communities/571688033 | https://www.facebook.com/roblox/,All,6,10766407286,75348201309749,seedfile:watchlist_history.csv,2026-09-24 23:13
1226,1-BEST (MUST BUY),NEW,Lootbound (BARBER),https://www.roblox.com/games/87061591699718/,YES,https://discord.gg/gbGzZywSXC,CFA Studios (Sweatshop Update),340,105,official game link,123,123,32490,,442,184,24,88.5,3.79,116,2026-05-31,2026-09-24,Group,Chick-fil-A Studios,https://www.roblox.com/groups/36023159,1005,mikulas12,https://www.roblox.com/users/155173031/profile,,,,,,,,https://www.facebook.com/roblox/,All,30,10250809822,87061591699718,seedfile:watchlist_history.csv,2026-09-24 23:13
1133,1-BEST (MUST BUY),NEW,[🥚NEW MAP] Crack an Egg,https://www.roblox.com/games/93065155115744/,,,,,,,193,193,29282,,601,86,15,85.1,6.59,4,2026-09-20,2026-09-24,Group,What is Inside?,https://www.roblox.com/groups/985175323,550,kfetty123,https://www.roblox.com/users/198796526/profile,,,,,https://x.com/kft_rblx,,,https://www.facebook.com/roblox/,All,20,10767283406,93065155115744,seedfile:watchlist_history.csv,2026-09-24 23:13
468,4-MID,NEW,Realistic Disaster Survival [beta],https://www.roblox.com/games/105469825924038/,YES,https://discord.gg/u3JYd6M3bQ,sinizter,98,33,official game link,825,825,257644,,8088,2108,461,82.1,3.2,83,2026-07-03,2026-09-24,User,Nikox333,https://www.roblox.com/users/674586558/profile,,Nikox333,https://www.roblox.com/users/674586558/profile,,,https://youtube.com/channel/UCwCqFkuosnyhRR9aIR1C7_g,,x.com/games,,,RobloxGroup:https://www.roblox.com/communities/1003305982 | https://www.facebook.com/roblox/,All,30,10440499034,105469825924038,search:natural disaster survival,2026-09-24 23:13
﻿priority_score,tier,new_this_run,title,game_url,has_discord,discord_url,discord_server,discord_members,discord_online,discord_via,active,peak_active_seen,visits,visits_growth_per_day,favorites,likes,dislikes,like_ratio,heat_active_per_1k_visits,age_days,created,last_updated,creator_type,creator_name,creator_url,group_members,owner_name,owner_url,owner_roblox_signal,discord_name_signal,youtube,tiktok,twitter_x,twitch,instagram,other_links,genre,max_players,universe_id,place_id,found_via,checked_at_utc
1337,1-BEST (MUST BUY),NEW,Sail For Animal⛵,https://www.roblox.com/games/75348201309749/,YES,https://discord.gg/AFWQBX8RDW,Sail For Animal,30,2,official game link,167,167,22893,,1664,119,24,83.2,7.29,10,2026-09-14,2026-09-24,Group,Climb to Get Animal,https://www.roblox.com/groups/571688033,2501,Smithjaylue,https://www.roblox.com/users/7176975896/profile,,,,,,,,RobloxGroup:https://www.roblox.com/communities/571688033 | https://www.facebook.com/roblox/,All,6,10766407286,75348201309749,seedfile:watchlist_history.csv,2026-09-24 23:25
1226,1-BEST (MUST BUY),NEW,Hire Miners! [BETA],https://www.roblox.com/games/125551713483690/,YES,https://discord.gg/HJGThGa45d,Hire Miners | Roblox Game (Unreleased),59,15,official group link: hyperkill productions,187,187,38233,,195,97,32,75.2,4.89,62,2026-07-24,2026-09-24,Group,hyperkill productions,https://www.roblox.com/groups/918742817,69,Asmetix,https://www.roblox.com/users/1619330205/profile,,,,,,,,https://www.facebook.com/roblox/,All,5,10558639024,125551713483690,seedfile:watchlist_history.csv,2026-09-24 23:25
1224,1-BEST (MUST BUY),NEW,Lootbound (BARBER),https://www.roblox.com/games/87061591699718/,YES,https://discord.gg/gbGzZywSXC,CFA Studios (Sweatshop Update),340,102,official game link,112,112,32709,,444,185,24,88.5,3.42,116,2026-05-31,2026-09-24,Group,Chick-fil-A Studios,https://www.roblox.com/groups/36023159,1007,mikulas12,https://www.roblox.com/users/155173031/profile,,,,,,,,https://www.facebook.com/roblox/,All,30,10250809822,87061591699718,seedfile:watchlist_history.csv,2026-09-24 23:25
469,4-MID,NEW,Realistic Disaster Survival [beta],https://www.roblox.com/games/105469825924038/,YES,https://discord.gg/u3JYd6M3bQ,sinizter,99,35,official game link,860,860,258758,,8137,2117,461,82.1,3.32,83,2026-07-03,2026-09-24,User,Nikox333,https://www.roblox.com/users/674586558/profile,,Nikox333,https://www.roblox.com/users/674586558/profile,,,https://youtube.com/channel/UCwCqFkuosnyhRR9aIR1C7_g,,x.com/games,,,RobloxGroup:https://www.roblox.com/communities/1003305982 | https://www.facebook.com/roblox/,All,30,10440499034,105469825924038,search:natural disaster survival,2026-09-24 23:25
﻿priority_score,tier,new_this_run,title,game_url,has_discord,discord_url,discord_server,discord_members,discord_online,discord_via,active,peak_active_seen,visits,visits_growth_per_day,favorites,likes,dislikes,like_ratio,heat_active_per_1k_visits,age_days,created,last_updated,creator_type,creator_name,creator_url,group_members,owner_name,owner_url,owner_roblox_signal,discord_name_signal,youtube,tiktok,twitter_x,twitch,instagram,other_links,genre,max_players,universe_id,place_id,found_via,checked_at_utc
1331,1-BEST (MUST BUY),NEW,Sail For Animal⛵,https://www.roblox.com/games/75348201309749/,YES,https://discord.gg/AFWQBX8RDW,Sail For Animal,30,2,official game link,139,139,23084,,1675,120,24,83.3,6.02,10,2026-09-14,2026-09-24,Group,Climb to Get Animal,https://www.roblox.com/groups/571688033,2524,Smithjaylue,https://www.roblox.com/users/7176975896/profile,,,,,,,,RobloxGroup:https://www.roblox.com/communities/571688033 | https://www.facebook.com/roblox/,All,6,10766407286,75348201309749,seedfile:watchlist_history.csv,2026-09-24 23:43
1249,1-BEST (MUST BUY),NEW,+1 Melt the Ice Adventure,https://www.roblox.com/games/124569379724368/,YES,https://discord.gg/bwJmfKcUYG,+1 Melt the Ice Adventure,3,1,official game link,139,139,14298,,42,6,2,75.0,9.72,35,2026-08-20,2026-09-24,Group,Studio Icebound,https://www.roblox.com/groups/898274575,1428,adaspo,https://www.roblox.com/users/51758812/profile,,,,,,,,https://www.facebook.com/roblox/,All,12,10742898168,124569379724368,search:ice,2026-09-24 23:43
1224,1-BEST (MUST BUY),NEW,Lootbound (BARBER),https://www.roblox.com/games/87061591699718/,YES,https://discord.gg/gbGzZywSXC,CFA Studios (Sweatshop Update),341,97,official game link,111,111,32964,,444,186,24,88.6,3.37,116,2026-05-31,2026-09-24,Group,Chick-fil-A Studios,https://www.roblox.com/groups/36023159,1007,mikulas12,https://www.roblox.com/users/155173031/profile,,,,,,,,https://www.facebook.com/roblox/,All,30,10250809822,87061591699718,seedfile:watchlist_history.csv,2026-09-24 23:43
1125,1-BEST (MUST BUY),NEW,[🥚NEW MAP] Crack an Egg,https://www.roblox.com/games/93065155115744/,,,,,,,147,147,29765,,613,87,15,85.3,4.94,4,2026-09-20,2026-09-24,Group,What is Inside?,https://www.roblox.com/groups/985175323,561,kfetty123,https://www.roblox.com/users/198796526/profile,,,,,https://x.com/kft_rblx,,,https://www.facebook.com/roblox/,All,20,10767283406,93065155115744,seedfile:watchlist_history.csv,2026-09-24 23:43
660,4-MID,NEW,[Pokemon Brick Bronze] [Bronze Zero],https://www.roblox.com/games/108173614734818/,YES,https://discord.gg/Qjf2P6DrqB,Pokemon: Bronze Zero,13295,2473,official game link,883,883,446613,,26813,1077,66,94.2,1.98,15,2026-09-09,2026-09-24,Group,DBZ Legends Fan Club,https://www.roblox.com/groups/316724130,4715,pbkj0,https://www.roblox.com/users/10654106195/profile,,,,,,,,https://www.facebook.com/roblox/,All,35,10765797809,108173614734818,search:release,2026-09-24 23:43
264,4-MID,NEW,Gender Test,https://www.roblox.com/games/104746498871808/,,,,,,,898,898,309146,,64694,333,636,34.4,2.9,102,2026-06-14,2026-09-02,Group,Creative Quizzes,https://www.roblox.com/groups/248498887,84831,IDrainThree,https://www.roblox.com/users/3784357671/profile,,,,,,,,https://www.facebook.com/roblox/,All,50,10323307749,104746498871808,seedfile:watchlist_history.csv,2026-09-24 23:43
﻿priority_score,tier,new_this_run,title,game_url,has_discord,discord_url,discord_server,discord_members,discord_online,discord_via,active,peak_active_seen,visits,visits_growth_per_day,favorites,likes,dislikes,like_ratio,heat_active_per_1k_visits,age_days,created,last_updated,creator_type,creator_name,creator_url,group_members,owner_name,owner_url,owner_roblox_signal,discord_name_signal,youtube,tiktok,twitter_x,twitch,instagram,other_links,genre,max_players,universe_id,place_id,found_via,checked_at_utc
1340,1-BEST (MUST BUY),NEW,Sail For Animal⛵,https://www.roblox.com/games/75348201309749/,YES,https://discord.gg/AFWQBX8RDW,Sail For Animal,30,3,official game link,185,185,23405,,1708,124,24,83.8,7.9,10,2026-09-14,2026-09-24,Group,Climb to Get Animal,https://www.roblox.com/groups/571688033,2567,Smithjaylue,https://www.roblox.com/users/7176975896/profile,,,,,,,,RobloxGroup:https://www.roblox.com/communities/571688033 | https://www.facebook.com/roblox/,All,6,10766407286,75348201309749,seedfile:watchlist_history.csv,2026-09-25 00:12
1252,1-BEST (MUST BUY),NEW,Street Soccer Pro,https://www.roblox.com/games/119242658671952/,YES,https://discord.gg/CeyXS2Wqcw,Street Soccer Pro,4,2,official game link,124,124,12013,,57,16,8,66.7,10.32,36,2026-08-19,2026-09-24,Group,Unnamed Football Prod,https://www.roblox.com/groups/723016792,20,noctovoHoldings2,https://www.roblox.com/users/11419676642/profile,,,,,https://x.com/ikjjm778,,,https://www.facebook.com/roblox/,All,10,10739112966,119242658671952,seedfile:watchlist_history.csv,2026-09-25 00:12
1224,1-BEST (MUST BUY),NEW,Lootbound (BARBER),https://www.roblox.com/games/87061591699718/,YES,https://discord.gg/gbGzZywSXC,CFA Studios (Sweatshop Update),347,96,official game link,114,114,33445,,448,188,24,88.7,3.41,116,2026-05-31,2026-09-24,Group,Chick-fil-A Studios,https://www.roblox.com/groups/36023159,1008,mikulas12,https://www.roblox.com/users/155173031/profile,,,,,,,,https://www.facebook.com/roblox/,All,30,10250809822,87061591699718,seedfile:watchlist_history.csv,2026-09-25 00:12
1149,1-BEST (MUST BUY),NEW,[🐝] EPIC A BRAINROT,https://www.roblox.com/games/107583829577050/,,,,,,,129,129,13280,,799,65,5,92.9,9.71,18,2026-09-06,2026-09-24,User,LUCASOLI2012,https://www.roblox.com/users/1756266434/profile,,LUCASOLI2012,https://www.roblox.com/users/1756266434/profile,,,,,,,,https://www.facebook.com/roblox/,All,8,10765346241,107583829577050,search:epic,2026-09-25 00:12
665,3-GOOD,NEW,(W OR L)  Egg GAME,https://www.roblox.com/games/99313464267600/,,,,,,,1650,1650,126168,,291,55,11,83.3,13.08,10,2026-09-14,2026-09-14,Group,Ar Studio x Apex Games,https://www.roblox.com/groups/919232836,24762,devingmate,https://www.roblox.com/users/10916628984/profile,,,,,,,,https://www.facebook.com/roblox/,All,6,10766473616,99313464267600,search:l,2026-09-25 00:12
﻿priority_score,tier,new_this_run,title,game_url,has_discord,discord_url,discord_server,discord_members,discord_online,discord_via,active,peak_active_seen,visits,visits_growth_per_day,favorites,likes,dislikes,like_ratio,heat_active_per_1k_visits,age_days,created,last_updated,creator_type,creator_name,creator_url,group_members,owner_name,owner_url,owner_roblox_signal,discord_name_signal,youtube,tiktok,twitter_x,twitch,instagram,other_links,genre,max_players,universe_id,place_id,found_via,checked_at_utc
1339,1-BEST (MUST BUY),NEW,Sail For Animal⛵,https://www.roblox.com/games/75348201309749/,YES,https://discord.gg/AFWQBX8RDW,Sail For Animal,30,3,official game link,181,181,23803,,1738,128,24,84.2,7.6,10,2026-09-14,2026-09-24,Group,Climb to Get Animal,https://www.roblox.com/groups/571688033,2620,Smithjaylue,https://www.roblox.com/users/7176975896/profile,,,,,,,,RobloxGroup:https://www.roblox.com/communities/571688033 | https://www.facebook.com/roblox/,All,6,10766407286,75348201309749,seedfile:watchlist_history.csv,2026-09-25 00:43
1333,1-BEST (MUST BUY),NEW,Catch a Chicken 🐣,https://www.roblox.com/games/130407018163232/,YES,https://discord.gg/BFKnsESznr,401k Studios,73,19,official group link: 401k Studios,108,108,17402,,64,36,11,76.6,6.21,22,2026-09-02,2026-09-24,Group,401k Studios,https://www.roblox.com/groups/35975794,3725,iamfire247,https://www.roblox.com/users/1175106498/profile,,,,,,,,https://www.facebook.com/roblox/,All,6,10764863842,130407018163232,seedfile:watchlist_history.csv,2026-09-25 00:43
1324,1-BEST (MUST BUY),NEW,Haven [BETA],https://www.roblox.com/games/78881559620511/,YES,https://discord.gg/uT2Pdg2JA,Haven,94,33,official game link,103,103,4215,,17,43,3,93.5,24.44,52,2026-08-03,2026-09-25,User,IMendesX_X,https://www.roblox.com/users/10483473722/profile,,IMendesX_X,https://www.roblox.com/users/10483473722/profile,,,,,,,,https://www.facebook.com/roblox/,All,200,10624642585,78881559620511,seedfile:watchlist_history.csv,2026-09-25 00:43
1315,1-BEST (MUST BUY),NEW,Steal An Evil Egg 😈,https://www.roblox.com/games/112590853923988/,YES,https://discord.gg/uMwMdYreCA,BoosterSeatzz Games,12,2,official game link,109,109,36237,,204,86,22,79.6,3.01,18,2026-09-07,2026-09-25,User,zachary3330,https://www.roblox.com/users/37594608/profile,,zachary3330,https://www.roblox.com/users/37594608/profile,,,,,,,,https://www.facebook.com/roblox/,All,7,10765494608,112590853923988,seedfile:watchlist_history.csv,2026-09-25 00:43
1137,1-BEST (MUST BUY),NEW,Make Ice & Catch Animals!,https://www.roblox.com/games/115553136838153/,,,,,,,116,116,15635,,400,443,14,96.9,7.42,10,2026-09-14,2026-09-24,Group,Cartoon Tiger Studio,https://www.roblox.com/groups/1083102662,9058,shiyu8888,https://www.roblox.com/users/7045595727/profile,,,,,,,,https://www.facebook.com/roblox/,All,6,10766396123,115553136838153,seedfile:watchlist_history.csv,2026-09-25 00:43
566,4-MID,NEW,[🌊OCEAN] Rope an Animal,https://www.roblox.com/games/140067658687251/,YES,https://discord.gg/8e9SXvEcqQ,Rope an Animal,57,17,official game link,1011,1011,350569,,1029,258,30,89.6,2.88,25,2026-08-30,2026-09-24,Group,Rope an Animal APXS,https://www.roblox.com/groups/640592386,657,Indigo_blueyellow,https://www.roblox.com/users/11215594851/profile,,,,,,,,https://www.facebook.com/roblox/,All,6,10764415267,140067658687251,search:ocean simulator,2026-09-25 00:43
﻿priority_score,tier,new_this_run,title,game_url,has_discord,discord_url,discord_server,discord_members,discord_online,discord_via,active,peak_active_seen,visits,visits_growth_per_day,favorites,likes,dislikes,like_ratio,heat_active_per_1k_visits,age_days,created,last_updated,creator_type,creator_name,creator_url,group_members,owner_name,owner_url,owner_roblox_signal,discord_name_signal,youtube,tiktok,twitter_x,twitch,instagram,other_links,genre,max_players,universe_id,place_id,found_via,checked_at_utc
1340,1-BEST (MUST BUY),NEW,Sail For Animal⛵,https://www.roblox.com/games/75348201309749/,YES,https://discord.gg/AFWQBX8RDW,Sail For Animal,30,3,official game link,191,191,24161,,1760,129,24,84.3,7.91,10,2026-09-14,2026-09-24,Group,Climb to Get Animal,https://www.roblox.com/groups/571688033,2656,Smithjaylue,https://www.roblox.com/users/7176975896/profile,,,,,,,,RobloxGroup:https://www.roblox.com/communities/571688033 | https://www.facebook.com/roblox/,All,6,10766407286,75348201309749,seedfile:watchlist_history.csv,2026-09-25 01:13
1315,1-BEST (MUST BUY),NEW,Steal An Evil Egg 😈,https://www.roblox.com/games/112590853923988/,YES,https://discord.gg/uMwMdYreCA,BoosterSeatzz Games,13,2,official game link,110,110,36442,,206,86,22,79.6,3.02,18,2026-09-07,2026-09-25,User,zachary3330,https://www.roblox.com/users/37594608/profile,,zachary3330,https://www.roblox.com/users/37594608/profile,,,,,,,,https://www.facebook.com/roblox/,All,7,10765494608,112590853923988,seedfile:watchlist_history.csv,2026-09-25 01:13
1223,1-BEST (MUST BUY),NEW,Lootbound (BARBER),https://www.roblox.com/games/87061591699718/,YES,https://discord.gg/gbGzZywSXC,CFA Studios (Sweatshop Update),350,87,official game link,109,109,34280,,455,192,24,88.9,3.18,116,2026-05-31,2026-09-25,Group,Chick-fil-A Studios,https://www.roblox.com/groups/36023159,1011,mikulas12,https://www.roblox.com/users/155173031/profile,,,,,,,,https://www.facebook.com/roblox/,All,30,10250809822,87061591699718,seedfile:watchlist_history.csv,2026-09-25 01:13
1135,1-BEST (MUST BUY),NEW,Make Ice & Catch Animals!,https://www.roblox.com/games/115553136838153/,,,,,,,110,110,15807,,411,452,14,97.0,6.96,10,2026-09-14,2026-09-24,Group,Cartoon Tiger Studio,https://www.roblox.com/groups/1083102662,9069,shiyu8888,https://www.roblox.com/users/7045595727/profile,,,,,,,,https://www.facebook.com/roblox/,All,6,10766396123,115553136838153,seedfile:watchlist_history.csv,2026-09-25 01:13
1117,1-BEST (MUST BUY),NEW,Go Deep For Brainrots,https://www.roblox.com/games/72259847013553/,,,,,,,108,108,32612,,93,9,3,75.0,3.31,11,2026-09-13,2026-09-24,Group,Buissness Men,https://www.roblox.com/groups/48876538,25,KosmicarIII,https://www.roblox.com/users/8413545680/profile,,,,,,,,https://www.facebook.com/roblox/,All,6,10766356734,72259847013553,seedfile:watchlist_history.csv,2026-09-25 01:13
﻿priority_score,tier,new_this_run,title,game_url,has_discord,discord_url,discord_server,discord_members,discord_online,discord_via,active,peak_active_seen,visits,visits_growth_per_day,favorites,likes,dislikes,like_ratio,heat_active_per_1k_visits,age_days,created,last_updated,creator_type,creator_name,creator_url,group_members,owner_name,owner_url,owner_roblox_signal,discord_name_signal,youtube,tiktok,twitter_x,twitch,instagram,other_links,genre,max_players,universe_id,place_id,found_via,checked_at_utc
1375,1-BEST (MUST BUY),NEW,New Fender [Revamp],https://www.roblox.com/games/119504692460642/,YES,https://discord.gg/cuGCBfUyKH,New Fender,2963,250,official game link,113,113,36951,,232,200,27,88.1,3.06,6,2026-09-18,2026-09-24,Group,New Fender: Projects,https://www.roblox.com/groups/587237118,2450,macarenasessionseler,https://www.roblox.com/users/9057808906/profile,,,,,,,,https://www.facebook.com/roblox/,All,25,10766872155,119504692460642,seedfile:watchlist_history.csv,2026-09-25 01:42
1343,1-BEST (MUST BUY),NEW,Sail For Animal⛵,https://www.roblox.com/games/75348201309749/,YES,https://discord.gg/AFWQBX8RDW,Sail For Animal,30,4,official game link,210,210,24497,,1797,131,24,84.5,8.57,10,2026-09-14,2026-09-24,Group,Climb to Get Animal,https://www.roblox.com/groups/571688033,2702,Smithjaylue,https://www.roblox.com/users/7176975896/profile,,,,,,,,RobloxGroup:https://www.roblox.com/communities/571688033 | https://www.facebook.com/roblox/,All,6,10766407286,75348201309749,seedfile:watchlist_history.csv,2026-09-25 01:42
1222,1-BEST (MUST BUY),NEW,Lootbound (BARBER),https://www.roblox.com/games/87061591699718/,YES,https://discord.gg/gbGzZywSXC,CFA Studios (Sweatshop Update),353,91,official game link,105,105,34676,,456,193,24,88.9,3.03,116,2026-05-31,2026-09-25,Group,Chick-fil-A Studios,https://www.roblox.com/groups/36023159,1012,mikulas12,https://www.roblox.com/users/155173031/profile,,,,,,,,https://www.facebook.com/roblox/,All,30,10250809822,87061591699718,seedfile:watchlist_history.csv,2026-09-25 01:42
1134,1-BEST (MUST BUY),NEW,Make Ice & Catch Animals!,https://www.roblox.com/games/115553136838153/,,,,,,,110,110,16004,,425,463,14,97.1,6.87,10,2026-09-14,2026-09-24,Group,Cartoon Tiger Studio,https://www.roblox.com/groups/1083102662,9088,shiyu8888,https://www.roblox.com/users/7045595727/profile,,,,,,,,https://www.facebook.com/roblox/,All,6,10766396123,115553136838153,seedfile:watchlist_history.csv,2026-09-25 01:42
373,4-MID,NEW,Make an NPC!,https://www.roblox.com/games/105886281364590/,,,,,,,1002,1002,214241,,2007,283,84,77.1,4.68,15,2026-09-09,2026-09-24,Group,Epic Guest Games,https://www.roblox.com/groups/35963518,14862,Guest321063321,https://www.roblox.com/users/150142211/profile,,,,,x.com/communities,,,https://www.facebook.com/roblox/,All,10,10765779661,105886281364590,search:make a,2026-09-25 01:42
﻿priority_score,tier,new_this_run,title,game_url,has_discord,discord_url,discord_server,discord_members,discord_online,discord_via,active,peak_active_seen,visits,visits_growth_per_day,favorites,likes,dislikes,like_ratio,heat_active_per_1k_visits,age_days,created,last_updated,creator_type,creator_name,creator_url,group_members,owner_name,owner_url,owner_roblox_signal,discord_name_signal,youtube,tiktok,twitter_x,twitch,instagram,other_links,genre,max_players,universe_id,place_id,found_via,checked_at_utc
1345,1-BEST (MUST BUY),NEW,Sail For Animal⛵,https://www.roblox.com/games/75348201309749/,YES,https://discord.gg/AFWQBX8RDW,Sail For Animal,30,4,official game link,220,220,24688,,1804,134,24,84.8,8.91,10,2026-09-14,2026-09-24,Group,Climb to Get Animal,https://www.roblox.com/groups/571688033,2720,Smithjaylue,https://www.roblox.com/users/7176975896/profile,,,,,,,,RobloxGroup:https://www.roblox.com/communities/571688033 | https://www.facebook.com/roblox/,All,6,10766407286,75348201309749,seedfile:watchlist_history.csv,2026-09-25 01:57
1316,1-BEST (MUST BUY),NEW,Steal An Evil Egg 😈,https://www.roblox.com/games/112590853923988/,YES,https://discord.gg/uMwMdYreCA,BoosterSeatzz Games,13,2,official game link,113,113,36756,,207,86,22,79.6,3.07,18,2026-09-07,2026-09-25,User,zachary3330,https://www.roblox.com/users/37594608/profile,,zachary3330,https://www.roblox.com/users/37594608/profile,,,,,,,,https://www.facebook.com/roblox/,All,7,10765494608,112590853923988,seedfile:watchlist_history.csv,2026-09-25 01:57
1134,1-BEST (MUST BUY),NEW,Make Ice & Catch Animals!,https://www.roblox.com/games/115553136838153/,,,,,,,109,109,16067,,429,466,15,96.9,6.78,10,2026-09-14,2026-09-24,Group,Cartoon Tiger Studio,https://www.roblox.com/groups/1083102662,9093,shiyu8888,https://www.roblox.com/users/7045595727/profile,,,,,,,,https://www.facebook.com/roblox/,All,6,10766396123,115553136838153,seedfile:watchlist_history.csv,2026-09-25 01:57
372,4-MID,NEW,Make an NPC!,https://www.roblox.com/games/105886281364590/,,,,,,,945,945,215694,,2020,284,84,77.2,4.38,15,2026-09-09,2026-09-24,Group,Epic Guest Games,https://www.roblox.com/groups/35963518,14866,Guest321063321,https://www.roblox.com/users/150142211/profile,,,,,x.com/communities,,,https://www.facebook.com/roblox/,All,10,10765779661,105886281364590,search:make a,2026-09-25 01:57
﻿priority_score,tier,new_this_run,title,game_url,has_discord,discord_url,discord_server,discord_members,discord_online,discord_via,active,peak_active_seen,visits,visits_growth_per_day,favorites,likes,dislikes,like_ratio,heat_active_per_1k_visits,age_days,created,last_updated,creator_type,creator_name,creator_url,group_members,owner_name,owner_url,owner_roblox_signal,discord_name_signal,youtube,tiktok,twitter_x,twitch,instagram,other_links,genre,max_players,universe_id,place_id,found_via,checked_at_utc
1345,1-BEST (MUST BUY),NEW,💵 Shred Money!,https://www.roblox.com/games/123757044366749/,YES,https://discord.gg/P3a7WEfDZ,Shred Money!,5,3,official game link,107,107,11878,,65,22,10,68.8,9.01,18,2026-09-06,2026-09-19,Group,Ultragammer,https://www.roblox.com/groups/14764635,221,Geotryical,https://www.roblox.com/users/119440809/profile,,,,,,,,https://www.facebook.com/roblox/,All,5,10765470738,123757044366749,search:money,2026-09-25 02:13
1341,1-BEST (MUST BUY),NEW,Sail For Animal⛵,https://www.roblox.com/games/75348201309749/,YES,https://discord.gg/AFWQBX8RDW,Sail For Animal,30,4,official game link,203,203,24872,,1819,135,24,84.9,8.16,10,2026-09-14,2026-09-24,Group,Climb to Get Animal,https://www.roblox.com/groups/571688033,2742,Smithjaylue,https://www.roblox.com/users/7176975896/profile,,,,,,,,RobloxGroup:https://www.roblox.com/communities/571688033 | https://www.facebook.com/roblox/,All,6,10766407286,75348201309749,seedfile:watchlist_history.csv,2026-09-25 02:13
1223,1-BEST (MUST BUY),NEW,Lootbound (BARBER),https://www.roblox.com/games/87061591699718/,YES,https://discord.gg/gbGzZywSXC,CFA Studios (Sweatshop Update),355,87,official game link,112,112,35086,,461,195,24,89.0,3.19,116,2026-05-31,2026-09-25,Group,Chick-fil-A Studios,https://www.roblox.com/groups/36023159,1013,mikulas12,https://www.roblox.com/users/155173031/profile,,,,,,,,https://www.facebook.com/roblox/,All,30,10250809822,87061591699718,seedfile:watchlist_history.csv,2026-09-25 02:13
1200,1-BEST (MUST BUY),NEW,🌊 Clean the Ocean Floor! [RELEASE],https://www.roblox.com/games/91784415163058/,,https://discord.gg/KqN2vQW9 (UNVERIFIED/expired),,,,official group link: TRIPLE R. Games,116,116,420,,7,1,0,100.0,276.19,36,2026-08-19,2026-09-25,Group,TRIPLE R. Games,https://www.roblox.com/groups/626461203,14773,KAI14RRR,https://www.roblox.com/users/133089116/profile,,,,,,,,https://www.facebook.com/roblox/,All,15,10742103561,91784415163058,search:pool cleaning simulator,2026-09-25 02:13
1144,1-BEST (MUST BUY),NEW,Make Ice & Catch Animals!,https://www.roblox.com/games/115553136838153/,,,,,,,144,144,16178,,441,474,16,96.7,8.9,11,2026-09-14,2026-09-24,Group,Cartoon Tiger Studio,https://www.roblox.com/groups/1083102662,9107,shiyu8888,https://www.roblox.com/users/7045595727/profile,,,,,,,,https://www.facebook.com/roblox/,All,6,10766396123,115553136838153,seedfile:watchlist_history.csv,2026-09-25 02:13
261,4-MID,NEW,Rockstar Swimming Pool,https://www.roblox.com/games/80007071186659/,,,,,,,898,898,391531,,964,28,19,59.6,2.29,119,2026-05-28,2026-09-25,Group,Please pray for me,https://www.roblox.com/groups/433204808,15858,PosturalHypotension,https://www.roblox.com/users/2867495220/profile,,,,,,,,https://www.facebook.com/roblox/,All,15,10236106806,80007071186659,search:swim,2026-09-25 02:13
﻿priority_score,tier,new_this_run,title,game_url,has_discord,discord_url,discord_server,discord_members,discord_online,discord_via,active,peak_active_seen,visits,visits_growth_per_day,favorites,likes,dislikes,like_ratio,heat_active_per_1k_visits,age_days,created,last_updated,creator_type,creator_name,creator_url,group_members,owner_name,owner_url,owner_roblox_signal,discord_name_signal,youtube,tiktok,twitter_x,twitch,instagram,other_links,genre,max_players,universe_id,place_id,found_via,checked_at_utc
1341,1-BEST (MUST BUY),NEW,Sail For Animal⛵,https://www.roblox.com/games/75348201309749/,YES,https://discord.gg/AFWQBX8RDW,Sail For Animal,31,2,official game link,205,205,25255,,1841,137,24,85.1,8.12,10,2026-09-14,2026-09-24,Group,Climb to Get Animal,https://www.roblox.com/groups/571688033,2790,Smithjaylue,https://www.roblox.com/users/7176975896/profile,,,,,,,,RobloxGroup:https://www.roblox.com/communities/571688033 | https://www.facebook.com/roblox/,All,6,10766407286,75348201309749,seedfile:watchlist_history.csv,2026-09-25 02:43
1314,1-BEST (MUST BUY),NEW,Steal An Evil Egg 😈,https://www.roblox.com/games/112590853923988/,YES,https://discord.gg/uMwMdYreCA,BoosterSeatzz Games,13,2,official game link,103,103,37086,,211,86,22,79.6,2.78,18,2026-09-07,2026-09-25,User,zachary3330,https://www.roblox.com/users/37594608/profile,,zachary3330,https://www.roblox.com/users/37594608/profile,,,,,,,,https://www.facebook.com/roblox/,All,7,10765494608,112590853923988,seedfile:watchlist_history.csv,2026-09-25 02:43
1142,1-BEST (MUST BUY),NEW,Make Ice & Catch Animals!,https://www.roblox.com/games/115553136838153/,,,,,,,137,137,16367,,454,487,16,96.8,8.37,11,2026-09-14,2026-09-24,Group,Cartoon Tiger Studio,https://www.roblox.com/groups/1083102662,9118,shiyu8888,https://www.roblox.com/users/7045595727/profile,,,,,,,,https://www.facebook.com/roblox/,All,6,10766396123,115553136838153,seedfile:watchlist_history.csv,2026-09-25 02:43
1139,1-BEST (MUST BUY),NEW,Stack a Burger,https://www.roblox.com/games/129198234144742/,,,,,,,111,111,14094,,42,6,3,66.7,7.88,11,2026-09-13,2026-09-20,Group,iterance,https://www.roblox.com/groups/235252409,13,LeoMethod,https://www.roblox.com/users/396035149/profile,,,,,,,,https://www.facebook.com/roblox/,All,10,10766334899,129198234144742,seedfile:watchlist_history.csv,2026-09-25 02:43
﻿priority_score,tier,new_this_run,title,game_url,has_discord,discord_url,discord_server,discord_members,discord_online,discord_via,active,peak_active_seen,visits,visits_growth_per_day,favorites,likes,dislikes,like_ratio,heat_active_per_1k_visits,age_days,created,last_updated,creator_type,creator_name,creator_url,group_members,owner_name,owner_url,owner_roblox_signal,discord_name_signal,youtube,tiktok,twitter_x,twitch,instagram,other_links,genre,max_players,universe_id,place_id,found_via,checked_at_utc
1342,1-BEST (MUST BUY),NEW,Sail For Animal⛵,https://www.roblox.com/games/75348201309749/,YES,https://discord.gg/AFWQBX8RDW,Sail For Animal,31,2,official game link,212,212,25636,,1866,140,24,85.4,8.27,10,2026-09-14,2026-09-24,Group,Climb to Get Animal,https://www.roblox.com/groups/571688033,2829,Smithjaylue,https://www.roblox.com/users/7176975896/profile,,,,,,,,RobloxGroup:https://www.roblox.com/communities/571688033 | https://www.facebook.com/roblox/,All,6,10766407286,75348201309749,seedfile:watchlist_history.csv,2026-09-25 03:12
1315,1-BEST (MUST BUY),NEW,Steal An Evil Egg 😈,https://www.roblox.com/games/112590853923988/,YES,https://discord.gg/uMwMdYreCA,BoosterSeatzz Games,13,2,official game link,113,113,37276,,211,86,22,79.6,3.03,18,2026-09-07,2026-09-25,User,zachary3330,https://www.roblox.com/users/37594608/profile,,zachary3330,https://www.roblox.com/users/37594608/profile,,,,,,,,https://www.facebook.com/roblox/,All,7,10765494608,112590853923988,seedfile:watchlist_history.csv,2026-09-25 03:12
1135,1-BEST (MUST BUY),NEW,Make Ice & Catch Animals!,https://www.roblox.com/games/115553136838153/,,,,,,,117,117,16536,,466,495,16,96.9,7.08,11,2026-09-14,2026-09-24,Group,Cartoon Tiger Studio,https://www.roblox.com/groups/1083102662,9124,shiyu8888,https://www.roblox.com/users/7045595727/profile,,,,,,,,https://www.facebook.com/roblox/,All,6,10766396123,115553136838153,seedfile:watchlist_history.csv,2026-09-25 03:12
﻿priority_score,tier,new_this_run,title,game_url,has_discord,discord_url,discord_server,discord_members,discord_online,discord_via,active,peak_active_seen,visits,visits_growth_per_day,favorites,likes,dislikes,like_ratio,heat_active_per_1k_visits,age_days,created,last_updated,creator_type,creator_name,creator_url,group_members,owner_name,owner_url,owner_roblox_signal,discord_name_signal,youtube,tiktok,twitter_x,twitch,instagram,other_links,genre,max_players,universe_id,place_id,found_via,checked_at_utc
1338,1-BEST (MUST BUY),NEW,Sail For Animal⛵,https://www.roblox.com/games/75348201309749/,YES,https://discord.gg/AFWQBX8RDW,Sail For Animal,31,3,official game link,194,194,26019,,1898,143,24,85.6,7.46,10,2026-09-14,2026-09-24,Group,Climb to Get Animal,https://www.roblox.com/groups/571688033,2876,Smithjaylue,https://www.roblox.com/users/7176975896/profile,,,,,,,,RobloxGroup:https://www.roblox.com/communities/571688033 | https://www.facebook.com/roblox/,All,6,10766407286,75348201309749,seedfile:watchlist_history.csv,2026-09-25 03:42
1328,1-BEST (MUST BUY),NEW,[🛒] Shoplifters,https://www.roblox.com/games/111915625434802/,YES,https://discord.gg/bloxycola,Diet Bloxy Cola,25,9,official game link,186,186,34334,,347,33,25,56.9,5.42,30,2026-08-26,2026-09-25,Group,Diet Bloxy Cola,https://www.roblox.com/groups/942768997,52,alibolly,https://www.roblox.com/users/133118167/profile,,,,,,,,RobloxGroup:https://www.roblox.com/communities/942768997 | https://www.facebook.com/roblox/,All,12,10761832456,111915625434802,search:shop,2026-09-25 03:42
1319,1-BEST (MUST BUY),NEW,[RELEASE] Kick A Verity,https://www.roblox.com/games/111833232227960/,YES,https://discord.gg/WkUEMwZMc3,archivewrld,11,4,official game link,108,108,29310,,177,82,6,93.2,3.68,8,2026-09-16,2026-09-24,Group,archivewrld,https://www.roblox.com/groups/3457109,5660,GodBoy712,https://www.roblox.com/users/72525232/profile,,,,,,,,https://www.facebook.com/roblox/,All,5,10766645527,111833232227960,seedfile:watchlist_history.csv,2026-09-25 03:42
1314,1-BEST (MUST BUY),NEW,Steal An Evil Egg 😈,https://www.roblox.com/games/112590853923988/,YES,https://discord.gg/uMwMdYreCA,BoosterSeatzz Games,13,2,official game link,103,103,37461,,213,86,22,79.6,2.75,18,2026-09-07,2026-09-25,User,zachary3330,https://www.roblox.com/users/37594608/profile,,zachary3330,https://www.roblox.com/users/37594608/profile,,,,,,,,https://www.facebook.com/roblox/,All,7,10765494608,112590853923988,seedfile:watchlist_history.csv,2026-09-25 03:42
1137,1-BEST (MUST BUY),NEW,Dig an Egg! 🥚,https://www.roblox.com/games/115645995421284/,,,,,,,141,141,19255,,216,171,11,94.0,7.32,6,2026-09-18,2026-09-23,Group,Joe's Great Games,https://www.roblox.com/groups/330068102,4048,YooThatsJoe,https://www.roblox.com/users/5112544040/profile,,,,,,,,https://www.facebook.com/roblox/,All,6,10766961355,115645995421284,seedfile:watchlist_history.csv,2026-09-25 03:42
1134,1-BEST (MUST BUY),NEW,Make Ice & Catch Animals!,https://www.roblox.com/games/115553136838153/,,,,,,,112,112,16701,,482,503,17,96.7,6.71,11,2026-09-14,2026-09-24,Group,Cartoon Tiger Studio,https://www.roblox.com/groups/1083102662,9145,shiyu8888,https://www.roblox.com/users/7045595727/profile,,,,,,,,https://www.facebook.com/roblox/,All,6,10766396123,115553136838153,seedfile:watchlist_history.csv,2026-09-25 03:42
﻿priority_score,tier,new_this_run,title,game_url,has_discord,discord_url,discord_server,discord_members,discord_online,discord_via,active,peak_active_seen,visits,visits_growth_per_day,favorites,likes,dislikes,like_ratio,heat_active_per_1k_visits,age_days,created,last_updated,creator_type,creator_name,creator_url,group_members,owner_name,owner_url,owner_roblox_signal,discord_name_signal,youtube,tiktok,twitter_x,twitch,instagram,other_links,genre,max_players,universe_id,place_id,found_via,checked_at_utc
1342,1-BEST (MUST BUY),NEW,Sail For Animal⛵,https://www.roblox.com/games/75348201309749/,YES,https://discord.gg/AFWQBX8RDW,Sail For Animal,32,3,official game link,217,217,26405,,1925,144,25,85.2,8.22,10,2026-09-14,2026-09-24,Group,Climb to Get Animal,https://www.roblox.com/groups/571688033,2912,Smithjaylue,https://www.roblox.com/users/7176975896/profile,,,,,,,,RobloxGroup:https://www.roblox.com/communities/571688033 | https://www.facebook.com/roblox/,All,6,10766407286,75348201309749,seedfile:watchlist_history.csv,2026-09-25 04:12
1331,1-BEST (MUST BUY),NEW,Slice A Dummy!,https://www.roblox.com/games/140080362319349/,YES,https://discord.gg/Fv25bsrKw7,Slice A Dummy!,23,10,official game link,104,104,16913,,63,28,2,93.3,6.15,11,2026-09-13,2026-09-24,Group,Slice A Dummy!,https://www.roblox.com/groups/925616994,2045,Oidify,https://www.roblox.com/users/151720653/profile,,,,,x.com/games,,,https://www.facebook.com/roblox/,All,10,10766323637,140080362319349,seedfile:watchlist_history.csv,2026-09-25 04:12
1315,1-BEST (MUST BUY),NEW,Steal An Evil Egg 😈,https://www.roblox.com/games/112590853923988/,YES,https://discord.gg/uMwMdYreCA,BoosterSeatzz Games,13,2,official game link,109,109,37678,,212,86,22,79.6,2.89,18,2026-09-07,2026-09-25,User,zachary3330,https://www.roblox.com/users/37594608/profile,,zachary3330,https://www.roblox.com/users/37594608/profile,,,,,,,,https://www.facebook.com/roblox/,All,7,10765494608,112590853923988,seedfile:watchlist_history.csv,2026-09-25 04:12
1134,1-BEST (MUST BUY),NEW,Make Ice & Catch Animals!,https://www.roblox.com/games/115553136838153/,,,,,,,114,114,16866,,499,513,17,96.8,6.76,11,2026-09-14,2026-09-24,Group,Cartoon Tiger Studio,https://www.roblox.com/groups/1083102662,9151,shiyu8888,https://www.roblox.com/users/7045595727/profile,,,,,,,,https://www.facebook.com/roblox/,All,6,10766396123,115553136838153,seedfile:watchlist_history.csv,2026-09-25 04:12
﻿priority_score,tier,new_this_run,title,game_url,has_discord,discord_url,discord_server,discord_members,discord_online,discord_via,active,peak_active_seen,visits,visits_growth_per_day,favorites,likes,dislikes,like_ratio,heat_active_per_1k_visits,age_days,created,last_updated,creator_type,creator_name,creator_url,group_members,owner_name,owner_url,owner_roblox_signal,discord_name_signal,youtube,tiktok,twitter_x,twitch,instagram,other_links,genre,max_players,universe_id,place_id,found_via,checked_at_utc
1353,1-BEST (MUST BUY),NEW,[x2] Push A Mountain,https://www.roblox.com/games/87234919208087/,YES,https://discord.gg/hcVV4rwKvY,Push a Mountain,19,4,official game link,149,149,14249,,668,27,4,87.1,10.46,18,2026-09-06,2026-09-23,Group,One More Push,https://www.roblox.com/groups/357369906,2416,go_up07,https://www.roblox.com/users/2660876625/profile,,,,,https://x.com/go_up07,,,https://www.facebook.com/roblox/,All,12,10765428778,87234919208087,search:push,2026-09-25 04:43
1336,1-BEST (MUST BUY),NEW,Sail For Animal⛵,https://www.roblox.com/games/75348201309749/,YES,https://discord.gg/AFWQBX8RDW,Sail For Animal,32,2,official game link,190,190,26803,,1948,150,25,85.7,7.09,10,2026-09-14,2026-09-24,Group,Climb to Get Animal,https://www.roblox.com/groups/571688033,2961,Smithjaylue,https://www.roblox.com/users/7176975896/profile,,,,,,,,RobloxGroup:https://www.roblox.com/communities/571688033 | https://www.facebook.com/roblox/,All,6,10766407286,75348201309749,seedfile:watchlist_history.csv,2026-09-25 04:43
1316,1-BEST (MUST BUY),NEW,Steal An Evil Egg 😈,https://www.roblox.com/games/112590853923988/,YES,https://discord.gg/uMwMdYreCA,BoosterSeatzz Games,13,2,official game link,122,122,37879,,215,86,22,79.6,3.22,18,2026-09-07,2026-09-25,User,zachary3330,https://www.roblox.com/users/37594608/profile,,zachary3330,https://www.roblox.com/users/37594608/profile,,,,,,,,https://www.facebook.com/roblox/,All,7,10765494608,112590853923988,seedfile:watchlist_history.csv,2026-09-25 04:43
1300,1-BEST (MUST BUY),NEW,[🐟🍣] Fish Farm Sushi,https://www.roblox.com/games/133644227090327/,,,,,,,1207,1207,11665,,1251,14,1,93.3,103.47,3,2026-09-21,2026-09-24,Group,Cubic_Games,https://www.roblox.com/groups/419791825,55157,Cubic_G4mes,https://www.roblox.com/users/10248332038/profile,,,,,,,,https://www.facebook.com/roblox/,All,6,10767391441,133644227090327,seedfile:watchlist_history.csv,2026-09-25 04:43
1135,1-BEST (MUST BUY),NEW,Make Ice & Catch Animals!,https://www.roblox.com/games/115553136838153/,,,,,,,118,118,17056,,523,523,17,96.9,6.92,11,2026-09-14,2026-09-24,Group,Cartoon Tiger Studio,https://www.roblox.com/groups/1083102662,9167,shiyu8888,https://www.roblox.com/users/7045595727/profile,,,,,,,,https://www.facebook.com/roblox/,All,6,10766396123,115553136838153,seedfile:watchlist_history.csv,2026-09-25 04:43
1120,1-BEST (MUST BUY),NEW,[🥚NEW MAP] Crack an Egg,https://www.roblox.com/games/93065155115744/,,,,,,,127,127,32131,,672,88,18,83.0,3.95,4,2026-09-20,2026-09-24,Group,What is Inside?,https://www.roblox.com/groups/985175323,609,kfetty123,https://www.roblox.com/users/198796526/profile,,,,,https://x.com/kft_rblx,,,https://www.facebook.com/roblox/,All,20,10767283406,93065155115744,seedfile:watchlist_history.csv,2026-09-25 04:43
﻿priority_score,tier,new_this_run,title,game_url,has_discord,discord_url,discord_server,discord_members,discord_online,discord_via,active,peak_active_seen,visits,visits_growth_per_day,favorites,likes,dislikes,like_ratio,heat_active_per_1k_visits,age_days,created,last_updated,creator_type,creator_name,creator_url,group_members,owner_name,owner_url,owner_roblox_signal,discord_name_signal,youtube,tiktok,twitter_x,twitch,instagram,other_links,genre,max_players,universe_id,place_id,found_via,checked_at_utc
1337,1-BEST (MUST BUY),NEW,Sail For Animal⛵,https://www.roblox.com/games/75348201309749/,YES,https://discord.gg/AFWQBX8RDW,Sail For Animal,32,3,official game link,199,199,27207,,1982,153,25,86.0,7.31,10,2026-09-14,2026-09-24,Group,Climb to Get Animal,https://www.roblox.com/groups/571688033,3020,Smithjaylue,https://www.roblox.com/users/7176975896/profile,,,,,,,,RobloxGroup:https://www.roblox.com/communities/571688033 | https://www.facebook.com/roblox/,All,6,10766407286,75348201309749,seedfile:watchlist_history.csv,2026-09-25 05:12
1315,1-BEST (MUST BUY),NEW,Steal An Evil Egg 😈,https://www.roblox.com/games/112590853923988/,YES,https://discord.gg/uMwMdYreCA,BoosterSeatzz Games,13,2,official game link,116,116,38121,,217,86,24,78.2,3.04,18,2026-09-07,2026-09-25,User,zachary3330,https://www.roblox.com/users/37594608/profile,,zachary3330,https://www.roblox.com/users/37594608/profile,,,,,,,,https://www.facebook.com/roblox/,All,7,10765494608,112590853923988,seedfile:watchlist_history.csv,2026-09-25 05:12
1136,1-BEST (MUST BUY),NEW,[🐟🍣] Fish Farm Sushi,https://www.roblox.com/games/133644227090327/,,,,,,,104,104,14628,,1569,17,1,94.4,7.11,3,2026-09-21,2026-09-24,Group,Cubic_Games,https://www.roblox.com/groups/419791825,55161,Cubic_G4mes,https://www.roblox.com/users/10248332038/profile,,,,,,,,https://www.facebook.com/roblox/,All,6,10767391441,133644227090327,seedfile:watchlist_history.csv,2026-09-25 05:12
1135,1-BEST (MUST BUY),NEW,Make Ice & Catch Animals!,https://www.roblox.com/games/115553136838153/,,,,,,,122,122,17225,,532,530,17,96.9,7.08,11,2026-09-14,2026-09-24,Group,Cartoon Tiger Studio,https://www.roblox.com/groups/1083102662,9180,shiyu8888,https://www.roblox.com/users/7045595727/profile,,,,,,,,https://www.facebook.com/roblox/,All,6,10766396123,115553136838153,seedfile:watchlist_history.csv,2026-09-25 05:12
﻿priority_score,tier,new_this_run,title,game_url,has_discord,discord_url,discord_server,discord_members,discord_online,discord_via,active,peak_active_seen,visits,visits_growth_per_day,favorites,likes,dislikes,like_ratio,heat_active_per_1k_visits,age_days,created,last_updated,creator_type,creator_name,creator_url,group_members,owner_name,owner_url,owner_roblox_signal,discord_name_signal,youtube,tiktok,twitter_x,twitch,instagram,other_links,genre,max_players,universe_id,place_id,found_via,checked_at_utc
1336,1-BEST (MUST BUY),NEW,Sail For Animal⛵,https://www.roblox.com/games/75348201309749/,YES,https://discord.gg/AFWQBX8RDW,Sail For Animal,32,4,official game link,194,194,27613,,2011,157,25,86.3,7.03,11,2026-09-14,2026-09-24,Group,Climb to Get Animal,https://www.roblox.com/groups/571688033,3071,Smithjaylue,https://www.roblox.com/users/7176975896/profile,,,,,,,,RobloxGroup:https://www.roblox.com/communities/571688033 | https://www.facebook.com/roblox/,All,6,10766407286,75348201309749,seedfile:watchlist_history.csv,2026-09-25 05:43
1318,1-BEST (MUST BUY),NEW,Steal An Evil Egg 😈,https://www.roblox.com/games/112590853923988/,YES,https://discord.gg/uMwMdYreCA,BoosterSeatzz Games,13,2,official game link,133,133,38370,,220,87,24,78.4,3.47,18,2026-09-07,2026-09-25,User,zachary3330,https://www.roblox.com/users/37594608/profile,,zachary3330,https://www.roblox.com/users/37594608/profile,,,,,,,,https://www.facebook.com/roblox/,All,7,10765494608,112590853923988,seedfile:watchlist_history.csv,2026-09-25 05:43
1300,1-BEST (MUST BUY),NEW,Dig An Egg,https://www.roblox.com/games/106058944201103/,,,,,,,1128,1128,28130,,420,35,27,56.5,40.1,19,2026-09-05,2026-09-24,User,phongluutuyet9,https://www.roblox.com/users/11617092423/profile,,phongluutuyet9,https://www.roblox.com/users/11617092423/profile,,,,,,,,https://www.facebook.com/roblox/,All,6,10765268891,106058944201103,seedfile:watchlist_history.csv,2026-09-25 05:43
1129,1-BEST (MUST BUY),NEW,Make Ice & Catch Animals!,https://www.roblox.com/games/115553136838153/,,,,,,,102,102,17434,,552,538,17,96.9,5.85,11,2026-09-14,2026-09-24,Group,Cartoon Tiger Studio,https://www.roblox.com/groups/1083102662,9192,shiyu8888,https://www.roblox.com/users/7045595727/profile,,,,,,,,https://www.facebook.com/roblox/,All,6,10766396123,115553136838153,seedfile:watchlist_history.csv,2026-09-25 05:43
1119,1-BEST (MUST BUY),NEW,[🛡️] +1 Shield Per Click,https://www.roblox.com/games/83283886932197/,,https://discord.gg/TbTVtpW6V (UNVERIFIED/expired),,,,official game link,108,108,28475,,844,46,5,90.2,3.79,28,2026-08-27,2026-09-24,Group,[Solstice Studios],https://www.roblox.com/groups/852292832,4455,Codaskii,https://www.roblox.com/users/312451709/profile,,,,,,,,https://www.facebook.com/roblox/,All,8,10763683470,83283886932197,seedfile:watchlist_history.csv,2026-09-25 05:43
﻿priority_score,tier,new_this_run,title,game_url,has_discord,discord_url,discord_server,discord_members,discord_online,discord_via,active,peak_active_seen,visits,visits_growth_per_day,favorites,likes,dislikes,like_ratio,heat_active_per_1k_visits,age_days,created,last_updated,creator_type,creator_name,creator_url,group_members,owner_name,owner_url,owner_roblox_signal,discord_name_signal,youtube,tiktok,twitter_x,twitch,instagram,other_links,genre,max_players,universe_id,place_id,found_via,checked_at_utc
1339,1-BEST (MUST BUY),NEW,Sail For Animal⛵,https://www.roblox.com/games/75348201309749/,YES,https://discord.gg/AFWQBX8RDW,Sail For Animal,32,3,official game link,214,214,27990,,2037,159,25,86.4,7.65,11,2026-09-14,2026-09-24,Group,Climb to Get Animal,https://www.roblox.com/groups/571688033,3121,Smithjaylue,https://www.roblox.com/users/7176975896/profile,,,,,,,,RobloxGroup:https://www.roblox.com/communities/571688033 | https://www.facebook.com/roblox/,All,6,10766407286,75348201309749,seedfile:watchlist_history.csv,2026-09-25 06:13
1316,1-BEST (MUST BUY),NEW,Steal An Evil Egg 😈,https://www.roblox.com/games/112590853923988/,YES,https://discord.gg/uMwMdYreCA,BoosterSeatzz Games,13,2,official game link,124,124,38640,,220,87,25,77.7,3.21,18,2026-09-07,2026-09-25,User,zachary3330,https://www.roblox.com/users/37594608/profile,,zachary3330,https://www.roblox.com/users/37594608/profile,,,,,,,,https://www.facebook.com/roblox/,All,7,10765494608,112590853923988,seedfile:watchlist_history.csv,2026-09-25 06:13
1122,1-BEST (MUST BUY),NEW,Dig An Egg,https://www.roblox.com/games/106058944201103/,,,,,,,133,133,29777,,438,36,28,56.2,4.47,19,2026-09-05,2026-09-24,User,phongluutuyet9,https://www.roblox.com/users/11617092423/profile,,phongluutuyet9,https://www.roblox.com/users/11617092423/profile,,,,,,,,https://www.facebook.com/roblox/,All,6,10765268891,106058944201103,seedfile:watchlist_history.csv,2026-09-25 06:13
1115,1-BEST (MUST BUY),NEW,[🥚NEW MAP] Crack an Egg,https://www.roblox.com/games/93065155115744/,,,,,,,101,101,33036,,690,91,18,83.5,3.06,4,2026-09-20,2026-09-24,Group,What is Inside?,https://www.roblox.com/groups/985175323,622,kfetty123,https://www.roblox.com/users/198796526/profile,,,,,https://x.com/kft_rblx,,,https://www.facebook.com/roblox/,All,20,10767283406,93065155115744,seedfile:watchlist_history.csv,2026-09-25 06:13
﻿priority_score,tier,new_this_run,title,game_url,has_discord,discord_url,discord_server,discord_members,discord_online,discord_via,active,peak_active_seen,visits,visits_growth_per_day,favorites,likes,dislikes,like_ratio,heat_active_per_1k_visits,age_days,created,last_updated,creator_type,creator_name,creator_url,group_members,owner_name,owner_url,owner_roblox_signal,discord_name_signal,youtube,tiktok,twitter_x,twitch,instagram,other_links,genre,max_players,universe_id,place_id,found_via,checked_at_utc
1323,1-BEST (MUST BUY),NEW,Sail For Animal⛵,https://www.roblox.com/games/75348201309749/,YES,https://discord.gg/AFWQBX8RDW,Sail For Animal,34,3,official game link,128,128,28303,,2046,162,25,86.6,4.52,11,2026-09-14,2026-09-24,Group,Climb to Get Animal,https://www.roblox.com/groups/571688033,3143,Smithjaylue,https://www.roblox.com/users/7176975896/profile,,,,,,,,RobloxGroup:https://www.roblox.com/communities/571688033 | https://www.facebook.com/roblox/,All,6,10766407286,75348201309749,seedfile:watchlist_history.csv,2026-09-25 06:43
1317,1-BEST (MUST BUY),NEW,Steal An Evil Egg 😈,https://www.roblox.com/games/112590853923988/,YES,https://discord.gg/uMwMdYreCA,BoosterSeatzz Games,13,2,official game link,130,130,38878,,221,87,25,77.7,3.34,18,2026-09-07,2026-09-25,User,zachary3330,https://www.roblox.com/users/37594608/profile,,zachary3330,https://www.roblox.com/users/37594608/profile,,,,,,,,https://www.facebook.com/roblox/,All,7,10765494608,112590853923988,seedfile:watchlist_history.csv,2026-09-25 06:43
1249,1-BEST (MUST BUY),NEW,[📢UPD] Rob a Slime! [VERITY],https://www.roblox.com/games/103013400472017/,YES,https://discord.gg/H2FfYYbT73,Fayng Development,14,6,official game link,209,209,21386,,76,32,12,72.7,9.77,143,2026-05-04,2026-09-24,Group,Fayng Development,https://www.roblox.com/groups/971808917,71,Moijjj56,https://www.roblox.com/users/675725962/profile,,,,,,,,https://www.facebook.com/roblox/,All,4,10122954293,103013400472017,seedfile:watchlist_history.csv,2026-09-25 06:43
1119,1-BEST (MUST BUY),NEW,[🛡️] +1 Shield Per Click,https://www.roblox.com/games/83283886932197/,,https://discord.gg/TbTVtpW6V (UNVERIFIED/expired),,,,official game link,112,112,29014,,866,46,5,90.2,3.86,28,2026-08-27,2026-09-24,Group,[Solstice Studios],https://www.roblox.com/groups/852292832,4557,Codaskii,https://www.roblox.com/users/312451709/profile,,,,,,,,https://www.facebook.com/roblox/,All,8,10763683470,83283886932197,seedfile:watchlist_history.csv,2026-09-25 06:43
﻿priority_score,tier,new_this_run,title,game_url,has_discord,discord_url,discord_server,discord_members,discord_online,discord_via,active,peak_active_seen,visits,visits_growth_per_day,favorites,likes,dislikes,like_ratio,heat_active_per_1k_visits,age_days,created,last_updated,creator_type,creator_name,creator_url,group_members,owner_name,owner_url,owner_roblox_signal,discord_name_signal,youtube,tiktok,twitter_x,twitch,instagram,other_links,genre,max_players,universe_id,place_id,found_via,checked_at_utc
1319,1-BEST (MUST BUY),NEW,Sail For Animal⛵,https://www.roblox.com/games/75348201309749/,YES,https://discord.gg/AFWQBX8RDW,Sail For Animal,35,4,official game link,105,105,28388,,2048,163,25,86.7,3.7,11,2026-09-14,2026-09-24,Group,Climb to Get Animal,https://www.roblox.com/groups/571688033,3146,Smithjaylue,https://www.roblox.com/users/7176975896/profile,,,,,,,,RobloxGroup:https://www.roblox.com/communities/571688033 | https://www.facebook.com/roblox/,All,6,10766407286,75348201309749,seedfile:watchlist_history.csv,2026-09-25 06:56
1316,1-BEST (MUST BUY),NEW,Steal An Evil Egg 😈,https://www.roblox.com/games/112590853923988/,YES,https://discord.gg/uMwMdYreCA,BoosterSeatzz Games,13,2,official game link,120,120,38992,,222,87,25,77.7,3.08,18,2026-09-07,2026-09-25,User,zachary3330,https://www.roblox.com/users/37594608/profile,,zachary3330,https://www.roblox.com/users/37594608/profile,,,,,,,,https://www.facebook.com/roblox/,All,7,10765494608,112590853923988,seedfile:watchlist_history.csv,2026-09-25 06:56
1225,1-BEST (MUST BUY),NEW,[📢UPD] Rob a Slime! [VERITY],https://www.roblox.com/games/103013400472017/,YES,https://discord.gg/H2FfYYbT73,Fayng Development,14,7,official game link,107,107,21723,,77,32,12,72.7,4.93,143,2026-05-04,2026-09-24,Group,Fayng Development,https://www.roblox.com/groups/971808917,73,Moijjj56,https://www.roblox.com/users/675725962/profile,,,,,,,,https://www.facebook.com/roblox/,All,4,10122954293,103013400472017,seedfile:watchlist_history.csv,2026-09-25 06:56
1126,1-BEST (MUST BUY),NEW,[🥚NEW MAP] Crack an Egg,https://www.roblox.com/games/93065155115744/,,,,,,,175,175,33562,,701,94,18,83.9,5.21,4,2026-09-20,2026-09-24,Group,What is Inside?,https://www.roblox.com/groups/985175323,635,kfetty123,https://www.roblox.com/users/198796526/profile,,,,,https://x.com/kft_rblx,,,https://www.facebook.com/roblox/,All,20,10767283406,93065155115744,seedfile:watchlist_history.csv,2026-09-25 06:56
1118,1-BEST (MUST BUY),NEW,[🛡️] +1 Shield Per Click,https://www.roblox.com/games/83283886932197/,,https://discord.gg/TbTVtpW6V (UNVERIFIED/expired),,,,official game link,107,107,29144,,869,46,5,90.2,3.67,28,2026-08-27,2026-09-24,Group,[Solstice Studios],https://www.roblox.com/groups/852292832,4586,Codaskii,https://www.roblox.com/users/312451709/profile,,,,,,,,https://www.facebook.com/roblox/,All,8,10763683470,83283886932197,seedfile:watchlist_history.csv,2026-09-25 06:56
﻿priority_score,tier,new_this_run,title,game_url,has_discord,discord_url,discord_server,discord_members,discord_online,discord_via,active,peak_active_seen,visits,visits_growth_per_day,favorites,likes,dislikes,like_ratio,heat_active_per_1k_visits,age_days,created,last_updated,creator_type,creator_name,creator_url,group_members,owner_name,owner_url,owner_roblox_signal,discord_name_signal,youtube,tiktok,twitter_x,twitch,instagram,other_links,genre,max_players,universe_id,place_id,found_via,checked_at_utc
1321,1-BEST (MUST BUY),NEW,Sail For Animal⛵,https://www.roblox.com/games/75348201309749/,YES,https://discord.gg/AFWQBX8RDW,Sail For Animal,35,4,official game link,113,113,28498,,2057,164,25,86.8,3.97,11,2026-09-14,2026-09-24,Group,Climb to Get Animal,https://www.roblox.com/groups/571688033,3156,Smithjaylue,https://www.roblox.com/users/7176975896/profile,,,,,,,,RobloxGroup:https://www.roblox.com/communities/571688033 | https://www.facebook.com/roblox/,All,6,10766407286,75348201309749,seedfile:watchlist_history.csv,2026-09-25 07:13
1316,1-BEST (MUST BUY),NEW,Steal An Evil Egg 😈,https://www.roblox.com/games/112590853923988/,YES,https://discord.gg/uMwMdYreCA,BoosterSeatzz Games,13,2,official game link,120,120,39126,,223,88,25,77.9,3.07,18,2026-09-07,2026-09-25,User,zachary3330,https://www.roblox.com/users/37594608/profile,,zachary3330,https://www.roblox.com/users/37594608/profile,,,,,,,,https://www.facebook.com/roblox/,All,7,10765494608,112590853923988,seedfile:watchlist_history.csv,2026-09-25 07:13
1120,1-BEST (MUST BUY),NEW,[🛡️] +1 Shield Per Click,https://www.roblox.com/games/83283886932197/,,https://discord.gg/TbTVtpW6V (UNVERIFIED/expired),,,,official game link,117,117,29309,,874,46,5,90.2,3.99,28,2026-08-27,2026-09-25,Group,[Solstice Studios],https://www.roblox.com/groups/852292832,4621,Codaskii,https://www.roblox.com/users/312451709/profile,,,,,,,,https://www.facebook.com/roblox/,All,8,10763683470,83283886932197,seedfile:watchlist_history.csv,2026-09-25 07:13
﻿priority_score,tier,new_this_run,title,game_url,has_discord,discord_url,discord_server,discord_members,discord_online,discord_via,active,peak_active_seen,visits,visits_growth_per_day,favorites,likes,dislikes,like_ratio,heat_active_per_1k_visits,age_days,created,last_updated,creator_type,creator_name,creator_url,group_members,owner_name,owner_url,owner_roblox_signal,discord_name_signal,youtube,tiktok,twitter_x,twitch,instagram,other_links,genre,max_players,universe_id,place_id,found_via,checked_at_utc
1329,1-BEST (MUST BUY),NEW,Sail For Animal⛵,https://www.roblox.com/games/75348201309749/,YES,https://discord.gg/AFWQBX8RDW,Sail For Animal,35,3,official game link,163,163,28840,,2086,164,25,86.8,5.65,11,2026-09-14,2026-09-24,Group,Climb to Get Animal,https://www.roblox.com/groups/571688033,3201,Smithjaylue,https://www.roblox.com/users/7176975896/profile,,,,,,,,RobloxGroup:https://www.roblox.com/communities/571688033 | https://www.facebook.com/roblox/,All,6,10766407286,75348201309749,seedfile:watchlist_history.csv,2026-09-25 07:42
1317,1-BEST (MUST BUY),NEW,Steal An Evil Egg 😈,https://www.roblox.com/games/112590853923988/,YES,https://discord.gg/uMwMdYreCA,BoosterSeatzz Games,13,3,official game link,135,135,39355,,225,88,26,77.2,3.43,18,2026-09-07,2026-09-25,User,zachary3330,https://www.roblox.com/users/37594608/profile,,zachary3330,https://www.roblox.com/users/37594608/profile,,,,,,,,https://www.facebook.com/roblox/,All,7,10765494608,112590853923988,seedfile:watchlist_history.csv,2026-09-25 07:42
1120,1-BEST (MUST BUY),NEW,[🛡️] +1 Shield Per Click,https://www.roblox.com/games/83283886932197/,,https://discord.gg/TbTVtpW6V (UNVERIFIED/expired),,,,official game link,117,117,29703,,878,46,5,90.2,3.94,28,2026-08-27,2026-09-25,Group,[Solstice Studios],https://www.roblox.com/groups/852292832,4675,Codaskii,https://www.roblox.com/users/312451709/profile,,,,,,,,https://www.facebook.com/roblox/,All,8,10763683470,83283886932197,seedfile:watchlist_history.csv,2026-09-25 07:43
﻿priority_score,tier,new_this_run,title,game_url,has_discord,discord_url,discord_server,discord_members,discord_online,discord_via,active,peak_active_seen,visits,visits_growth_per_day,favorites,likes,dislikes,like_ratio,heat_active_per_1k_visits,age_days,created,last_updated,creator_type,creator_name,creator_url,group_members,owner_name,owner_url,owner_roblox_signal,discord_name_signal,youtube,tiktok,twitter_x,twitch,instagram,other_links,genre,max_players,universe_id,place_id,found_via,checked_at_utc
1330,1-BEST (MUST BUY),NEW,Sail For Animal⛵,https://www.roblox.com/games/75348201309749/,YES,https://discord.gg/AFWQBX8RDW,Sail For Animal,35,3,official game link,171,171,29185,,2113,167,25,87.0,5.86,11,2026-09-14,2026-09-24,Group,Climb to Get Animal,https://www.roblox.com/groups/571688033,3251,Smithjaylue,https://www.roblox.com/users/7176975896/profile,,,,,,,,RobloxGroup:https://www.roblox.com/communities/571688033 | https://www.facebook.com/roblox/,All,6,10766407286,75348201309749,seedfile:watchlist_history.csv,2026-09-25 08:12
1316,1-BEST (MUST BUY),NEW,Steal An Evil Egg 😈,https://www.roblox.com/games/112590853923988/,YES,https://discord.gg/uMwMdYreCA,BoosterSeatzz Games,13,3,official game link,127,127,39570,,225,89,26,77.4,3.21,18,2026-09-07,2026-09-25,User,zachary3330,https://www.roblox.com/users/37594608/profile,,zachary3330,https://www.roblox.com/users/37594608/profile,,,,,,,,https://www.facebook.com/roblox/,All,7,10765494608,112590853923988,seedfile:watchlist_history.csv,2026-09-25 08:12
1119,1-BEST (MUST BUY),NEW,[🛡️] +1 Shield Per Click,https://www.roblox.com/games/83283886932197/,,https://discord.gg/TbTVtpW6V (UNVERIFIED/expired),,,,official game link,114,114,29992,,892,46,5,90.2,3.8,28,2026-08-27,2026-09-25,Group,[Solstice Studios],https://www.roblox.com/groups/852292832,4727,Codaskii,https://www.roblox.com/users/312451709/profile,,,,,,,,https://www.facebook.com/roblox/,All,8,10763683470,83283886932197,seedfile:watchlist_history.csv,2026-09-25 08:12
﻿priority_score,tier,new_this_run,title,game_url,has_discord,discord_url,discord_server,discord_members,discord_online,discord_via,active,peak_active_seen,visits,visits_growth_per_day,favorites,likes,dislikes,like_ratio,heat_active_per_1k_visits,age_days,created,last_updated,creator_type,creator_name,creator_url,group_members,owner_name,owner_url,owner_roblox_signal,discord_name_signal,youtube,tiktok,twitter_x,twitch,instagram,other_links,genre,max_players,universe_id,place_id,found_via,checked_at_utc
1334,1-BEST (MUST BUY),NEW,Sail For Animal⛵,https://www.roblox.com/games/75348201309749/,YES,https://discord.gg/AFWQBX8RDW,Sail For Animal,36,4,official game link,197,197,29515,,2140,168,25,87.0,6.67,11,2026-09-14,2026-09-24,Group,Climb to Get Animal,https://www.roblox.com/groups/571688033,3311,Smithjaylue,https://www.roblox.com/users/7176975896/profile,,,,,,,,RobloxGroup:https://www.roblox.com/communities/571688033 | https://www.facebook.com/roblox/,All,6,10766407286,75348201309749,seedfile:watchlist_history.csv,2026-09-25 08:43
1317,1-BEST (MUST BUY),NEW,Steal An Evil Egg 😈,https://www.roblox.com/games/112590853923988/,YES,https://discord.gg/uMwMdYreCA,BoosterSeatzz Games,13,3,official game link,134,134,39811,,226,90,26,77.6,3.37,18,2026-09-07,2026-09-25,User,zachary3330,https://www.roblox.com/users/37594608/profile,,zachary3330,https://www.roblox.com/users/37594608/profile,,,,,,,,https://www.facebook.com/roblox/,All,7,10765494608,112590853923988,seedfile:watchlist_history.csv,2026-09-25 08:42
1130,1-BEST (MUST BUY),NEW,Make Ice & Catch Animals!,https://www.roblox.com/games/115553136838153/,,,,,,,109,109,18172,,606,587,17,97.2,6.0,11,2026-09-14,2026-09-24,Group,Cartoon Tiger Studio,https://www.roblox.com/groups/1083102662,9258,shiyu8888,https://www.roblox.com/users/7045595727/profile,,,,,,,,https://www.facebook.com/roblox/,All,6,10766396123,115553136838153,seedfile:watchlist_history.csv,2026-09-25 08:43
1119,1-BEST (MUST BUY),NEW,[🛡️] +1 Shield Per Click,https://www.roblox.com/games/83283886932197/,,https://discord.gg/TbTVtpW6V (UNVERIFIED/expired),,,,official game link,117,117,30320,,901,47,5,90.4,3.86,28,2026-08-27,2026-09-25,Group,[Solstice Studios],https://www.roblox.com/groups/852292832,4789,Codaskii,https://www.roblox.com/users/312451709/profile,,,,,,,,https://www.facebook.com/roblox/,All,8,10763683470,83283886932197,seedfile:watchlist_history.csv,2026-09-25 08:42
1115,1-BEST (MUST BUY),NEW,[🥚NEW MAP] Crack an Egg,https://www.roblox.com/games/93065155115744/,,,,,,,107,107,34605,,719,94,18,83.9,3.09,4,2026-09-20,2026-09-24,Group,What is Inside?,https://www.roblox.com/groups/985175323,650,kfetty123,https://www.roblox.com/users/198796526/profile,,,,,https://x.com/kft_rblx,,,https://www.facebook.com/roblox/,All,20,10767283406,93065155115744,seedfile:watchlist_history.csv,2026-09-25 08:43
﻿priority_score,tier,new_this_run,title,game_url,has_discord,discord_url,discord_server,discord_members,discord_online,discord_via,active,peak_active_seen,visits,visits_growth_per_day,favorites,likes,dislikes,like_ratio,heat_active_per_1k_visits,age_days,created,last_updated,creator_type,creator_name,creator_url,group_members,owner_name,owner_url,owner_roblox_signal,discord_name_signal,youtube,tiktok,twitter_x,twitch,instagram,other_links,genre,max_players,universe_id,place_id,found_via,checked_at_utc
1332,1-BEST (MUST BUY),NEW,Sail For Animal⛵,https://www.roblox.com/games/75348201309749/,YES,https://discord.gg/AFWQBX8RDW,Sail For Animal,36,4,official game link,188,188,29890,,2171,170,25,87.2,6.29,11,2026-09-14,2026-09-24,Group,Climb to Get Animal,https://www.roblox.com/groups/571688033,3356,Smithjaylue,https://www.roblox.com/users/7176975896/profile,,,,,,,,RobloxGroup:https://www.roblox.com/communities/571688033 | https://www.facebook.com/roblox/,All,6,10766407286,75348201309749,seedfile:watchlist_history.csv,2026-09-25 09:13
1323,1-BEST (MUST BUY),NEW,Collect All the Balls ,https://www.roblox.com/games/100601405854876/,YES,https://discord.gg/SqsNmq6vR,Collect All the Balls,39,15,official game link,150,150,34365,,392,37,1,97.4,4.36,27,2026-08-28,2026-09-25,Group,PADDLEWORKS,https://www.roblox.com/groups/447944722,284,UseOf_Weapons,https://www.roblox.com/users/871963105/profile,,,,,,,,RobloxGroup:https://www.roblox.com/communities/447944722 | https://www.facebook.com/roblox/,All,8,10764258692,100601405854876,seedfile:watchlist_history.csv,2026-09-25 09:13
1120,1-BEST (MUST BUY),NEW,[🛡️] +1 Shield Per Click,https://www.roblox.com/games/83283886932197/,,https://discord.gg/TbTVtpW6V (UNVERIFIED/expired),,,,official game link,120,120,30656,,917,47,5,90.4,3.91,28,2026-08-27,2026-09-25,Group,[Solstice Studios],https://www.roblox.com/groups/852292832,4849,Codaskii,https://www.roblox.com/users/312451709/profile,,,,,,,,https://www.facebook.com/roblox/,All,8,10763683470,83283886932197,seedfile:watchlist_history.csv,2026-09-25 09:13
844,3-GOOD,NEW,FTZ SPEED KING4 SS3 (4 new cars added!!!🛵 ),https://www.roblox.com/games/70884230471422/,YES,https://discord.gg/WTbGZ8Vt9,Speed King Ss1,770,40,official game link,1059,1059,185440,,4962,50,6,89.3,5.71,26,2026-08-30,2026-09-24,Group,เเว้นจัด FTZ,https://www.roblox.com/groups/35971990,29793,iTee_8,https://www.roblox.com/users/4039357821/profile,,,,,,,,https://www.facebook.com/roblox/,All,30,10764443297,70884230471422,seedfile:watchlist_history.csv,2026-09-25 09:13
﻿priority_score,tier,new_this_run,title,game_url,has_discord,discord_url,discord_server,discord_members,discord_online,discord_via,active,peak_active_seen,visits,visits_growth_per_day,favorites,likes,dislikes,like_ratio,heat_active_per_1k_visits,age_days,created,last_updated,creator_type,creator_name,creator_url,group_members,owner_name,owner_url,owner_roblox_signal,discord_name_signal,youtube,tiktok,twitter_x,twitch,instagram,other_links,genre,max_players,universe_id,place_id,found_via,checked_at_utc
1133,1-BEST (MUST BUY),NEW,Sail For Animal⛵,https://www.roblox.com/games/75348201309749/,,,,,,,203,203,30330,,2196,174,25,87.4,6.69,11,2026-09-14,2026-09-24,Group,Climb to Get Animal,https://www.roblox.com/groups/571688033,3401,Smithjaylue,https://www.roblox.com/users/7176975896/profile,,,,,,,,https://www.facebook.com/roblox/,All,6,10766407286,75348201309749,seedfile:watchlist_history.csv,2026-09-25 09:43
1121,1-BEST (MUST BUY),NEW,[🛡️] +1 Shield Per Click,https://www.roblox.com/games/83283886932197/,,,,,,,128,128,30958,,930,47,5,90.4,4.13,28,2026-08-27,2026-09-25,Group,[Solstice Studios],https://www.roblox.com/groups/852292832,4906,Codaskii,https://www.roblox.com/users/312451709/profile,,,,,,,,https://www.facebook.com/roblox/,All,8,10763683470,83283886932197,seedfile:watchlist_history.csv,2026-09-25 09:42
1116,1-BEST (MUST BUY),NEW,[💥] Nuke A Country,https://www.roblox.com/games/103482292591717/,,,,,,,104,104,32387,,134,68,12,85.0,3.21,15,2026-09-09,2026-09-22,Group,Wow that's crazy!!,https://www.roblox.com/groups/342991322,1370,verse_3DD,https://www.roblox.com/users/2048525953/profile,,,,,,,,https://www.facebook.com/roblox/,All,6,10765774354,103482292591717,seedfile:watchlist_history.csv,2026-09-25 09:43
635,3-GOOD,NEW,FTZ SPEED KING4 SS3 (4 new cars added!!!🛵 ),https://www.roblox.com/games/70884230471422/,,https://discord.gg/G85SQA4KMA (UNVERIFIED/expired),,,,official group link: เเว้นจัด FTZ,1319,1319,188757,,5054,51,6,89.5,6.99,26,2026-08-30,2026-09-24,Group,เเว้นจัด FTZ,https://www.roblox.com/groups/35971990,29953,iTee_8,https://www.roblox.com/users/4039357821/profile,,,,,,,,https://www.facebook.com/roblox/,All,30,10764443297,70884230471422,seedfile:watchlist_history.csv,2026-09-25 09:43
﻿priority_score,tier,new_this_run,title,game_url,has_discord,discord_url,discord_server,discord_members,discord_online,discord_via,active,peak_active_seen,visits,visits_growth_per_day,favorites,likes,dislikes,like_ratio,heat_active_per_1k_visits,age_days,created,last_updated,creator_type,creator_name,creator_url,group_members,owner_name,owner_url,owner_roblox_signal,discord_name_signal,youtube,tiktok,twitter_x,twitch,instagram,other_links,genre,max_players,universe_id,place_id,found_via,checked_at_utc
1132,1-BEST (MUST BUY),NEW,Sail For Animal⛵,https://www.roblox.com/games/75348201309749/,,,,,,,196,196,30735,,2215,176,25,87.6,6.38,11,2026-09-14,2026-09-24,Group,Climb to Get Animal,https://www.roblox.com/groups/571688033,3449,Smithjaylue,https://www.roblox.com/users/7176975896/profile,,,,,,,,https://www.facebook.com/roblox/,All,6,10766407286,75348201309749,seedfile:watchlist_history.csv,2026-09-25 10:13
1132,1-BEST (MUST BUY),NEW,[🥚NEW MAP] Crack an Egg,https://www.roblox.com/games/93065155115744/,,,,,,,229,229,35881,,752,96,18,84.2,6.38,4,2026-09-20,2026-09-24,Group,What is Inside?,https://www.roblox.com/groups/985175323,682,kfetty123,https://www.roblox.com/users/198796526/profile,,,,,https://x.com/kft_rblx,,,https://www.facebook.com/roblox/,All,20,10767283406,93065155115744,seedfile:watchlist_history.csv,2026-09-25 10:13
1123,1-BEST (MUST BUY),NEW,[🛡️] +1 Shield Per Click,https://www.roblox.com/games/83283886932197/,,,,,,,146,146,31295,,940,47,5,90.4,4.67,28,2026-08-27,2026-09-25,Group,[Solstice Studios],https://www.roblox.com/groups/852292832,4976,Codaskii,https://www.roblox.com/users/312451709/profile,,,,,,,,https://www.facebook.com/roblox/,All,8,10763683470,83283886932197,seedfile:watchlist_history.csv,2026-09-25 10:13
1116,1-BEST (MUST BUY),NEW,[💥] Nuke A Country,https://www.roblox.com/games/103482292591717/,,,,,,,108,108,32737,,136,68,12,85.0,3.3,15,2026-09-09,2026-09-22,Group,Wow that's crazy!!,https://www.roblox.com/groups/342991322,1390,verse_3DD,https://www.roblox.com/users/2048525953/profile,,,,,,,,https://www.facebook.com/roblox/,All,6,10765774354,103482292591717,seedfile:watchlist_history.csv,2026-09-25 10:13
637,3-GOOD,NEW,FTZ SPEED KING4 SS3 (4 new cars added!!!🛵 ),https://www.roblox.com/games/70884230471422/,,https://discord.gg/G85SQA4KMA (UNVERIFIED/expired),,,,official group link: เเว้นจัด FTZ,1410,1410,192711,,5167,51,6,89.5,7.32,26,2026-08-30,2026-09-24,Group,เเว้นจัด FTZ,https://www.roblox.com/groups/35971990,30132,iTee_8,https://www.roblox.com/users/4039357821/profile,,,,,,,,https://www.facebook.com/roblox/,All,30,10764443297,70884230471422,seedfile:watchlist_history.csv,2026-09-25 10:13
364,4-MID,NEW,[🤑EARN] Glass Bridge For Free,https://www.roblox.com/games/77236223365331/,,,,,,,1048,1048,386988,,16719,96,20,82.8,2.71,12,2026-09-12,2026-09-19,Group,Nums Studio,https://www.roblox.com/groups/394784262,22993,itsLeonum,https://www.roblox.com/users/3299277205/profile,,,,,x.com/communities,,,https://www.facebook.com/roblox/,All,21,10766205283,77236223365331,search:earn,2026-09-25 10:13
﻿priority_score,tier,new_this_run,title,game_url,has_discord,discord_url,discord_server,discord_members,discord_online,discord_via,active,peak_active_seen,visits,visits_growth_per_day,favorites,likes,dislikes,like_ratio,heat_active_per_1k_visits,age_days,created,last_updated,creator_type,creator_name,creator_url,group_members,owner_name,owner_url,owner_roblox_signal,discord_name_signal,youtube,tiktok,twitter_x,twitch,instagram,other_links,genre,max_players,universe_id,place_id,found_via,checked_at_utc
1337,1-BEST (MUST BUY),NEW,Sail For Animal⛵,https://www.roblox.com/games/75348201309749/,YES,https://discord.gg/AFWQBX8RDW,Sail For Animal,36,7,official game link,224,224,31172,,2240,179,25,87.7,7.19,11,2026-09-14,2026-09-24,Group,Climb to Get Animal,https://www.roblox.com/groups/571688033,3506,Smithjaylue,https://www.roblox.com/users/7176975896/profile,,,,,,,,RobloxGroup:https://www.roblox.com/communities/571688033 | https://www.facebook.com/roblox/,All,6,10766407286,75348201309749,seedfile:watchlist_history.csv,2026-09-25 10:44
1200,1-BEST (MUST BUY),NEW,Fishing Master,https://www.roblox.com/games/99925503388128/,,,,,,,12726,12726,33960,,1091,596,7,98.8,374.73,162,2026-04-15,2026-09-25,Group,Fishing Master Community,https://www.roblox.com/groups/67033518,17181,babyboyofman1998,https://www.roblox.com/users/3891273819/profile,,,,,,,,https://www.facebook.com/roblox/,All,20,10039889230,99925503388128,sort:Top Playing Now,2026-09-25 10:44
1129,1-BEST (MUST BUY),NEW,Make Ice & Catch Animals!,https://www.roblox.com/games/115553136838153/,,,,,,,109,109,18799,,652,616,18,97.2,5.8,11,2026-09-14,2026-09-24,Group,Cartoon Tiger Studio,https://www.roblox.com/groups/1083102662,9303,shiyu8888,https://www.roblox.com/users/7045595727/profile,,,,,,,,https://www.facebook.com/roblox/,All,6,10766396123,115553136838153,seedfile:watchlist_history.csv,2026-09-25 10:44
1125,1-BEST (MUST BUY),NEW,[🛡️] +1 Shield Per Click,https://www.roblox.com/games/83283886932197/,,https://discord.gg/TbTVtpW6V (UNVERIFIED/expired),,,,official game link,158,158,31697,,951,48,5,90.6,4.98,28,2026-08-27,2026-09-25,Group,[Solstice Studios],https://www.roblox.com/groups/852292832,5043,Codaskii,https://www.roblox.com/users/312451709/profile,,,,,,,,https://www.facebook.com/roblox/,All,8,10763683470,83283886932197,seedfile:watchlist_history.csv,2026-09-25 10:43
1124,1-BEST (MUST BUY),NEW,[🥚NEW MAP] Crack an Egg,https://www.roblox.com/games/93065155115744/,,,,,,,173,173,36510,,774,98,18,84.5,4.74,4,2026-09-20,2026-09-24,Group,What is Inside?,https://www.roblox.com/groups/985175323,699,kfetty123,https://www.roblox.com/users/198796526/profile,,,,,https://x.com/kft_rblx,,,https://www.facebook.com/roblox/,All,20,10767283406,93065155115744,seedfile:watchlist_history.csv,2026-09-25 10:43
1119,1-BEST (MUST BUY),NEW,[💥] Nuke A Country,https://www.roblox.com/games/103482292591717/,,,,,,,123,123,33094,,136,69,12,85.2,3.72,15,2026-09-09,2026-09-22,Group,Wow that's crazy!!,https://www.roblox.com/groups/342991322,1409,verse_3DD,https://www.roblox.com/users/2048525953/profile,,,,,,,,https://www.facebook.com/roblox/,All,6,10765774354,103482292591717,seedfile:watchlist_history.csv,2026-09-25 10:44
856,3-GOOD,NEW,FTZ SPEED KING4 SS3 (4 new cars added!!!🛵 ),https://www.roblox.com/games/70884230471422/,YES,https://discord.gg/WTbGZ8Vt9,Speed King Ss1,770,43,official game link,1597,1597,196852,,5291,51,6,89.5,8.11,26,2026-08-30,2026-09-24,Group,เเว้นจัด FTZ,https://www.roblox.com/groups/35971990,30343,iTee_8,https://www.roblox.com/users/4039357821/profile,,,,,,,,https://www.facebook.com/roblox/,All,30,10764443297,70884230471422,seedfile:watchlist_history.csv,2026-09-25 10:44
﻿priority_score,tier,new_this_run,title,game_url,has_discord,discord_url,discord_server,discord_members,discord_online,discord_via,active,peak_active_seen,visits,visits_growth_per_day,favorites,likes,dislikes,like_ratio,heat_active_per_1k_visits,age_days,created,last_updated,creator_type,creator_name,creator_url,group_members,owner_name,owner_url,owner_roblox_signal,discord_name_signal,youtube,tiktok,twitter_x,twitch,instagram,other_links,genre,max_players,universe_id,place_id,found_via,checked_at_utc
1335,1-BEST (MUST BUY),NEW,Sail For Animal⛵,https://www.roblox.com/games/75348201309749/,YES,https://discord.gg/AFWQBX8RDW,Sail For Animal,36,7,official game link,217,217,31645,,2267,183,25,88.0,6.86,11,2026-09-14,2026-09-24,Group,Climb to Get Animal,https://www.roblox.com/groups/571688033,3545,Smithjaylue,https://www.roblox.com/users/7176975896/profile,,,,,,,,RobloxGroup:https://www.roblox.com/communities/571688033 | https://www.facebook.com/roblox/,All,6,10766407286,75348201309749,seedfile:watchlist_history.csv,2026-09-25 11:13
1130,1-BEST (MUST BUY),NEW,Make Ice & Catch Animals!,https://www.roblox.com/games/115553136838153/,,,,,,,112,112,18970,,667,624,18,97.2,5.9,11,2026-09-14,2026-09-24,Group,Cartoon Tiger Studio,https://www.roblox.com/groups/1083102662,9316,shiyu8888,https://www.roblox.com/users/7045595727/profile,,,,,,,,https://www.facebook.com/roblox/,All,6,10766396123,115553136838153,seedfile:watchlist_history.csv,2026-09-25 11:13
1127,1-BEST (MUST BUY),NEW,[🛡️] +1 Shield Per Click,https://www.roblox.com/games/83283886932197/,,,,,,,174,174,32116,,964,48,5,90.6,5.42,28,2026-08-27,2026-09-25,Group,[Solstice Studios],https://www.roblox.com/groups/852292832,5110,Codaskii,https://www.roblox.com/users/312451709/profile,,,,,,,,https://www.facebook.com/roblox/,All,8,10763683470,83283886932197,seedfile:watchlist_history.csv,2026-09-25 11:13
1121,1-BEST (MUST BUY),NEW,[💥] Nuke A Country,https://www.roblox.com/games/103482292591717/,,,,,,,138,138,33482,,137,69,12,85.2,4.12,16,2026-09-09,2026-09-22,Group,Wow that's crazy!!,https://www.roblox.com/groups/342991322,1432,verse_3DD,https://www.roblox.com/users/2048525953/profile,,,,,,,,https://www.facebook.com/roblox/,All,6,10765774354,103482292591717,seedfile:watchlist_history.csv,2026-09-25 11:13
1055,1-BEST (MUST BUY),NEW,🚛 Deliver Containers,https://www.roblox.com/games/113455751997886/,,,,,,,103,103,9432,,323,15,14,51.7,10.92,38,2026-08-17,2026-09-25,Group,5 CCUs Games,https://www.roblox.com/groups/386851426,767,stackflows,https://www.roblox.com/users/3093767248/profile,,,,,,,,https://www.facebook.com/roblox/,All,6,10733287670,113455751997886,search:containment,2026-09-25 11:13
396,4-MID,NEW,FTZ SPEED KING4 SS3 (4 new cars added!!!🛵 ),https://www.roblox.com/games/70884230471422/,,https://discord.gg/G85SQA4KMA (UNVERIFIED/expired),,,,official group link: เเว้นจัด FTZ,1835,1835,201587,,5438,51,6,89.5,9.1,26,2026-08-30,2026-09-25,Group,เเว้นจัด FTZ,https://www.roblox.com/groups/35971990,30625,iTee_8,https://www.roblox.com/users/4039357821/profile,,,,,,,,https://www.facebook.com/roblox/,All,30,10764443297,70884230471422,seedfile:watchlist_history.csv,2026-09-25 11:13
﻿priority_score,tier,new_this_run,title,game_url,has_discord,discord_url,discord_server,discord_members,discord_online,discord_via,active,peak_active_seen,visits,visits_growth_per_day,favorites,likes,dislikes,like_ratio,heat_active_per_1k_visits,age_days,created,last_updated,creator_type,creator_name,creator_url,group_members,owner_name,owner_url,owner_roblox_signal,discord_name_signal,youtube,tiktok,twitter_x,twitch,instagram,other_links,genre,max_players,universe_id,place_id,found_via,checked_at_utc
1359,1-BEST (MUST BUY),NEW,Catch and Ride!,https://www.roblox.com/games/81186803521692/,YES,https://discord.gg/UnUKC4YG9,Selics x do_small Community,473,65,owned group socials: do_small x Selics,266,266,26899,,61,38,3,92.7,9.89,5,2026-09-20,2026-09-24,Group,Catalyst Core 3,https://www.roblox.com/groups/2977959,2400,Selics,https://www.roblox.com/users/11174532/profile,,,,,,,,https://www.facebook.com/roblox/,All,5,10767242010,81186803521692,search:catch a,2026-09-25 11:43
1223,1-BEST (MUST BUY),NEW,🐲 Ride A Beast For Eggs!,https://www.roblox.com/games/107027764091621/,,,,,,,253,253,10283,,32,5,2,71.4,24.6,5,2026-09-19,2026-09-25,Group,Egg Hunting Guild,https://www.roblox.com/groups/179163029,421,voidlindon,https://www.roblox.com/users/10375995045/profile,,,,,,,,https://www.facebook.com/roblox/,All,6,10767130438,107027764091621,seedfile:watchlist_history.csv,2026-09-25 11:43
1136,1-BEST (MUST BUY),NEW,Sail For Animal⛵,https://www.roblox.com/games/75348201309749/,,,,,,,232,232,32163,,2298,185,25,88.1,7.21,11,2026-09-14,2026-09-24,Group,Climb to Get Animal,https://www.roblox.com/groups/571688033,3608,Smithjaylue,https://www.roblox.com/users/7176975896/profile,,,,,,,,https://www.facebook.com/roblox/,All,6,10766407286,75348201309749,seedfile:watchlist_history.csv,2026-09-25 11:43
1136,1-BEST (MUST BUY),NEW,Make Ice & Catch Animals!,https://www.roblox.com/games/115553136838153/,,,,,,,139,139,19155,,681,634,18,97.2,7.26,11,2026-09-14,2026-09-24,Group,Cartoon Tiger Studio,https://www.roblox.com/groups/1083102662,9331,shiyu8888,https://www.roblox.com/users/7045595727/profile,,,,,,,,https://www.facebook.com/roblox/,All,6,10766396123,115553136838153,seedfile:watchlist_history.csv,2026-09-25 11:43
1128,1-BEST (MUST BUY),NEW,[🛡️] +1 Shield Per Click,https://www.roblox.com/games/83283886932197/,,,,,,,181,181,32592,,980,48,5,90.6,5.55,28,2026-08-27,2026-09-25,Group,[Solstice Studios],https://www.roblox.com/groups/852292832,5191,Codaskii,https://www.roblox.com/users/312451709/profile,,,,,,,,https://www.facebook.com/roblox/,All,8,10763683470,83283886932197,seedfile:watchlist_history.csv,2026-09-25 11:43
1124,1-BEST (MUST BUY),NEW,Escape Tsunami For Animals!,https://www.roblox.com/games/73778935267652/,,,,,,,103,103,21607,,1326,55,4,93.2,4.77,4,2026-09-21,2026-09-25,Group,Elevon Studios,https://www.roblox.com/groups/36007717,1002774,elevonstudiosgg,https://www.roblox.com/users/10790352914/profile,,,,,,,,https://www.facebook.com/roblox/,All,7,10767357183,73778935267652,seedfile:watchlist_history.csv,2026-09-25 11:43
1122,1-BEST (MUST BUY),NEW,[💥] Nuke A Country,https://www.roblox.com/games/103482292591717/,,,,,,,149,149,33947,,138,70,12,85.4,4.39,16,2026-09-09,2026-09-22,Group,Wow that's crazy!!,https://www.roblox.com/groups/342991322,1449,verse_3DD,https://www.roblox.com/users/2048525953/profile,,,,,,,,https://www.facebook.com/roblox/,All,6,10765774354,103482292591717,seedfile:watchlist_history.csv,2026-09-25 11:43
1016,1-BEST (MUST BUY),NEW,[🏍️💣] Drag Tag,https://www.roblox.com/games/106405214306027/,,,,,,,113,113,34557,,214,14,7,66.7,3.27,45,2026-08-11,2026-09-25,Group,Drag Tag,https://www.roblox.com/groups/633662631,2732,Existensy,https://www.roblox.com/users/1081802604/profile,,,,,,,,https://www.facebook.com/roblox/,All,10,10677677868,106405214306027,seedfile:watchlist_history.csv,2026-09-25 11:43
885,2-GREAT,NEW,+1 Lift Rock for Treasure,https://www.roblox.com/games/102555956950143/,,,,,,,609,609,86451,,8553,90,6,93.8,7.04,12,2026-09-12,2026-09-22,Group,ErEr Games,https://www.roblox.com/groups/511300774,47880,LytrosGames,https://www.roblox.com/users/7767380440/profile,,,,,,,,https://www.facebook.com/roblox/,All,6,10766135603,102555956950143,seedfile:watchlist_history.csv,2026-09-25 11:43
617,4-MID,NEW,FTZ SPEED KING4 SS3 (4 new cars added!!!🛵 ),https://www.roblox.com/games/70884230471422/,YES,https://discord.gg/WTbGZ8Vt9,Speed King Ss1,772,48,official game link,2118,2118,207124,,5628,51,6,89.5,10.23,26,2026-08-30,2026-09-25,Group,เเว้นจัด FTZ,https://www.roblox.com/groups/35971990,30940,iTee_8,https://www.roblox.com/users/4039357821/profile,,,,,,,,https://www.facebook.com/roblox/,All,30,10764443297,70884230471422,seedfile:watchlist_history.csv,2026-09-25 11:43
﻿priority_score,tier,new_this_run,title,game_url,has_discord,discord_url,discord_server,discord_members,discord_online,discord_via,active,peak_active_seen,visits,visits_growth_per_day,favorites,likes,dislikes,like_ratio,heat_active_per_1k_visits,age_days,created,last_updated,creator_type,creator_name,creator_url,group_members,owner_name,owner_url,owner_roblox_signal,discord_name_signal,youtube,tiktok,twitter_x,twitch,instagram,other_links,genre,max_players,universe_id,place_id,found_via,checked_at_utc
1339,1-BEST (MUST BUY),NEW,Sail For Animal⛵,https://www.roblox.com/games/75348201309749/,YES,https://discord.gg/AFWQBX8RDW,Sail For Animal,36,8,official game link,249,249,32674,,2330,185,25,88.1,7.62,11,2026-09-14,2026-09-24,Group,Climb to Get Animal,https://www.roblox.com/groups/571688033,3659,Smithjaylue,https://www.roblox.com/users/7176975896/profile,,,,,,,,RobloxGroup:https://www.roblox.com/communities/571688033 | https://www.facebook.com/roblox/,All,6,10766407286,75348201309749,seedfile:watchlist_history.csv,2026-09-25 12:13
1150,1-BEST (MUST BUY),NEW,🐲 Ride A Beast For Eggs!,https://www.roblox.com/games/107027764091621/,,,,,,,107,107,10730,,33,5,2,71.4,9.97,5,2026-09-19,2026-09-25,Group,Egg Hunting Guild,https://www.roblox.com/groups/179163029,436,voidlindon,https://www.roblox.com/users/10375995045/profile,,,,,,,,https://www.facebook.com/roblox/,All,6,10767130438,107027764091621,seedfile:watchlist_history.csv,2026-09-25 12:13
1138,1-BEST (MUST BUY),NEW,Make Ice & Catch Animals!,https://www.roblox.com/games/115553136838153/,,,,,,,146,146,19405,,697,649,18,97.3,7.52,11,2026-09-14,2026-09-24,Group,Cartoon Tiger Studio,https://www.roblox.com/groups/1083102662,9356,shiyu8888,https://www.roblox.com/users/7045595727/profile,,,,,,,,https://www.facebook.com/roblox/,All,6,10766396123,115553136838153,seedfile:watchlist_history.csv,2026-09-25 12:13
1127,1-BEST (MUST BUY),NEW,[🥚NEW MAP] Crack an Egg,https://www.roblox.com/games/93065155115744/,,,,,,,204,204,37628,,795,100,18,84.7,5.42,4,2026-09-20,2026-09-24,Group,What is Inside?,https://www.roblox.com/groups/985175323,723,kfetty123,https://www.roblox.com/users/198796526/profile,,,,,https://x.com/kft_rblx,,,https://www.facebook.com/roblox/,All,20,10767283406,93065155115744,seedfile:watchlist_history.csv,2026-09-25 12:13
1125,1-BEST (MUST BUY),NEW,[🛡️] +1 Shield Per Click,https://www.roblox.com/games/83283886932197/,,,,,,,163,163,33067,,995,48,5,90.6,4.93,28,2026-08-27,2026-09-25,Group,[Solstice Studios],https://www.roblox.com/groups/852292832,5274,Codaskii,https://www.roblox.com/users/312451709/profile,,,,,,,,https://www.facebook.com/roblox/,All,8,10763683470,83283886932197,seedfile:watchlist_history.csv,2026-09-25 12:13
1121,1-BEST (MUST BUY),NEW,[💥] Nuke A Country,https://www.roblox.com/games/103482292591717/,,,,,,,146,146,34418,,138,70,12,85.4,4.24,16,2026-09-09,2026-09-22,Group,Wow that's crazy!!,https://www.roblox.com/groups/342991322,1461,verse_3DD,https://www.roblox.com/users/2048525953/profile,,,,,,,,https://www.facebook.com/roblox/,All,6,10765774354,103482292591717,seedfile:watchlist_history.csv,2026-09-25 12:13
404,4-MID,NEW,FTZ SPEED KING4 SS3 (4 new cars added!!!🛵 ),https://www.roblox.com/games/70884230471422/,,https://discord.gg/G85SQA4KMA (UNVERIFIED/expired),,,,official group link: เเว้นจัด FTZ,2315,2315,213626,,5844,53,6,89.8,10.84,26,2026-08-30,2026-09-25,Group,เเว้นจัด FTZ,https://www.roblox.com/groups/35971990,31342,iTee_8,https://www.roblox.com/users/4039357821/profile,,,,,,,,https://www.facebook.com/roblox/,All,30,10764443297,70884230471422,seedfile:watchlist_history.csv,2026-09-25 12:13
﻿priority_score,tier,new_this_run,title,game_url,has_discord,discord_url,discord_server,discord_members,discord_online,discord_via,active,peak_active_seen,visits,visits_growth_per_day,favorites,likes,dislikes,like_ratio,heat_active_per_1k_visits,age_days,created,last_updated,creator_type,creator_name,creator_url,group_members,owner_name,owner_url,owner_roblox_signal,discord_name_signal,youtube,tiktok,twitter_x,twitch,instagram,other_links,genre,max_players,universe_id,place_id,found_via,checked_at_utc
1338,1-BEST (MUST BUY),NEW,Sail For Animal⛵,https://www.roblox.com/games/75348201309749/,YES,https://discord.gg/AFWQBX8RDW,Sail For Animal,36,10,official game link,245,245,32920,,2342,185,25,88.1,7.44,11,2026-09-14,2026-09-24,Group,Climb to Get Animal,https://www.roblox.com/groups/571688033,3681,Smithjaylue,https://www.roblox.com/users/7176975896/profile,,,,,,,,RobloxGroup:https://www.roblox.com/communities/571688033 | https://www.facebook.com/roblox/,All,6,10766407286,75348201309749,seedfile:watchlist_history.csv,2026-09-25 12:27
1132,1-BEST (MUST BUY),NEW,Make Ice & Catch Animals!,https://www.roblox.com/games/115553136838153/,,,,,,,125,125,19531,,704,650,18,97.3,6.4,11,2026-09-14,2026-09-24,Group,Cartoon Tiger Studio,https://www.roblox.com/groups/1083102662,9357,shiyu8888,https://www.roblox.com/users/7045595727/profile,,,,,,,,https://www.facebook.com/roblox/,All,6,10766396123,115553136838153,seedfile:watchlist_history.csv,2026-09-25 12:27
1129,1-BEST (MUST BUY),NEW,Escape Tsunami For Animals!,https://www.roblox.com/games/73778935267652/,,,,,,,127,127,22073,,1353,55,4,93.2,5.75,4,2026-09-21,2026-09-25,Group,Elevon Studios,https://www.roblox.com/groups/36007717,1002910,elevonstudiosgg,https://www.roblox.com/users/10790352914/profile,,,,,,,,https://www.facebook.com/roblox/,All,7,10767357183,73778935267652,seedfile:watchlist_history.csv,2026-09-25 12:27
1126,1-BEST (MUST BUY),NEW,[🛡️] +1 Shield Per Click,https://www.roblox.com/games/83283886932197/,,https://discord.gg/TbTVtpW6V (UNVERIFIED/expired),,,,official game link,175,175,33265,,1003,49,5,90.7,5.26,28,2026-08-27,2026-09-25,Group,[Solstice Studios],https://www.roblox.com/groups/852292832,5299,Codaskii,https://www.roblox.com/users/312451709/profile,,,,,,,,https://www.facebook.com/roblox/,All,8,10763683470,83283886932197,seedfile:watchlist_history.csv,2026-09-25 12:27
1120,1-BEST (MUST BUY),NEW,[🥚NEW MAP] Crack an Egg,https://www.roblox.com/games/93065155115744/,,,,,,,149,149,37860,,797,101,18,84.9,3.94,4,2026-09-20,2026-09-24,Group,What is Inside?,https://www.roblox.com/groups/985175323,723,kfetty123,https://www.roblox.com/users/198796526/profile,,,,,https://x.com/kft_rblx,,,https://www.facebook.com/roblox/,All,20,10767283406,93065155115744,seedfile:watchlist_history.csv,2026-09-25 12:27
1119,1-BEST (MUST BUY),NEW,[💥] Nuke A Country,https://www.roblox.com/games/103482292591717/,,,,,,,133,133,34639,,139,70,12,85.4,3.84,16,2026-09-09,2026-09-22,Group,Wow that's crazy!!,https://www.roblox.com/groups/342991322,1471,verse_3DD,https://www.roblox.com/users/2048525953/profile,,,,,,,,https://www.facebook.com/roblox/,All,6,10765774354,103482292591717,seedfile:watchlist_history.csv,2026-09-25 12:27
885,2-GREAT,NEW,+1 Lift Rock for Treasure,https://www.roblox.com/games/102555956950143/,,,,,,,621,621,88208,,8767,90,6,93.8,7.04,13,2026-09-12,2026-09-22,Group,ErEr Games,https://www.roblox.com/groups/511300774,47886,LytrosGames,https://www.roblox.com/users/7767380440/profile,,,,,,,,https://www.facebook.com/roblox/,All,6,10766135603,102555956950143,seedfile:watchlist_history.csv,2026-09-25 12:27
403,4-MID,NEW,FTZ SPEED KING4 SS3 (4 new cars added!!!🛵 ),https://www.roblox.com/games/70884230471422/,,https://discord.gg/G85SQA4KMA (UNVERIFIED/expired),,,,official group link: เเว้นจัด FTZ,2292,2292,216523,,5942,53,6,89.8,10.59,26,2026-08-30,2026-09-25,Group,เเว้นจัด FTZ,https://www.roblox.com/groups/35971990,31502,iTee_8,https://www.roblox.com/users/4039357821/profile,,,,,,,,https://www.facebook.com/roblox/,All,30,10764443297,70884230471422,seedfile:watchlist_history.csv,2026-09-25 12:27
﻿priority_score,tier,new_this_run,title,game_url,has_discord,discord_url,discord_server,discord_members,discord_online,discord_via,active,peak_active_seen,visits,visits_growth_per_day,favorites,likes,dislikes,like_ratio,heat_active_per_1k_visits,age_days,created,last_updated,creator_type,creator_name,creator_url,group_members,owner_name,owner_url,owner_roblox_signal,discord_name_signal,youtube,tiktok,twitter_x,twitch,instagram,other_links,genre,max_players,universe_id,place_id,found_via,checked_at_utc
1132,1-BEST (MUST BUY),NEW,Make Ice & Catch Animals!,https://www.roblox.com/games/115553136838153/,,,,,,,127,127,19647,,713,655,18,97.3,6.46,11,2026-09-14,2026-09-24,Group,Cartoon Tiger Studio,https://www.roblox.com/groups/1083102662,9362,shiyu8888,https://www.roblox.com/users/7045595727/profile,,,,,,,,https://www.facebook.com/roblox/,All,6,10766396123,115553136838153,seedfile:watchlist_history.csv,2026-09-25 12:43
1128,1-BEST (MUST BUY),NEW,[🛡️] +1 Shield Per Click,https://www.roblox.com/games/83283886932197/,,,,,,,187,187,33536,,1012,50,5,90.9,5.58,28,2026-08-27,2026-09-25,Group,[Solstice Studios],https://www.roblox.com/groups/852292832,5346,Codaskii,https://www.roblox.com/users/312451709/profile,,,,,,,,https://www.facebook.com/roblox/,All,8,10763683470,83283886932197,seedfile:watchlist_history.csv,2026-09-25 12:43
1120,1-BEST (MUST BUY),NEW,[💥] Nuke A Country,https://www.roblox.com/games/103482292591717/,,,,,,,142,142,34828,,140,70,12,85.4,4.08,16,2026-09-09,2026-09-22,Group,Wow that's crazy!!,https://www.roblox.com/groups/342991322,1484,verse_3DD,https://www.roblox.com/users/2048525953/profile,,,,,,,,https://www.facebook.com/roblox/,All,6,10765774354,103482292591717,seedfile:watchlist_history.csv,2026-09-25 12:43
886,2-GREAT,NEW,+1 Lift Rock for Treasure,https://www.roblox.com/games/102555956950143/,,,,,,,636,636,88933,,8853,90,6,93.8,7.15,13,2026-09-12,2026-09-22,Group,ErEr Games,https://www.roblox.com/groups/511300774,47889,LytrosGames,https://www.roblox.com/users/7767380440/profile,,,,,,,,https://www.facebook.com/roblox/,All,6,10766135603,102555956950143,seedfile:watchlist_history.csv,2026-09-25 12:43
591,4-MID,NEW,[👕] Ukay Ukay,https://www.roblox.com/games/76761322556241/,YES,https://discord.gg/ukayukay,Ukay-Ukay,1532,188,official group link: UKAYAN,890,890,422362,,7233,2279,139,94.3,2.11,29,2026-08-27,2026-09-24,Group,UKAYAN,https://www.roblox.com/groups/564986757,18481,UkayUkayOwner,https://www.roblox.com/users/837985406/profile,,,,,,,,https://www.facebook.com/roblox/,All,6,10763229308,76761322556241,rec:10764935022,2026-09-25 12:43
404,4-MID,NEW,FTZ SPEED KING4 SS3 (4 new cars added!!!🛵 ),https://www.roblox.com/games/70884230471422/,,https://discord.gg/G85SQA4KMA (UNVERIFIED/expired),,,,official group link: เเว้นจัด FTZ,2397,2397,219963,,6065,53,6,89.8,10.9,26,2026-08-30,2026-09-25,Group,เเว้นจัด FTZ,https://www.roblox.com/groups/35971990,31709,iTee_8,https://www.roblox.com/users/4039357821/profile,,,,,,,,https://www.facebook.com/roblox/,All,30,10764443297,70884230471422,seedfile:watchlist_history.csv,2026-09-25 12:43
﻿priority_score,tier,new_this_run,title,game_url,has_discord,discord_url,discord_server,discord_members,discord_online,discord_via,active,peak_active_seen,visits,visits_growth_per_day,favorites,likes,dislikes,like_ratio,heat_active_per_1k_visits,age_days,created,last_updated,creator_type,creator_name,creator_url,group_members,owner_name,owner_url,owner_roblox_signal,discord_name_signal,youtube,tiktok,twitter_x,twitch,instagram,other_links,genre,max_players,universe_id,place_id,found_via,checked_at_utc
1384,1-BEST (MUST BUY),NEW,Climb For Animals Eggs🥚,https://www.roblox.com/games/85738654635245/,YES,https://discord.gg/QwaRqEv7f7,Insane Games Community,72,9,owned group socials: Escapes With Studios,203,203,12254,,43,44,5,89.8,16.57,18,2026-09-06,2026-09-25,Group,100% GRIND,https://www.roblox.com/groups/263413590,864,KemetCreator,https://www.roblox.com/users/10143951618/profile,,,,,,,,https://www.facebook.com/roblox/,All,5,10765490774,85738654635245,seedfile:watchlist_history.csv,2026-09-25 13:14
1363,1-BEST (MUST BUY),NEW,Become The Egg,https://www.roblox.com/games/128283762728120/,YES,https://discord.gg/PpXrXh57ea,Chrome,31,9,owned group socials: Chrome,156,156,12590,,52,22,9,71.0,12.39,16,2026-09-09,2026-09-25,Group,Big Bald Egg,https://www.roblox.com/groups/958064950,718,WazowskiTheUgly,https://www.roblox.com/users/7471151975/profile,,,,,,,,https://www.facebook.com/roblox/,All,6,10765776166,128283762728120,search:eggs,2026-09-25 13:14
1136,1-BEST (MUST BUY),NEW,Make Ice & Catch Animals!,https://www.roblox.com/games/115553136838153/,,,,,,,142,142,19886,,730,670,18,97.4,7.14,11,2026-09-14,2026-09-24,Group,Cartoon Tiger Studio,https://www.roblox.com/groups/1083102662,9381,shiyu8888,https://www.roblox.com/users/7045595727/profile,,,,,,,,https://www.facebook.com/roblox/,All,6,10766396123,115553136838153,seedfile:watchlist_history.csv,2026-09-25 13:14
1135,1-BEST (MUST BUY),NEW,Steal an Bird Egg!,https://www.roblox.com/games/110196042723062/,,,,,,,111,111,15667,,81,46,9,83.6,7.08,15,2026-09-10,2026-09-25,Group,!Egg Studios!,https://www.roblox.com/groups/203694287,39,Iuekses,https://www.roblox.com/users/1270437988/profile,,,,,,,,https://www.facebook.com/roblox/,All,7,10765859606,110196042723062,seedfile:watchlist_history.csv,2026-09-25 13:14
1130,1-BEST (MUST BUY),NEW,[🛡️] +1 Shield Per Click,https://www.roblox.com/games/83283886932197/,,https://discord.gg/TbTVtpW6V (UNVERIFIED/expired),,,,official game link,205,205,34081,,1029,50,5,90.9,6.02,28,2026-08-27,2026-09-25,Group,[Solstice Studios],https://www.roblox.com/groups/852292832,5441,Codaskii,https://www.roblox.com/users/312451709/profile,,,,,,,,https://www.facebook.com/roblox/,All,8,10763683470,83283886932197,seedfile:watchlist_history.csv,2026-09-25 13:14
1126,1-BEST (MUST BUY),NEW,[🥚NEW MAP] Crack an Egg,https://www.roblox.com/games/93065155115744/,,,,,,,204,204,38591,,815,102,18,85.0,5.29,4,2026-09-20,2026-09-24,Group,What is Inside?,https://www.roblox.com/groups/985175323,740,kfetty123,https://www.roblox.com/users/198796526/profile,,,,,https://x.com/kft_rblx,,,https://www.facebook.com/roblox/,All,20,10767283406,93065155115744,seedfile:watchlist_history.csv,2026-09-25 13:14
1125,1-BEST (MUST BUY),NEW,Escape Tsunami For Animals!,https://www.roblox.com/games/73778935267652/,,,,,,,113,113,22552,,1397,55,4,93.2,5.01,4,2026-09-21,2026-09-25,Group,Elevon Studios,https://www.roblox.com/groups/36007717,1003058,elevonstudiosgg,https://www.roblox.com/users/10790352914/profile,,,,,,,,https://www.facebook.com/roblox/,All,7,10767357183,73778935267652,seedfile:watchlist_history.csv,2026-09-25 13:14
1122,1-BEST (MUST BUY),NEW,[💥] Nuke A Country,https://www.roblox.com/games/103482292591717/,,,,,,,154,154,35268,,141,71,12,85.5,4.37,16,2026-09-09,2026-09-22,Group,Wow that's crazy!!,https://www.roblox.com/groups/342991322,1504,verse_3DD,https://www.roblox.com/users/2048525953/profile,,,,,,,,https://www.facebook.com/roblox/,All,6,10765774354,103482292591717,seedfile:watchlist_history.csv,2026-09-25 13:14
888,2-GREAT,NEW,+1 Lift Rock for Treasure,https://www.roblox.com/games/102555956950143/,,,,,,,682,682,90348,,9027,90,6,93.8,7.55,13,2026-09-12,2026-09-22,Group,ErEr Games,https://www.roblox.com/groups/511300774,47897,LytrosGames,https://www.roblox.com/users/7767380440/profile,,,,,,,,https://www.facebook.com/roblox/,All,6,10766135603,102555956950143,seedfile:watchlist_history.csv,2026-09-25 13:14
401,4-MID,NEW,FTZ SPEED KING4 SS3 (4 new cars added!!!🛵 ),https://www.roblox.com/games/70884230471422/,,https://discord.gg/G85SQA4KMA (UNVERIFIED/expired),,,,official group link: เเว้นจัด FTZ,2311,2311,226463,,6292,54,6,90.0,10.2,26,2026-08-30,2026-09-25,Group,เเว้นจัด FTZ,https://www.roblox.com/groups/35971990,32129,iTee_8,https://www.roblox.com/users/4039357821/profile,,,,,,,,https://www.facebook.com/roblox/,All,30,10764443297,70884230471422,seedfile:watchlist_history.csv,2026-09-25 13:14
﻿priority_score,tier,new_this_run,title,game_url,has_discord,discord_url,discord_server,discord_members,discord_online,discord_via,active,peak_active_seen,visits,visits_growth_per_day,favorites,likes,dislikes,like_ratio,heat_active_per_1k_visits,age_days,created,last_updated,creator_type,creator_name,creator_url,group_members,owner_name,owner_url,owner_roblox_signal,discord_name_signal,youtube,tiktok,twitter_x,twitch,instagram,other_links,genre,max_players,universe_id,place_id,found_via,checked_at_utc
1252,1-BEST (MUST BUY),NEW,[🌟 UPD 2] Hoyoverse Gacha Simulator,https://www.roblox.com/games/131494794181170/,YES,https://discord.gg/nUuxmmXEXM,Cookie Run: Fan-Games,1422,152,official game link,110,110,22972,,1411,249,59,80.8,4.79,53,2026-08-02,2026-09-23,Group,Doll Core :3,https://www.roblox.com/groups/35513412,43477,roblox_user_1524211407,https://www.roblox.com/users/1524211407/profile,,,,,,,,https://www.facebook.com/roblox/,All,8,10619854384,131494794181170,seedfile:watchlist_history.csv,2026-09-25 13:43
1135,1-BEST (MUST BUY),NEW,Make Ice & Catch Animals!,https://www.roblox.com/games/115553136838153/,,,,,,,140,140,20103,,748,680,18,97.4,6.96,11,2026-09-14,2026-09-24,Group,Cartoon Tiger Studio,https://www.roblox.com/groups/1083102662,9395,shiyu8888,https://www.roblox.com/users/7045595727/profile,,,,,,,,https://www.facebook.com/roblox/,All,6,10766396123,115553136838153,seedfile:watchlist_history.csv,2026-09-25 13:43
1129,1-BEST (MUST BUY),NEW,Stack a Burger,https://www.roblox.com/games/129198234144742/,,,,,,,104,104,18047,,58,6,5,54.5,5.76,11,2026-09-13,2026-09-25,Group,iterance,https://www.roblox.com/groups/235252409,14,LeoMethod,https://www.roblox.com/users/396035149/profile,,,,,,,,https://www.facebook.com/roblox/,All,10,10766334899,129198234144742,seedfile:watchlist_history.csv,2026-09-25 13:43
1129,1-BEST (MUST BUY),NEW,[NEW] Plow Snow!,https://www.roblox.com/games/85795899761544/,,,,,,,107,107,18582,,130,104,8,92.9,5.76,24,2026-08-31,2026-09-24,Group,SeasonForgeStudios,https://www.roblox.com/groups/613731641,6901,Knaxgamer678,https://www.roblox.com/users/1749093495/profile,,,,,,,,https://www.facebook.com/roblox/,All,12,10764633737,85795899761544,seedfile:watchlist_history.csv,2026-09-25 13:43
1128,1-BEST (MUST BUY),NEW,[🛡️] +1 Shield Per Click,https://www.roblox.com/games/83283886932197/,,https://discord.gg/TbTVtpW6V (UNVERIFIED/expired),,,,official game link,196,196,34590,,1042,50,5,90.9,5.67,28,2026-08-27,2026-09-25,Group,[Solstice Studios],https://www.roblox.com/groups/852292832,5523,Codaskii,https://www.roblox.com/users/312451709/profile,,,,,,,,https://www.facebook.com/roblox/,All,8,10763683470,83283886932197,seedfile:watchlist_history.csv,2026-09-25 13:43
1122,1-BEST (MUST BUY),NEW,[💥] Nuke A Country,https://www.roblox.com/games/103482292591717/,,,,,,,155,155,35713,,144,73,12,85.9,4.34,16,2026-09-09,2026-09-22,Group,Wow that's crazy!!,https://www.roblox.com/groups/342991322,1524,verse_3DD,https://www.roblox.com/users/2048525953/profile,,,,,,,,https://www.facebook.com/roblox/,All,6,10765774354,103482292591717,seedfile:watchlist_history.csv,2026-09-25 13:43
885,2-GREAT,NEW,+1 Lift Rock for Treasure,https://www.roblox.com/games/102555956950143/,,,,,,,644,644,91765,,9187,91,6,93.8,7.02,13,2026-09-12,2026-09-22,Group,ErEr Games,https://www.roblox.com/groups/511300774,47906,LytrosGames,https://www.roblox.com/users/7767380440/profile,,,,,,,,https://www.facebook.com/roblox/,All,6,10766135603,102555956950143,seedfile:watchlist_history.csv,2026-09-25 13:43
605,4-MID,NEW,FTZ SPEED KING4 SS3 (4 new cars added!!!🛵 ),https://www.roblox.com/games/70884230471422/,YES,https://discord.gg/WTbGZ8Vt9,Speed King Ss1,772,49,official game link,1856,1856,231975,,6504,55,6,90.2,8.0,26,2026-08-30,2026-09-25,Group,เเว้นจัด FTZ,https://www.roblox.com/groups/35971990,32457,iTee_8,https://www.roblox.com/users/4039357821/profile,,,,,,,,https://www.facebook.com/roblox/,All,30,10764443297,70884230471422,seedfile:watchlist_history.csv,2026-09-25 13:43
﻿priority_score,tier,new_this_run,title,game_url,has_discord,discord_url,discord_server,discord_members,discord_online,discord_via,active,peak_active_seen,visits,visits_growth_per_day,favorites,likes,dislikes,like_ratio,heat_active_per_1k_visits,age_days,created,last_updated,creator_type,creator_name,creator_url,group_members,owner_name,owner_url,owner_roblox_signal,discord_name_signal,youtube,tiktok,twitter_x,twitch,instagram,other_links,genre,max_players,universe_id,place_id,found_via,checked_at_utc
1451,1-BEST (MUST BUY),NEW,[NEW🧬] Grow a Dino!🦖,https://www.roblox.com/games/120924837768380/,YES,https://discord.gg/njnZDaE8,RealmStudios,3,2,official group link: RealmStudio,102,102,3382,,25,10,6,62.5,30.16,24,2026-09-01,2026-09-25,Group,RealmStudio,https://www.roblox.com/groups/953995660,28,Swankyxx,https://www.roblox.com/users/7265082995/profile,,,,,,,,https://www.facebook.com/roblox/,All,8,10764714302,120924837768380,search:dinosaur,2026-09-25 14:14
1343,1-BEST (MUST BUY),NEW,[RELEASE] Kick A Verity,https://www.roblox.com/games/111833232227960/,YES,https://discord.gg/WkUEMwZMc3,archivewrld,13,5,official game link,319,319,36962,,210,94,7,93.1,8.63,9,2026-09-16,2026-09-24,Group,archivewrld,https://www.roblox.com/groups/3457109,6157,GodBoy712,https://www.roblox.com/users/72525232/profile,,,,,,,,https://www.facebook.com/roblox/,All,5,10766645527,111833232227960,seedfile:watchlist_history.csv,2026-09-25 14:13
1326,1-BEST (MUST BUY),NEW,[❄️UPD 1] Flex Anime Cards,https://www.roblox.com/games/94849002330248/,YES,https://discord.gg/dMMkc6v9X3,NUGG GAMES,13,6,official group link: NUGGS GAMES,111,111,21970,,1020,175,27,86.6,5.05,21,2026-09-04,2026-09-24,Group,NUGGS GAMES,https://www.roblox.com/groups/188264205,2207,iucasUI,https://www.roblox.com/users/749339223/profile,,,,,,,,https://www.facebook.com/roblox/,All,10,10765036556,94849002330248,seedfile:watchlist_history.csv,2026-09-25 14:13
1257,1-BEST (MUST BUY),NEW,[🍉] +1 Katana Fruit Slasher,https://www.roblox.com/games/76925330949911/,YES,https://discord.gg/aMPWnN2Wwb,Bionyth Games,33,3,owned group socials: Bionyth Games,198,198,17569,,68,25,8,75.8,11.27,55,2026-07-31,2026-09-24,Group,Bionyth Group,https://www.roblox.com/groups/969414753,667,Bionyth,https://www.roblox.com/users/10824392778/profile,,,https://youtube.com/@Bionyth/,,,,,https://www.facebook.com/roblox/,All,20,10604868673,76925330949911,search:katana,2026-09-25 14:14
1253,1-BEST (MUST BUY),NEW,[🌟 UPD 2] Hoyoverse Gacha Simulator,https://www.roblox.com/games/131494794181170/,YES,https://discord.gg/nUuxmmXEXM,Cookie Run: Fan-Games,1422,167,official game link,116,116,23186,,1428,251,59,81.0,5.0,53,2026-08-02,2026-09-23,Group,Doll Core :3,https://www.roblox.com/groups/35513412,43487,roblox_user_1524211407,https://www.roblox.com/users/1524211407/profile,,,,,,,,https://www.facebook.com/roblox/,All,8,10619854384,131494794181170,seedfile:watchlist_history.csv,2026-09-25 14:13
1178,1-BEST (MUST BUY),NEW,Make Ice & Catch Animals!,https://www.roblox.com/games/115553136838153/,,,,,,,349,349,22505,,944,698,18,97.5,15.51,11,2026-09-14,2026-09-24,Group,Cartoon Tiger Studio,https://www.roblox.com/groups/1083102662,9441,shiyu8888,https://www.roblox.com/users/7045595727/profile,,,,,,,,https://www.facebook.com/roblox/,All,6,10766396123,115553136838153,seedfile:watchlist_history.csv,2026-09-25 14:14
1160,1-BEST (MUST BUY),NEW,Dig an Egg! 🥚,https://www.roblox.com/games/115645995421284/,,,,,,,261,261,21879,,233,173,11,94.0,11.93,6,2026-09-18,2026-09-23,Group,Joe's Great Games,https://www.roblox.com/groups/330068102,4620,YooThatsJoe,https://www.roblox.com/users/5112544040/profile,,,,,,,,https://www.facebook.com/roblox/,All,6,10766961355,115645995421284,seedfile:watchlist_history.csv,2026-09-25 14:13
1147,1-BEST (MUST BUY),NEW,🐲 Ride A Beast For Eggs!,https://www.roblox.com/games/107027764091621/,,,,,,,111,111,11804,,36,5,2,71.4,9.4,5,2026-09-19,2026-09-25,Group,Egg Hunting Guild,https://www.roblox.com/groups/179163029,483,voidlindon,https://www.roblox.com/users/10375995045/profile,,,,,,,,https://www.facebook.com/roblox/,All,6,10767130438,107027764091621,seedfile:watchlist_history.csv,2026-09-25 14:14
1146,1-BEST (MUST BUY),NEW,Steal Anime Treasure,https://www.roblox.com/games/125719027714664/,,,,,,,111,111,12157,,84,36,23,61.0,9.13,6,2026-09-18,2026-09-25,Group,Brr Brr,https://www.roblox.com/groups/14685224,1774,Warlock_Robow,https://www.roblox.com/users/210109859/profile,,,,,,,,https://www.facebook.com/roblox/,All,6,10766963633,125719027714664,seedfile:watchlist_history.csv,2026-09-25 14:13
1140,1-BEST (MUST BUY),NEW,[🐟🍣] Fish Farm Sushi,https://www.roblox.com/games/133644227090327/,,,,,,,140,140,17591,,1924,19,1,95.0,7.96,4,2026-09-21,2026-09-24,Group,Cubic_Games,https://www.roblox.com/groups/419791825,55183,Cubic_G4mes,https://www.roblox.com/users/10248332038/profile,,,,,,,,https://www.facebook.com/roblox/,All,6,10767391441,133644227090327,seedfile:watchlist_history.csv,2026-09-25 14:13
1130,1-BEST (MUST BUY),NEW,[🛡️] +1 Shield Per Click,https://www.roblox.com/games/83283886932197/,,https://discord.gg/TbTVtpW6V (UNVERIFIED/expired),,,,official game link,214,214,35120,,1053,50,5,90.9,6.09,28,2026-08-27,2026-09-25,Group,[Solstice Studios],https://www.roblox.com/groups/852292832,5634,Codaskii,https://www.roblox.com/users/312451709/profile,,,,,,,,https://www.facebook.com/roblox/,All,8,10763683470,83283886932197,seedfile:watchlist_history.csv,2026-09-25 14:13
1130,1-BEST (MUST BUY),NEW,Stack a Burger,https://www.roblox.com/games/129198234144742/,,,,,,,111,111,18307,,60,6,5,54.5,6.06,11,2026-09-13,2026-09-25,Group,iterance,https://www.roblox.com/groups/235252409,14,LeoMethod,https://www.roblox.com/users/396035149/profile,,,,,,,,https://www.facebook.com/roblox/,All,10,10766334899,129198234144742,seedfile:watchlist_history.csv,2026-09-25 14:14
1126,1-BEST (MUST BUY),NEW,[🥚NEW MAP] Crack an Egg,https://www.roblox.com/games/93065155115744/,,,,,,,207,207,39344,,841,108,18,85.7,5.26,4,2026-09-20,2026-09-24,Group,What is Inside?,https://www.roblox.com/groups/985175323,769,kfetty123,https://www.roblox.com/users/198796526/profile,,,,,https://x.com/kft_rblx,,,https://www.facebook.com/roblox/,All,20,10767283406,93065155115744,seedfile:watchlist_history.csv,2026-09-25 14:13
1124,1-BEST (MUST BUY),NEW,[💥] Nuke A Country,https://www.roblox.com/games/103482292591717/,,,,,,,176,176,36248,,146,73,12,85.9,4.86,16,2026-09-09,2026-09-22,Group,Wow that's crazy!!,https://www.roblox.com/groups/342991322,1555,verse_3DD,https://www.roblox.com/users/2048525953/profile,,,,,,,,https://www.facebook.com/roblox/,All,6,10765774354,103482292591717,seedfile:watchlist_history.csv,2026-09-25 14:14
1030,1-BEST (MUST BUY),NEW,Hobby Horse Hustle,https://www.roblox.com/games/132559317928914/,,,,,,,140,140,23741,,130,29,16,64.4,5.9,100,2026-06-16,2026-09-25,Group,Hobby Horse Hustle,https://www.roblox.com/groups/999295455,2,Boogungy,https://www.roblox.com/users/11123883611/profile,,,,,,,,https://www.facebook.com/roblox/,All,50,10340218170,132559317928914,search:horse,2026-09-25 14:14
882,2-GREAT,NEW,+1 Lift Rock for Treasure,https://www.roblox.com/games/102555956950143/,,,,,,,603,603,93286,,9343,92,6,93.9,6.46,13,2026-09-12,2026-09-22,Group,ErEr Games,https://www.roblox.com/groups/511300774,47920,LytrosGames,https://www.roblox.com/users/7767380440/profile,,,,,,,,https://www.facebook.com/roblox/,All,6,10766135603,102555956950143,seedfile:watchlist_history.csv,2026-09-25 14:14
381,4-MID,NEW,FTZ SPEED KING4 SS3 (4 new cars added!!!🛵 ),https://www.roblox.com/games/70884230471422/,,https://discord.gg/G85SQA4KMA (UNVERIFIED/expired),,,,official group link: เเว้นจัด FTZ,1480,1480,236426,,6657,57,6,90.5,6.26,26,2026-08-30,2026-09-25,Group,เเว้นจัด FTZ,https://www.roblox.com/groups/35971990,32670,iTee_8,https://www.roblox.com/users/4039357821/profile,,,,,,,,https://www.facebook.com/roblox/,All,30,10764443297,70884230471422,seedfile:watchlist_history.csv,2026-09-25 14:13
﻿priority_score,tier,new_this_run,title,game_url,has_discord,discord_url,discord_server,discord_members,discord_online,discord_via,active,peak_active_seen,visits,visits_growth_per_day,favorites,likes,dislikes,like_ratio,heat_active_per_1k_visits,age_days,created,last_updated,creator_type,creator_name,creator_url,group_members,owner_name,owner_url,owner_roblox_signal,discord_name_signal,youtube,tiktok,twitter_x,twitch,instagram,other_links,genre,max_players,universe_id,place_id,found_via,checked_at_utc
1415,1-BEST (MUST BUY),NEW,Escape Tsunami For Animals!,https://www.roblox.com/games/73778935267652/,YES,https://discord.gg/qNu3TXFcTm,Elevon Studios,4571,212,official game link,113,113,23598,,1465,56,4,93.3,4.79,4,2026-09-21,2026-09-25,Group,Elevon Studios,https://www.roblox.com/groups/36007717,1003326,elevonstudiosgg,https://www.roblox.com/users/10790352914/profile,,,,,https://x.com/Elevon_Studios,,,RobloxGroup:https://www.roblox.com/communities/36007717 | https://www.facebook.com/roblox/,All,7,10767357183,73778935267652,seedfile:watchlist_history.csv,2026-09-25 14:43
1349,1-BEST (MUST BUY),NEW,Raise a Zoo,https://www.roblox.com/games/70898454078008/,YES,https://discord.gg/2khCnRRtF2,PawPets,6,5,official game link,182,182,18653,,64,17,14,54.8,9.76,12,2026-09-13,2026-09-25,Group,PawPets,https://www.roblox.com/groups/205970604,3028,Aalain7,https://www.roblox.com/users/1675186191/profile,,,,,,,,https://www.facebook.com/roblox/,All,6,10766242702,70898454078008,seedfile:watchlist_history.csv,2026-09-25 14:43
1328,1-BEST (MUST BUY),NEW,[❄️UPD 1] Flex Anime Cards,https://www.roblox.com/games/94849002330248/,YES,https://discord.gg/dMMkc6v9X3,NUGG GAMES,13,6,official group link: NUGGS GAMES,121,121,22095,,1025,175,27,86.6,5.48,21,2026-09-04,2026-09-24,Group,NUGGS GAMES,https://www.roblox.com/groups/188264205,2224,iucasUI,https://www.roblox.com/users/749339223/profile,,,,,,,,https://www.facebook.com/roblox/,All,10,10765036556,94849002330248,seedfile:watchlist_history.csv,2026-09-25 14:43
1198,1-BEST (MUST BUY),NEW,Swim for Speed,https://www.roblox.com/games/126752325445596/,,,,,,,279,279,14249,,43,47,9,83.9,19.58,9,2026-09-15,2026-09-25,Group,Fish Collecting,https://www.roblox.com/groups/918702304,9,bozofox11,https://www.roblox.com/users/8788502743/profile,,,,,,,,https://www.facebook.com/roblox/,All,6,10766580704,126752325445596,seedfile:watchlist_history.csv,2026-09-25 14:43
1156,1-BEST (MUST BUY),NEW,[🐟🍣] Fish Farm Sushi,https://www.roblox.com/games/133644227090327/,,,,,,,210,210,18862,,2078,20,1,95.2,11.13,4,2026-09-21,2026-09-24,Group,Cubic_Games,https://www.roblox.com/groups/419791825,55183,Cubic_G4mes,https://www.roblox.com/users/10248332038/profile,,,,,,,,https://www.facebook.com/roblox/,All,6,10767391441,133644227090327,seedfile:watchlist_history.csv,2026-09-25 14:43
1149,1-BEST (MUST BUY),NEW,🐲 Ride A Beast For Eggs!,https://www.roblox.com/games/107027764091621/,,,,,,,122,122,12352,,37,5,2,71.4,9.88,5,2026-09-19,2026-09-25,Group,Egg Hunting Guild,https://www.roblox.com/groups/179163029,498,voidlindon,https://www.roblox.com/users/10375995045/profile,,,,,,,,https://www.facebook.com/roblox/,All,6,10767130438,107027764091621,seedfile:watchlist_history.csv,2026-09-25 14:43
1131,1-BEST (MUST BUY),NEW,[🛡️] +1 Shield Per Click,https://www.roblox.com/games/83283886932197/,,https://discord.gg/TbTVtpW6V (UNVERIFIED/expired),,,,official game link,220,220,35688,,1075,50,5,90.9,6.16,28,2026-08-27,2026-09-25,Group,[Solstice Studios],https://www.roblox.com/groups/852292832,5718,Codaskii,https://www.roblox.com/users/312451709/profile,,,,,,,,https://www.facebook.com/roblox/,All,8,10763683470,83283886932197,seedfile:watchlist_history.csv,2026-09-25 14:43
1130,1-BEST (MUST BUY),NEW,Stack a Burger,https://www.roblox.com/games/129198234144742/,,,,,,,110,110,18574,,61,6,5,54.5,5.92,11,2026-09-13,2026-09-25,Group,iterance,https://www.roblox.com/groups/235252409,14,LeoMethod,https://www.roblox.com/users/396035149/profile,,,,,,,,https://www.facebook.com/roblox/,All,10,10766334899,129198234144742,seedfile:watchlist_history.csv,2026-09-25 14:43
1125,1-BEST (MUST BUY),NEW,Make Ice & Catch Animals!,https://www.roblox.com/games/115553136838153/,,,,,,,116,116,22904,,955,700,18,97.5,5.06,11,2026-09-14,2026-09-24,Group,Cartoon Tiger Studio,https://www.roblox.com/groups/1083102662,9444,shiyu8888,https://www.roblox.com/users/7045595727/profile,,,,,,,,https://www.facebook.com/roblox/,All,6,10766396123,115553136838153,seedfile:watchlist_history.csv,2026-09-25 14:43
1123,1-BEST (MUST BUY),NEW,[💥] Nuke A Country,https://www.roblox.com/games/103482292591717/,,,,,,,172,172,36694,,146,74,12,86.0,4.69,16,2026-09-09,2026-09-22,Group,Wow that's crazy!!,https://www.roblox.com/groups/342991322,1573,verse_3DD,https://www.roblox.com/users/2048525953/profile,,,,,,,,https://www.facebook.com/roblox/,All,6,10765774354,103482292591717,seedfile:watchlist_history.csv,2026-09-25 14:43
590,4-MID,NEW,FTZ SPEED KING4 SS3 (4 new cars added!!!🛵 ),https://www.roblox.com/games/70884230471422/,YES,https://discord.gg/WTbGZ8Vt9,Speed King Ss1,770,48,official game link,1165,1165,240103,,6771,58,6,90.6,4.85,26,2026-08-30,2026-09-25,Group,เเว้นจัด FTZ,https://www.roblox.com/groups/35971990,32855,iTee_8,https://www.roblox.com/users/4039357821/profile,,,,,,,,https://www.facebook.com/roblox/,All,30,10764443297,70884230471422,seedfile:watchlist_history.csv,2026-09-25 14:43
﻿priority_score,tier,new_this_run,title,game_url,has_discord,discord_url,discord_server,discord_members,discord_online,discord_via,active,peak_active_seen,visits,visits_growth_per_day,favorites,likes,dislikes,like_ratio,heat_active_per_1k_visits,age_days,created,last_updated,creator_type,creator_name,creator_url,group_members,owner_name,owner_url,owner_roblox_signal,discord_name_signal,youtube,tiktok,twitter_x,twitch,instagram,other_links,genre,max_players,universe_id,place_id,found_via,checked_at_utc
1328,1-BEST (MUST BUY),NEW,[❄️UPD 1] Flex Anime Cards,https://www.roblox.com/games/94849002330248/,YES,https://discord.gg/dMMkc6v9X3,NUGG GAMES,13,5,official group link: NUGGS GAMES,124,124,22229,,1033,175,27,86.6,5.58,21,2026-09-04,2026-09-24,Group,NUGGS GAMES,https://www.roblox.com/groups/188264205,2237,iucasUI,https://www.roblox.com/users/749339223/profile,,,,,,,,https://www.facebook.com/roblox/,All,10,10765036556,94849002330248,seedfile:watchlist_history.csv,2026-09-25 15:14
1138,1-BEST (MUST BUY),NEW,[🐟🍣] Fish Farm Sushi,https://www.roblox.com/games/133644227090327/,,,,,,,149,149,19652,,2158,20,2,90.9,7.58,4,2026-09-21,2026-09-24,Group,Cubic_Games,https://www.roblox.com/groups/419791825,55184,Cubic_G4mes,https://www.roblox.com/users/10248332038/profile,,,,,,,,https://www.facebook.com/roblox/,All,6,10767391441,133644227090327,seedfile:watchlist_history.csv,2026-09-25 15:14
1133,1-BEST (MUST BUY),NEW,Stack a Burger,https://www.roblox.com/games/129198234144742/,,,,,,,126,126,18902,,62,6,5,54.5,6.67,11,2026-09-13,2026-09-25,Group,iterance,https://www.roblox.com/groups/235252409,14,LeoMethod,https://www.roblox.com/users/396035149/profile,,,,,,,,https://www.facebook.com/roblox/,All,10,10766334899,129198234144742,seedfile:watchlist_history.csv,2026-09-25 15:13
1131,1-BEST (MUST BUY),NEW,[🛡️] +1 Shield Per Click,https://www.roblox.com/games/83283886932197/,,https://discord.gg/TbTVtpW6V (UNVERIFIED/expired),,,,official game link,224,224,36479,,1086,50,5,90.9,6.14,28,2026-08-27,2026-09-25,Group,[Solstice Studios],https://www.roblox.com/groups/852292832,5718,Codaskii,https://www.roblox.com/users/312451709/profile,,,,,,,,https://www.facebook.com/roblox/,All,8,10763683470,83283886932197,seedfile:watchlist_history.csv,2026-09-25 15:14
1122,1-BEST (MUST BUY),NEW,[💥] Nuke A Country,https://www.roblox.com/games/103482292591717/,,,,,,,164,164,37176,,147,75,12,86.2,4.41,16,2026-09-09,2026-09-22,Group,Wow that's crazy!!,https://www.roblox.com/groups/342991322,1604,verse_3DD,https://www.roblox.com/users/2048525953/profile,,,,,,,,https://www.facebook.com/roblox/,All,6,10765774354,103482292591717,seedfile:watchlist_history.csv,2026-09-25 15:14
881,2-GREAT,NEW,+1 Lift Rock for Treasure,https://www.roblox.com/games/102555956950143/,,,,,,,602,602,95911,,9640,97,6,94.2,6.28,13,2026-09-12,2026-09-22,Group,ErEr Games,https://www.roblox.com/groups/511300774,47937,LytrosGames,https://www.roblox.com/users/7767380440/profile,,,,,,,,https://www.facebook.com/roblox/,All,6,10766135603,102555956950143,seedfile:watchlist_history.csv,2026-09-25 15:14
584,4-MID,NEW,FTZ SPEED KING4 SS3 (4 new cars added!!!🛵 ),https://www.roblox.com/games/70884230471422/,YES,https://discord.gg/WTbGZ8Vt9,Speed King Ss1,770,43,official game link,888,888,242977,,6860,59,6,90.8,3.65,26,2026-08-30,2026-09-25,Group,เเว้นจัด FTZ,https://www.roblox.com/groups/35971990,32996,iTee_8,https://www.roblox.com/users/4039357821/profile,,,,,,,,https://www.facebook.com/roblox/,All,30,10764443297,70884230471422,seedfile:watchlist_history.csv,2026-09-25 15:13
470,4-MID,NEW,[X2] +1 Armor Per Click,https://www.roblox.com/games/122836499704920/,YES,https://discord.gg/shield-simulator,Shield simulator,97,24,official group link: Shield simulator,840,840,233903,,11435,1631,61,96.4,3.59,394,2025-08-26,2026-09-25,Group,Shield simulator,https://www.roblox.com/groups/34954118,16498,zerowin_id,https://www.roblox.com/users/5210855928/profile,,,,,,,,https://www.facebook.com/roblox/,All,12,8556856448,122836499704920,search:[X2],2026-09-25 15:14
468,4-MID,NEW,🤔 Killer or Not,https://www.roblox.com/games/90952023190772/,YES,https://discord.gg/NeyNJ72DQA,𝙿𝚛𝚘𝚓𝚎𝚌𝚝 𝙼𝚢𝚜𝚝𝚎𝚛𝚢 🔪,176,28,official group link: MMV Modded,1410,1410,482844,,39424,198,36,84.6,2.92,100,2026-06-17,2026-09-11,Group,MMV Modded,https://www.roblox.com/groups/251589375,622722,roblox_user_2294572076,https://www.roblox.com/users/2294572076/profile,,,,,,,,https://www.facebook.com/roblox/,All,12,10344575739,90952023190772,search:no,2026-09-25 15:13
﻿priority_score,tier,new_this_run,title,game_url,has_discord,discord_url,discord_server,discord_members,discord_online,discord_via,active,peak_active_seen,visits,visits_growth_per_day,favorites,likes,dislikes,like_ratio,heat_active_per_1k_visits,age_days,created,last_updated,creator_type,creator_name,creator_url,group_members,owner_name,owner_url,owner_roblox_signal,discord_name_signal,youtube,tiktok,twitter_x,twitch,instagram,other_links,genre,max_players,universe_id,place_id,found_via,checked_at_utc
1413,1-BEST (MUST BUY),NEW,Escape Tsunami For Animals!,https://www.roblox.com/games/73778935267652/,YES,https://discord.gg/qNu3TXFcTm,Elevon Studios,4571,215,official game link,105,105,24436,,1527,57,4,93.4,4.3,4,2026-09-21,2026-09-25,Group,Elevon Studios,https://www.roblox.com/groups/36007717,1003516,elevonstudiosgg,https://www.roblox.com/users/10790352914/profile,,,,,https://x.com/Elevon_Studios,,,RobloxGroup:https://www.roblox.com/communities/36007717 | https://www.facebook.com/roblox/,All,7,10767357183,73778935267652,seedfile:watchlist_history.csv,2026-09-25 15:44
1329,1-BEST (MUST BUY),NEW,[❄️UPD 1] Flex Anime Cards,https://www.roblox.com/games/94849002330248/,YES,https://discord.gg/dMMkc6v9X3,NUGG GAMES,13,5,official group link: NUGGS GAMES,130,130,22366,,1037,176,27,86.7,5.81,21,2026-09-04,2026-09-24,Group,NUGGS GAMES,https://www.roblox.com/groups/188264205,2255,iucasUI,https://www.roblox.com/users/749339223/profile,,,,,,,,https://www.facebook.com/roblox/,All,10,10765036556,94849002330248,seedfile:watchlist_history.csv,2026-09-25 15:44
1253,1-BEST (MUST BUY),NEW,[🌟 UPD 2] Hoyoverse Gacha Simulator,https://www.roblox.com/games/131494794181170/,YES,https://discord.gg/nUuxmmXEXM,Cookie Run: Fan-Games,1424,170,official game link,118,118,23912,,1477,264,61,81.2,4.93,53,2026-08-02,2026-09-23,Group,Doll Core :3,https://www.roblox.com/groups/35513412,43535,roblox_user_1524211407,https://www.roblox.com/users/1524211407/profile,,,,,,,,https://www.facebook.com/roblox/,All,8,10619854384,131494794181170,seedfile:watchlist_history.csv,2026-09-25 15:44
1222,1-BEST (MUST BUY),NEW,Chicken Army Survival,https://www.roblox.com/games/127344776971804/,YES,https://discord.gg/saS9tjP8N2,Build Hide Survive Zombies,108,10,official group link: We Go Giga,123,123,30889,,96,46,10,82.1,3.98,31,2026-08-24,2026-09-22,Group,We Go Giga,https://www.roblox.com/groups/738567886,90871,Ponchokings,https://www.roblox.com/users/3922131/profile,YES,,,,,,,https://www.facebook.com/roblox/,All,25,10759566653,127344776971804,seedfile:watchlist_history.csv,2026-09-25 15:44
1136,1-BEST (MUST BUY),NEW,[🐟🍣] Fish Farm Sushi,https://www.roblox.com/games/133644227090327/,,,,,,,145,145,20304,,2232,20,2,90.9,7.14,4,2026-09-21,2026-09-24,Group,Cubic_Games,https://www.roblox.com/groups/419791825,55184,Cubic_G4mes,https://www.roblox.com/users/10248332038/profile,,,,,,,,https://www.facebook.com/roblox/,All,6,10767391441,133644227090327,seedfile:watchlist_history.csv,2026-09-25 15:44
1130,1-BEST (MUST BUY),NEW,[🛡️] +1 Shield Per Click,https://www.roblox.com/games/83283886932197/,,https://discord.gg/TbTVtpW6V (UNVERIFIED/expired),,,,official game link,227,227,37365,,1101,50,5,90.9,6.08,28,2026-08-27,2026-09-25,Group,[Solstice Studios],https://www.roblox.com/groups/852292832,5758,Codaskii,https://www.roblox.com/users/312451709/profile,,,,,,,,https://www.facebook.com/roblox/,All,8,10763683470,83283886932197,seedfile:watchlist_history.csv,2026-09-25 15:44
1126,1-BEST (MUST BUY),NEW,Stack a Burger,https://www.roblox.com/games/129198234144742/,,,,,,,101,101,19246,,63,7,6,53.8,5.25,11,2026-09-13,2026-09-25,Group,iterance,https://www.roblox.com/groups/235252409,14,LeoMethod,https://www.roblox.com/users/396035149/profile,,,,,,,,https://www.facebook.com/roblox/,All,10,10766334899,129198234144742,seedfile:watchlist_history.csv,2026-09-25 15:44
1121,1-BEST (MUST BUY),NEW,🌈 SAEM SANDBOX but EVERYTHING IS MAXED,https://www.roblox.com/games/103386986462342/,,,,,,,130,130,31501,,3655,177,8,95.7,4.13,6,2026-09-19,2026-09-20,Group,M5 Competition #1,https://www.roblox.com/groups/41198978,2356,blueyeti_gamex,https://www.roblox.com/users/9117934469/profile,,,,,,,,https://www.facebook.com/roblox/,All,7,10767025915,103386986462342,seedfile:watchlist_history.csv,2026-09-25 15:44
1119,1-BEST (MUST BUY),NEW,[💥] Nuke A Country,https://www.roblox.com/games/103482292591717/,,,,,,,145,145,37649,,148,76,13,85.4,3.85,16,2026-09-09,2026-09-22,Group,Wow that's crazy!!,https://www.roblox.com/groups/342991322,1622,verse_3DD,https://www.roblox.com/users/2048525953/profile,,,,,,,,https://www.facebook.com/roblox/,All,6,10765774354,103482292591717,seedfile:watchlist_history.csv,2026-09-25 15:44
882,2-GREAT,NEW,+1 Lift Rock for Treasure,https://www.roblox.com/games/102555956950143/,,,,,,,616,616,97234,,9774,97,6,94.2,6.34,13,2026-09-12,2026-09-22,Group,ErEr Games,https://www.roblox.com/groups/511300774,47940,LytrosGames,https://www.roblox.com/users/7767380440/profile,,,,,,,,https://www.facebook.com/roblox/,All,6,10766135603,102555956950143,seedfile:watchlist_history.csv,2026-09-25 15:44
﻿priority_score,tier,new_this_run,title,game_url,has_discord,discord_url,discord_server,discord_members,discord_online,discord_via,active,peak_active_seen,visits,visits_growth_per_day,favorites,likes,dislikes,like_ratio,heat_active_per_1k_visits,age_days,created,last_updated,creator_type,creator_name,creator_url,group_members,owner_name,owner_url,owner_roblox_signal,discord_name_signal,youtube,tiktok,twitter_x,twitch,instagram,other_links,genre,max_players,universe_id,place_id,found_via,checked_at_utc
1328,1-BEST (MUST BUY),NEW,[❄️UPD 1] Flex Anime Cards,https://www.roblox.com/games/94849002330248/,YES,https://discord.gg/dMMkc6v9X3,NUGG GAMES,13,5,official group link: NUGGS GAMES,124,124,22512,,1044,180,27,87.0,5.51,21,2026-09-04,2026-09-24,Group,NUGGS GAMES,https://www.roblox.com/groups/188264205,2270,iucasUI,https://www.roblox.com/users/749339223/profile,,,,,,,,https://www.facebook.com/roblox/,All,10,10765036556,94849002330248,seedfile:watchlist_history.csv,2026-09-25 16:13
1253,1-BEST (MUST BUY),NEW,[🌟 UPD 2] Hoyoverse Gacha Simulator,https://www.roblox.com/games/131494794181170/,YES,https://discord.gg/DQ6gWGdD4f,Cookie Run: Fan-Games,1427,168,official group link: Doll Core :3,116,116,24161,,1494,267,61,81.4,4.8,53,2026-08-02,2026-09-23,Group,Doll Core :3,https://www.roblox.com/groups/35513412,43553,roblox_user_1524211407,https://www.roblox.com/users/1524211407/profile,,,,,,,,https://www.facebook.com/roblox/,All,8,10619854384,131494794181170,seedfile:watchlist_history.csv,2026-09-25 16:13
1220,1-BEST (MUST BUY),NEW,Chicken Army Survival,https://www.roblox.com/games/127344776971804/,YES,https://discord.gg/saS9tjP8N2,Build Hide Survive Zombies,108,11,official group link: We Go Giga,110,110,31257,,96,46,11,80.7,3.52,31,2026-08-24,2026-09-22,Group,We Go Giga,https://www.roblox.com/groups/738567886,90874,Ponchokings,https://www.roblox.com/users/3922131/profile,YES,,,,,,,https://www.facebook.com/roblox/,All,25,10759566653,127344776971804,seedfile:watchlist_history.csv,2026-09-25 16:13
1132,1-BEST (MUST BUY),NEW,[🛡️] +1 Shield Per Click,https://www.roblox.com/games/83283886932197/,,,,,,,247,247,37994,,1121,50,5,90.9,6.5,28,2026-08-27,2026-09-25,Group,[Solstice Studios],https://www.roblox.com/groups/852292832,5873,Codaskii,https://www.roblox.com/users/312451709/profile,,,,,,,,https://www.facebook.com/roblox/,All,8,10763683470,83283886932197,seedfile:watchlist_history.csv,2026-09-25 16:13
1132,1-BEST (MUST BUY),NEW,Stack a Burger,https://www.roblox.com/games/129198234144742/,,,,,,,126,126,19598,,64,7,7,50.0,6.43,11,2026-09-13,2026-09-25,Group,iterance,https://www.roblox.com/groups/235252409,15,LeoMethod,https://www.roblox.com/users/396035149/profile,,,,,,,,https://www.facebook.com/roblox/,All,10,10766334899,129198234144742,seedfile:watchlist_history.csv,2026-09-25 16:13
1128,1-BEST (MUST BUY),NEW,[🐟🍣] Fish Farm Sushi,https://www.roblox.com/games/133644227090327/,,,,,,,117,117,20992,,2294,21,2,91.3,5.57,4,2026-09-21,2026-09-24,Group,Cubic_Games,https://www.roblox.com/groups/419791825,55186,Cubic_G4mes,https://www.roblox.com/users/10248332038/profile,,,,,,,,https://www.facebook.com/roblox/,All,6,10767391441,133644227090327,seedfile:watchlist_history.csv,2026-09-25 16:13
1119,1-BEST (MUST BUY),NEW,[💥] Nuke A Country,https://www.roblox.com/games/103482292591717/,,,,,,,142,142,38070,,150,77,13,85.6,3.73,16,2026-09-09,2026-09-22,Group,Wow that's crazy!!,https://www.roblox.com/groups/342991322,1651,verse_3DD,https://www.roblox.com/users/2048525953/profile,,,,,,,,https://www.facebook.com/roblox/,All,6,10765774354,103482292591717,seedfile:watchlist_history.csv,2026-09-25 16:13
881,2-GREAT,NEW,+1 Lift Rock for Treasure,https://www.roblox.com/games/102555956950143/,,,,,,,616,616,98592,,9910,98,6,94.2,6.25,13,2026-09-12,2026-09-22,Group,ErEr Games,https://www.roblox.com/groups/511300774,47951,LytrosGames,https://www.roblox.com/users/7767380440/profile,,,,,,,,https://www.facebook.com/roblox/,All,6,10766135603,102555956950143,seedfile:watchlist_history.csv,2026-09-25 16:13
843,3-GOOD,NEW,🌱 Cut all the Grass!,https://www.roblox.com/games/109170952597926/,YES,https://discord.gg/6TD7uAbTAR,AMG Studio,47,17,official game link,1004,1004,118184,,429,454,22,95.4,8.5,11,2026-09-13,2026-09-25,Group,Lawn Lovers,https://www.roblox.com/groups/528503819,4081,Andeezey,https://www.roblox.com/users/932713495/profile,,,,,,,,https://www.facebook.com/roblox/,All,12,10766349481,109170952597926,seedfile:watchlist_history.csv,2026-09-25 16:13
﻿priority_score,tier,new_this_run,title,game_url,has_discord,discord_url,discord_server,discord_members,discord_online,discord_via,active,peak_active_seen,visits,visits_growth_per_day,favorites,likes,dislikes,like_ratio,heat_active_per_1k_visits,age_days,created,last_updated,creator_type,creator_name,creator_url,group_members,owner_name,owner_url,owner_roblox_signal,discord_name_signal,youtube,tiktok,twitter_x,twitch,instagram,other_links,genre,max_players,universe_id,place_id,found_via,checked_at_utc
1568,1-BEST (MUST BUY),NEW,PANTAI VOICE CHAT - V2,https://www.roblox.com/games/103727838626404/,YES,https://discord.gg/WSAG48kcn2,January Studio,3411,761,official group link: JANUARY STUDIO,781,781,17272,,1368,701,5,99.3,45.22,0,2026-09-25,2026-09-25,Group,JANUARY STUDIO,https://www.roblox.com/groups/320919947,95182,Januar6699,https://www.roblox.com/users/9750022519/profile,,,,,,,,https://www.facebook.com/roblox/,All,45,10767955653,103727838626404,search:[VOICE CHAT],2026-09-25 16:44
1332,1-BEST (MUST BUY),NEW,[🛡️] +1 Shield Per Click,https://www.roblox.com/games/83283886932197/,YES,https://discord.gg/cx6GKgaygN,+1 Shield Per Click,13,8,official game link,248,248,38634,,1153,50,5,90.9,6.42,28,2026-08-27,2026-09-25,Group,[Solstice Studios],https://www.roblox.com/groups/852292832,5960,Codaskii,https://www.roblox.com/users/312451709/profile,,,,,,,,https://www.facebook.com/roblox/,All,8,10763683470,83283886932197,seedfile:watchlist_history.csv,2026-09-25 16:44
1330,1-BEST (MUST BUY),NEW,[❄️UPD 1] Flex Anime Cards,https://www.roblox.com/games/94849002330248/,YES,https://discord.gg/dMMkc6v9X3,NUGG GAMES,13,5,official group link: NUGGS GAMES,136,136,22655,,1049,182,27,87.1,6.0,21,2026-09-04,2026-09-24,Group,NUGGS GAMES,https://www.roblox.com/groups/188264205,2282,iucasUI,https://www.roblox.com/users/749339223/profile,,,,,,,,https://www.facebook.com/roblox/,All,10,10765036556,94849002330248,seedfile:watchlist_history.csv,2026-09-25 16:44
1263,1-BEST (MUST BUY),NEW,Street Soccer Pro,https://www.roblox.com/games/119242658671952/,YES,https://discord.gg/8AT68hWpJ9,Legacy's Bound,1868,198,owned group socials: Legacy's Bound,110,110,21370,,72,19,13,59.4,5.15,37,2026-08-19,2026-09-25,Group,Unnamed Football Prod,https://www.roblox.com/groups/723016792,35,noctovoHoldings2,https://www.roblox.com/users/11419676642/profile,,,,,https://x.com/ikjjm778,,,https://www.facebook.com/roblox/,All,10,10739112966,119242658671952,seedfile:watchlist_history.csv,2026-09-25 16:44
1254,1-BEST (MUST BUY),NEW,[🌟 UPD 2] Hoyoverse Gacha Simulator,https://www.roblox.com/games/131494794181170/,YES,https://discord.gg/nUuxmmXEXM,Cookie Run: Fan-Games,1427,174,official game link,125,125,24434,,1520,266,62,81.1,5.12,53,2026-08-02,2026-09-23,Group,Doll Core :3,https://www.roblox.com/groups/35513412,43566,roblox_user_1524211407,https://www.roblox.com/users/1524211407/profile,,,,,,,,,All,8,10619854384,131494794181170,seedfile:watchlist_history.csv,2026-09-25 16:44
1222,1-BEST (MUST BUY),NEW,Chicken Army Survival,https://www.roblox.com/games/127344776971804/,YES,https://discord.gg/saS9tjP8N2,Build Hide Survive Zombies,108,11,official group link: We Go Giga,123,123,31645,,98,46,11,80.7,3.89,31,2026-08-24,2026-09-22,Group,We Go Giga,https://www.roblox.com/groups/738567886,90877,Ponchokings,https://www.roblox.com/users/3922131/profile,YES,,,,,,,https://www.facebook.com/roblox/,All,25,10759566653,127344776971804,seedfile:watchlist_history.csv,2026-09-25 16:44
1215,1-BEST (MUST BUY),NEW,Storage Facility Simulator,https://www.roblox.com/games/98605556174099/,YES,https://discord.gg/2zyXDumF9g,Storage Facility Simulator,18,7,official game link,103,103,36194,,659,108,133,44.8,2.85,64,2026-07-22,2026-09-25,Group,Storage Facility Simulator,https://www.roblox.com/groups/332629785,127,jackhughesman,https://www.roblox.com/users/36734001/profile,,,,,,,,RobloxGroup:https://www.roblox.com/communities/332629785 | https://www.facebook.com/roblox/,All,8,10548505430,98605556174099,seedfile:watchlist_history.csv,2026-09-25 16:44
1228,1-BEST (MUST BUY),NEW,[🐴] Horse Ranch,https://www.roblox.com/games/83699919411251/,,,,,,,221,221,8643,,123,57,14,80.3,25.57,27,2026-08-29,2026-09-25,Group,Horse Multiverse,https://www.roblox.com/groups/214197292,1185,0Craigs,https://www.roblox.com/users/289000389/profile,,,,,,,,https://www.facebook.com/roblox/,All,6,10764314295,83699919411251,seedfile:watchlist_history.csv,2026-09-25 16:44
1148,1-BEST (MUST BUY),NEW,OBBY PARKOUR,https://www.roblox.com/games/76831684007608/,,,,,,,209,209,21677,,580,8,9,47.1,9.64,3,2026-09-22,2026-09-25,User,JDRoiBoss,https://www.roblox.com/users/4773949460/profile,,JDRoiBoss,https://www.roblox.com/users/4773949460/profile,,,,,,,,https://www.facebook.com/roblox/,All,20,10767572728,76831684007608,seedfile:watchlist_history.csv,2026-09-25 16:44
1140,1-BEST (MUST BUY),NEW,Builders Sandbox 🧱,https://www.roblox.com/games/80889484476977/,,,,,,,266,266,33380,,385,97,26,78.9,7.97,8,2026-09-17,2026-09-25,User,murzbeast23,https://www.roblox.com/users/4036396593/profile,,murzbeast23,https://www.roblox.com/users/4036396593/profile,,,,,,,,https://www.facebook.com/roblox/,All,10,10766773917,80889484476977,rec:10766441818,2026-09-25 16:44
1135,1-BEST (MUST BUY),NEW,Stack a Burger,https://www.roblox.com/games/129198234144742/,,,,,,,140,140,19976,,64,7,7,50.0,7.01,12,2026-09-13,2026-09-25,Group,iterance,https://www.roblox.com/groups/235252409,15,LeoMethod,https://www.roblox.com/users/396035149/profile,,,,,,,,https://www.facebook.com/roblox/,All,10,10766334899,129198234144742,seedfile:watchlist_history.csv,2026-09-25 16:44
1123,1-BEST (MUST BUY),NEW,Escape Tsunami For Animals!,https://www.roblox.com/games/73778935267652/,,,,,,,115,115,25072,,1567,58,4,93.5,4.59,4,2026-09-21,2026-09-25,Group,Elevon Studios,https://www.roblox.com/groups/36007717,1003682,elevonstudiosgg,https://www.roblox.com/users/10790352914/profile,,,,,,,,https://www.facebook.com/roblox/,All,7,10767357183,73778935267652,seedfile:watchlist_history.csv,2026-09-25 16:44
1120,1-BEST (MUST BUY),NEW,[💥] Nuke A Country,https://www.roblox.com/games/103482292591717/,,,,,,,150,150,38467,,151,77,13,85.6,3.9,16,2026-09-09,2026-09-22,Group,Wow that's crazy!!,https://www.roblox.com/groups/342991322,1671,verse_3DD,https://www.roblox.com/users/2048525953/profile,,,,,,,,https://www.facebook.com/roblox/,All,6,10765774354,103482292591717,seedfile:watchlist_history.csv,2026-09-25 16:44
1080,1-BEST (MUST BUY),NEW,[NEW + FREE AVA] DOT OBSTACLE,https://www.roblox.com/games/77669808216670/,,,,,,,107,107,6680,,35,73,20,78.5,16.02,33,2026-08-22,2026-09-25,Group,CheckPoint Family,https://www.roblox.com/groups/718753468,258,WanPalID,https://www.roblox.com/users/11529695822/profile,,,,,,,,https://www.facebook.com/roblox/,All,30,10753606284,77669808216670,seedfile:watchlist_history.csv,2026-09-25 16:44
1044,1-BEST (MUST BUY),NEW,Infinite Blocks,https://www.roblox.com/games/74348830510694/,,,,,,,122,122,13729,,60,9,8,52.9,8.89,134,2026-05-14,2026-09-21,Group,Infinite Blocks,https://www.roblox.com/groups/343959868,49611,65hQjarMpSEW27L,https://www.roblox.com/users/10765425423/profile,,,,,,,,https://www.facebook.com/roblox/,All,24,10167786253,74348830510694,seedfile:watchlist_history.csv,2026-09-25 16:44
1017,1-BEST (MUST BUY),NEW,[ ✅ FIXED ] Zenkai Blox,https://www.roblox.com/games/83701179040118/,,,,,,,110,110,32436,,285,100,34,74.6,3.39,104,2026-06-12,2026-09-25,User,SpiderJeff_01,https://www.roblox.com/users/2631883029/profile,,SpiderJeff_01,https://www.roblox.com/users/2631883029/profile,,,,,,,,https://www.facebook.com/roblox/,All,16,10314796930,83701179040118,search:[FIXED],2026-09-25 16:44
850,3-GOOD,NEW,🌱 Cut all the Grass!,https://www.roblox.com/games/109170952597926/,YES,https://discord.gg/6TD7uAbTAR,AMG Studio,48,17,official game link,1193,1193,120625,,436,468,22,95.5,9.89,11,2026-09-13,2026-09-25,Group,Lawn Lovers,https://www.roblox.com/groups/528503819,4181,Andeezey,https://www.roblox.com/users/932713495/profile,,,,,,,,https://www.facebook.com/roblox/,All,12,10766349481,109170952597926,seedfile:watchlist_history.csv,2026-09-25 16:44
421,4-MID,NEW,[NEW] Cidro Janji (Jawa Party),https://www.roblox.com/games/79312497897212/,,,,,,,4994,4994,351820,,431,758,41,94.9,14.19,2,2026-09-23,2026-09-25,Group,Majelis Cidro,https://www.roblox.com/groups/100395357,168528,NoMoreBerlin,https://www.roblox.com/users/10925201612/profile,,,,,,,,https://www.facebook.com/roblox/,All,80,10767698786,79312497897212,search:party games,2026-09-25 16:44
﻿priority_score,tier,new_this_run,title,game_url,has_discord,discord_url,discord_server,discord_members,discord_online,discord_via,active,peak_active_seen,visits,visits_growth_per_day,favorites,likes,dislikes,like_ratio,heat_active_per_1k_visits,age_days,created,last_updated,creator_type,creator_name,creator_url,group_members,owner_name,owner_url,owner_roblox_signal,discord_name_signal,youtube,tiktok,twitter_x,twitch,instagram,other_links,genre,max_players,universe_id,place_id,found_via,checked_at_utc
1413,1-BEST (MUST BUY),NEW,Escape Tsunami For Animals!,https://www.roblox.com/games/73778935267652/,YES,https://discord.gg/qNu3TXFcTm,Elevon Studios,4573,217,official game link,108,108,25398,,1593,59,4,93.7,4.25,4,2026-09-21,2026-09-25,Group,Elevon Studios,https://www.roblox.com/groups/36007717,1003778,elevonstudiosgg,https://www.roblox.com/users/10790352914/profile,,,,,https://x.com/Elevon_Studios,,,RobloxGroup:https://www.roblox.com/communities/36007717 | https://www.facebook.com/roblox/,All,7,10767357183,73778935267652,seedfile:watchlist_history.csv,2026-09-25 17:13
1331,1-BEST (MUST BUY),NEW,[🛡️] +1 Shield Per Click,https://www.roblox.com/games/83283886932197/,YES,https://discord.gg/cx6GKgaygN,+1 Shield Per Click,13,8,official game link,243,243,39307,,1169,51,5,91.1,6.18,28,2026-08-27,2026-09-25,Group,[Solstice Studios],https://www.roblox.com/groups/852292832,6046,Codaskii,https://www.roblox.com/users/312451709/profile,,,,,,,,https://www.facebook.com/roblox/,All,8,10763683470,83283886932197,seedfile:watchlist_history.csv,2026-09-25 17:13
1324,1-BEST (MUST BUY),NEW,[❄️UPD 1] Flex Anime Cards,https://www.roblox.com/games/94849002330248/,YES,https://discord.gg/dMMkc6v9X3,NUGG GAMES,14,5,official group link: NUGGS GAMES,106,106,22819,,1061,184,27,87.2,4.65,21,2026-09-04,2026-09-24,Group,NUGGS GAMES,https://www.roblox.com/groups/188264205,2299,iucasUI,https://www.roblox.com/users/749339223/profile,,,,,,,,https://www.facebook.com/roblox/,All,10,10765036556,94849002330248,seedfile:watchlist_history.csv,2026-09-25 17:13
1253,1-BEST (MUST BUY),NEW,[🌟 UPD 2] Hoyoverse Gacha Simulator,https://www.roblox.com/games/131494794181170/,YES,https://discord.gg/nUuxmmXEXM,Cookie Run: Fan-Games,1428,178,official game link,123,123,24711,,1538,267,62,81.2,4.98,53,2026-08-02,2026-09-23,Group,Doll Core :3,https://www.roblox.com/groups/35513412,43575,roblox_user_1524211407,https://www.roblox.com/users/1524211407/profile,,,,,,,,https://www.facebook.com/roblox/,All,8,10619854384,131494794181170,seedfile:watchlist_history.csv,2026-09-25 17:13
1223,1-BEST (MUST BUY),NEW,Chicken Army Survival,https://www.roblox.com/games/127344776971804/,YES,https://discord.gg/saS9tjP8N2,Build Hide Survive Zombies,108,10,official group link: We Go Giga,132,132,32130,,98,46,11,80.7,4.11,31,2026-08-24,2026-09-22,Group,We Go Giga,https://www.roblox.com/groups/738567886,90877,Ponchokings,https://www.roblox.com/users/3922131/profile,YES,,,,,,,https://www.facebook.com/roblox/,All,25,10759566653,127344776971804,seedfile:watchlist_history.csv,2026-09-25 17:13
1215,1-BEST (MUST BUY),NEW,Storage Facility Simulator,https://www.roblox.com/games/98605556174099/,YES,https://discord.gg/2zyXDumF9g,Storage Facility Simulator,19,7,official game link,106,106,36400,,665,108,133,44.8,2.91,64,2026-07-22,2026-09-25,Group,Storage Facility Simulator,https://www.roblox.com/groups/332629785,128,jackhughesman,https://www.roblox.com/users/36734001/profile,,,,,,,,RobloxGroup:https://www.roblox.com/communities/332629785 | https://www.facebook.com/roblox/,All,8,10548505430,98605556174099,seedfile:watchlist_history.csv,2026-09-25 17:13
1158,1-BEST (MUST BUY),NEW,Dig An Egg,https://www.roblox.com/games/106058944201103/,,,,,,,368,368,31747,,451,37,28,56.9,11.59,20,2026-09-05,2026-09-25,User,phongluutuyet9,https://www.roblox.com/users/11617092423/profile,,phongluutuyet9,https://www.roblox.com/users/11617092423/profile,,,,,,,,https://www.facebook.com/roblox/,All,6,10765268891,106058944201103,seedfile:watchlist_history.csv,2026-09-25 17:13
1142,1-BEST (MUST BUY),NEW,[🐟] Jump For Fish!,https://www.roblox.com/games/77777220500513/,,,,,,,206,206,24444,,114,94,18,83.9,8.43,11,2026-09-13,2026-09-25,Group,Fooshy x Link,https://www.roblox.com/groups/683437678,4618,Glitchy4D,https://www.roblox.com/users/693005401/profile,,,,,,,,https://www.facebook.com/roblox/,All,5,10766369751,77777220500513,seedfile:watchlist_history.csv,2026-09-25 17:13
1135,1-BEST (MUST BUY),NEW,DAS H00D [WOW!],https://www.roblox.com/games/73790245633445/,,,,,,,108,108,15370,,71,11,5,68.8,7.03,1,2026-09-23,2026-09-23,User,pzfi8,https://www.roblox.com/users/11349713669/profile,,pzfi8,https://www.roblox.com/users/11349713669/profile,,,,,,,,https://www.facebook.com/roblox/,All,30,10767755166,73790245633445,seedfile:watchlist_history.csv,2026-09-25 17:13
1134,1-BEST (MUST BUY),NEW,Stack a Burger,https://www.roblox.com/games/129198234144742/,,,,,,,140,140,20340,,65,7,7,50.0,6.88,12,2026-09-13,2026-09-25,Group,iterance,https://www.roblox.com/groups/235252409,16,LeoMethod,https://www.roblox.com/users/396035149/profile,,,,,,,,https://www.facebook.com/roblox/,All,10,10766334899,129198234144742,seedfile:watchlist_history.csv,2026-09-25 17:13
1126,1-BEST (MUST BUY),NEW,[🐟🍣] Fish Farm Sushi,https://www.roblox.com/games/133644227090327/,,,,,,,115,115,21938,,2395,21,2,91.3,5.24,4,2026-09-21,2026-09-25,Group,Cubic_Games,https://www.roblox.com/groups/419791825,55189,Cubic_G4mes,https://www.roblox.com/users/10248332038/profile,,,,,,,,https://www.facebook.com/roblox/,All,6,10767391441,133644227090327,seedfile:watchlist_history.csv,2026-09-25 17:13
1117,1-BEST (MUST BUY),NEW,[💥] Nuke A Country,https://www.roblox.com/games/103482292591717/,,,,,,,130,130,38860,,152,78,13,85.7,3.35,16,2026-09-09,2026-09-22,Group,Wow that's crazy!!,https://www.roblox.com/groups/342991322,1688,verse_3DD,https://www.roblox.com/users/2048525953/profile,,,,,,,,https://www.facebook.com/roblox/,All,6,10765774354,103482292591717,seedfile:watchlist_history.csv,2026-09-25 17:13
1115,1-BEST (MUST BUY),NEW,Team Hospital Escape!,https://www.roblox.com/games/135821695014981/,,,,,,,102,102,35065,,297,18,13,58.1,2.91,5,2026-09-20,2026-09-20,Group,Invite Your Friends!,https://www.roblox.com/groups/124516646,8394,GoldenHoldings,https://www.roblox.com/users/1729602796/profile,,,,,,,,https://www.facebook.com/roblox/,All,22,10767192375,135821695014981,seedfile:watchlist_history.csv,2026-09-25 17:13
1064,1-BEST (MUST BUY),NEW,Infinite Blocks,https://www.roblox.com/games/74348830510694/,,,,,,,182,182,14201,,62,9,9,50.0,12.82,134,2026-05-14,2026-09-21,Group,Infinite Blocks,https://www.roblox.com/groups/343959868,49611,65hQjarMpSEW27L,https://www.roblox.com/users/10765425423/profile,,,,,,,,https://www.facebook.com/roblox/,All,24,10167786253,74348830510694,seedfile:watchlist_history.csv,2026-09-25 17:13
1021,1-BEST (MUST BUY),NEW,(EVENTS) Piggy Suggestions,https://www.roblox.com/games/80592067062478/,,https://discord.gg/b2FxgbM2Cb (UNVERIFIED/expired),,,,owned group socials: Split's Hang Out,138,138,32447,,401,128,14,90.1,4.25,178,2026-03-31,2026-09-25,User,QSPLITZ,https://www.roblox.com/users/1444191269/profile,,QSPLITZ,https://www.roblox.com/users/1444191269/profile,,,https://youtube.com/@QSPLITZ,,x.com/games,,,https://www.facebook.com/roblox/,All,21,9967515801,80592067062478,seedfile:watchlist_history.csv,2026-09-25 17:13
﻿priority_score,tier,new_this_run,title,game_url,has_discord,discord_url,discord_server,discord_members,discord_online,discord_via,active,peak_active_seen,visits,visits_growth_per_day,favorites,likes,dislikes,like_ratio,heat_active_per_1k_visits,age_days,created,last_updated,creator_type,creator_name,creator_url,group_members,owner_name,owner_url,owner_roblox_signal,discord_name_signal,youtube,tiktok,twitter_x,twitch,instagram,other_links,genre,max_players,universe_id,place_id,found_via,checked_at_utc
1391,1-BEST (MUST BUY),NEW,Fight Noobs for Treasure!,https://www.roblox.com/games/93406282410536/,YES,https://discord.gg/xrruZg4DnN,Albanian Bloxxers,342,52,official group link: Anti Noob Action,129,129,7649,,30,6,3,66.7,16.86,20,2026-09-05,2026-09-25,Group,Anti Noob Action,https://www.roblox.com/groups/678638724,14,soydev1112,https://www.roblox.com/users/8839297805/profile,,,,,,,,https://www.facebook.com/roblox/,All,15,10765242382,93406282410536,seedfile:watchlist_history.csv,2026-09-25 17:29
1323,1-BEST (MUST BUY),NEW,[❄️UPD 1] Flex Anime Cards,https://www.roblox.com/games/94849002330248/,YES,https://discord.gg/dMMkc6v9X3,NUGG GAMES,14,5,official group link: NUGGS GAMES,105,105,22892,,1065,184,27,87.2,4.59,21,2026-09-04,2026-09-24,Group,NUGGS GAMES,https://www.roblox.com/groups/188264205,2305,iucasUI,https://www.roblox.com/users/749339223/profile,,,,,,,,https://www.facebook.com/roblox/,All,10,10765036556,94849002330248,seedfile:watchlist_history.csv,2026-09-25 17:29
1250,1-BEST (MUST BUY),NEW,[🌟 UPD 2] Hoyoverse Gacha Simulator,https://www.roblox.com/games/131494794181170/,YES,https://discord.gg/nUuxmmXEXM,Cookie Run: Fan-Games,1428,180,official game link,106,106,24836,,1550,267,63,80.9,4.27,53,2026-08-02,2026-09-23,Group,Doll Core :3,https://www.roblox.com/groups/35513412,43579,roblox_user_1524211407,https://www.roblox.com/users/1524211407/profile,,,,,,,,https://www.facebook.com/roblox/,All,8,10619854384,131494794181170,seedfile:watchlist_history.csv,2026-09-25 17:28
1218,1-BEST (MUST BUY),NEW,Chicken Army Survival,https://www.roblox.com/games/127344776971804/,YES,https://discord.gg/saS9tjP8N2,Build Hide Survive Zombies,108,10,official group link: We Go Giga,102,102,32321,,100,46,11,80.7,3.16,31,2026-08-24,2026-09-22,Group,We Go Giga,https://www.roblox.com/groups/738567886,90880,Ponchokings,https://www.roblox.com/users/3922131/profile,YES,,,,,,,https://www.facebook.com/roblox/,All,25,10759566653,127344776971804,seedfile:watchlist_history.csv,2026-09-25 17:29
1139,1-BEST (MUST BUY),NEW,DAS H00D [WOW!],https://www.roblox.com/games/73790245633445/,,,,,,,120,120,15506,,71,11,5,68.8,7.74,1,2026-09-23,2026-09-23,User,pzfi8,https://www.roblox.com/users/11349713669/profile,,pzfi8,https://www.roblox.com/users/11349713669/profile,,,,,,,,https://www.facebook.com/roblox/,All,30,10767755166,73790245633445,seedfile:watchlist_history.csv,2026-09-25 17:29
1138,1-BEST (MUST BUY),NEW,🐲 Ride A Beast For Eggs!,https://www.roblox.com/games/107027764091621/,,,,,,,109,109,14344,,41,5,2,71.4,7.6,5,2026-09-19,2026-09-25,Group,Egg Hunting Guild,https://www.roblox.com/groups/179163029,574,voidlindon,https://www.roblox.com/users/10375995045/profile,,,,,,,,https://www.facebook.com/roblox/,All,6,10767130438,107027764091621,seedfile:watchlist_history.csv,2026-09-25 17:29
1131,1-BEST (MUST BUY),NEW,Stack a Burger,https://www.roblox.com/games/129198234144742/,,,,,,,127,127,20551,,65,7,7,50.0,6.18,12,2026-09-13,2026-09-25,Group,iterance,https://www.roblox.com/groups/235252409,16,LeoMethod,https://www.roblox.com/users/396035149/profile,,,,,,,,https://www.facebook.com/roblox/,All,10,10766334899,129198234144742,seedfile:watchlist_history.csv,2026-09-25 17:29
1125,1-BEST (MUST BUY),NEW,[🛡️] +1 Shield Per Click,https://www.roblox.com/games/83283886932197/,,,,,,,200,200,39705,,1176,51,5,91.1,5.04,28,2026-08-27,2026-09-25,Group,[Solstice Studios],https://www.roblox.com/groups/852292832,6090,Codaskii,https://www.roblox.com/users/312451709/profile,,,,,,,,https://www.facebook.com/roblox/,All,8,10763683470,83283886932197,seedfile:watchlist_history.csv,2026-09-25 17:29
1124,1-BEST (MUST BUY),NEW,Lift a Verity,https://www.roblox.com/games/138981587079141/,,https://discord.gg/t3Q7A5ge (UNVERIFIED/expired),,,,owned group socials: The DIG Den,131,131,27136,,2174,67,10,87.0,4.83,6,2026-09-18,2026-09-25,Group,and Go Crazy,https://www.roblox.com/groups/222138833,6043,Cheetiify,https://www.roblox.com/users/1222838333/profile,,,,,,,,https://www.facebook.com/roblox/,All,10,10766984985,138981587079141,seedfile:watchlist_history.csv,2026-09-25 17:29
1124,1-BEST (MUST BUY),NEW,[🐟] Jump For Fish!,https://www.roblox.com/games/77777220500513/,,,,,,,121,121,24735,,114,94,18,83.9,4.89,11,2026-09-13,2026-09-25,Group,Fooshy x Link,https://www.roblox.com/groups/683437678,4655,Glitchy4D,https://www.roblox.com/users/693005401/profile,,,,,,,,https://www.facebook.com/roblox/,All,5,10766369751,77777220500513,seedfile:watchlist_history.csv,2026-09-25 17:29
1121,1-BEST (MUST BUY),NEW,Escape Tsunami For Animals!,https://www.roblox.com/games/73778935267652/,,,,,,,107,107,25594,,1600,59,4,93.7,4.18,4,2026-09-21,2026-09-25,Group,Elevon Studios,https://www.roblox.com/groups/36007717,1003844,elevonstudiosgg,https://www.roblox.com/users/10790352914/profile,,,,,,,,https://www.facebook.com/roblox/,All,7,10767357183,73778935267652,seedfile:watchlist_history.csv,2026-09-25 17:29
1119,1-BEST (MUST BUY),NEW,Dig An Egg,https://www.roblox.com/games/106058944201103/,,,,,,,121,121,32175,,458,37,28,56.9,3.76,20,2026-09-05,2026-09-25,User,phongluutuyet9,https://www.roblox.com/users/11617092423/profile,,phongluutuyet9,https://www.roblox.com/users/11617092423/profile,,,,,,,,https://www.facebook.com/roblox/,All,6,10765268891,106058944201103,seedfile:watchlist_history.csv,2026-09-25 17:29
1118,1-BEST (MUST BUY),NEW,[📏] Guess The Real Size!,https://www.roblox.com/games/103168011197605/,,,,,,,114,114,31893,,592,123,45,73.2,3.57,11,2026-09-14,2026-09-24,Group,Guess that?,https://www.roblox.com/groups/561735569,492,supiertita,https://www.roblox.com/users/501181422/profile,,,,,,,,https://www.facebook.com/roblox/,All,20,10766390665,103168011197605,seedfile:watchlist_history.csv,2026-09-25 17:29
1116,1-BEST (MUST BUY),NEW,[💥] Nuke A Country,https://www.roblox.com/games/103482292591717/,,,,,,,129,129,39079,,153,78,13,85.7,3.3,16,2026-09-09,2026-09-22,Group,Wow that's crazy!!,https://www.roblox.com/groups/342991322,1695,verse_3DD,https://www.roblox.com/users/2048525953/profile,,,,,,,,https://www.facebook.com/roblox/,All,6,10765774354,103482292591717,seedfile:watchlist_history.csv,2026-09-25 17:29
1115,1-BEST (MUST BUY),NEW,Cry Baby Outfit Tower,https://www.roblox.com/games/100132365836939/,,,,,,,110,110,36612,,3395,206,15,93.2,3.0,13,2026-09-12,2026-09-24,Group,Cry Baby Games,https://www.roblox.com/groups/9100028,3813,supviloes,https://www.roblox.com/users/1950562212/profile,,,,,,,,https://www.facebook.com/roblox/,All,30,10766174914,100132365836939,seedfile:watchlist_history.csv,2026-09-25 17:28
1115,1-BEST (MUST BUY),NEW,Team Hospital Escape!,https://www.roblox.com/games/135821695014981/,,,,,,,106,106,35272,,297,18,13,58.1,3.01,5,2026-09-20,2026-09-20,Group,Invite Your Friends!,https://www.roblox.com/groups/124516646,8395,GoldenHoldings,https://www.roblox.com/users/1729602796/profile,,,,,,,,https://www.facebook.com/roblox/,All,22,10767192375,135821695014981,seedfile:watchlist_history.csv,2026-09-25 17:29
1074,1-BEST (MUST BUY),NEW,Infinite Blocks,https://www.roblox.com/games/74348830510694/,,,,,,,218,218,14637,,64,9,9,50.0,14.89,134,2026-05-14,2026-09-21,Group,Infinite Blocks,https://www.roblox.com/groups/343959868,49611,65hQjarMpSEW27L,https://www.roblox.com/users/10765425423/profile,,,,,,,,https://www.facebook.com/roblox/,All,24,10167786253,74348830510694,seedfile:watchlist_history.csv,2026-09-25 17:29
1022,1-BEST (MUST BUY),NEW,(EVENTS) Piggy Suggestions,https://www.roblox.com/games/80592067062478/,,https://discord.gg/b2FxgbM2Cb (UNVERIFIED/expired),,,,owned group socials: Split's Hang Out,141,141,32824,,401,128,14,90.1,4.3,178,2026-03-31,2026-09-25,User,QSPLITZ,https://www.roblox.com/users/1444191269/profile,,QSPLITZ,https://www.roblox.com/users/1444191269/profile,,,https://youtube.com/@QSPLITZ,,x.com/games,,,https://www.facebook.com/roblox/,All,21,9967515801,80592067062478,seedfile:watchlist_history.csv,2026-09-25 17:29
269,4-MID,NEW,Superb Upgrade Tree [UPDATE],https://www.roblox.com/games/103554857427414/,,,,,,,833,833,219829,,1792,2056,167,92.5,3.79,236,2026-02-01,2026-09-25,Group,Xponents Studios,https://www.roblox.com/groups/1071522060,3652,MOCAMARO_3,https://www.roblox.com/users/2577214977/profile,,,,,,,,https://www.facebook.com/roblox/,All,8,9658608798,103554857427414,search:grow a tree,2026-09-25 17:29
﻿priority_score,tier,new_this_run,title,game_url,has_discord,discord_url,discord_server,discord_members,discord_online,discord_via,active,peak_active_seen,visits,visits_growth_per_day,favorites,likes,dislikes,like_ratio,heat_active_per_1k_visits,age_days,created,last_updated,creator_type,creator_name,creator_url,group_members,owner_name,owner_url,owner_roblox_signal,discord_name_signal,youtube,tiktok,twitter_x,twitch,instagram,other_links,genre,max_players,universe_id,place_id,found_via,checked_at_utc
1411,1-BEST (MUST BUY),NEW,Escape Tsunami For Animals!,https://www.roblox.com/games/73778935267652/,YES,https://discord.gg/qNu3TXFcTm,Elevon Studios,4574,220,official game link,103,103,25753,,1613,59,4,93.7,4.0,4,2026-09-21,2026-09-25,Group,Elevon Studios,https://www.roblox.com/groups/36007717,1003905,elevonstudiosgg,https://www.roblox.com/users/10790352914/profile,,,,,https://x.com/Elevon_Studios,,,RobloxGroup:https://www.roblox.com/communities/36007717 | https://www.facebook.com/roblox/,All,7,10767357183,73778935267652,seedfile:watchlist_history.csv,2026-09-25 17:44
1254,1-BEST (MUST BUY),NEW,[🌟 UPD 2] Hoyoverse Gacha Simulator,https://www.roblox.com/games/131494794181170/,YES,https://discord.gg/DQ6gWGdD4f,Cookie Run: Fan-Games,1428,173,official group link: Doll Core :3,128,128,24966,,1562,269,64,80.8,5.13,53,2026-08-02,2026-09-23,Group,Doll Core :3,https://www.roblox.com/groups/35513412,43585,roblox_user_1524211407,https://www.roblox.com/users/1524211407/profile,,,,,,,,https://www.facebook.com/roblox/,All,8,10619854384,131494794181170,seedfile:watchlist_history.csv,2026-09-25 17:44
1219,1-BEST (MUST BUY),NEW,Chicken Army Survival,https://www.roblox.com/games/127344776971804/,YES,https://discord.gg/saS9tjP8N2,Build Hide Survive Zombies,108,10,official group link: We Go Giga,111,111,32478,,101,46,11,80.7,3.42,31,2026-08-24,2026-09-22,Group,We Go Giga,https://www.roblox.com/groups/738567886,90881,Ponchokings,https://www.roblox.com/users/3922131/profile,YES,,,,,,,https://www.facebook.com/roblox/,All,25,10759566653,127344776971804,seedfile:watchlist_history.csv,2026-09-25 17:44
1136,1-BEST (MUST BUY),NEW,DAS H00D [WOW!],https://www.roblox.com/games/73790245633445/,,,,,,,112,112,15638,,71,11,5,68.8,7.16,1,2026-09-23,2026-09-23,User,pzfi8,https://www.roblox.com/users/11349713669/profile,,pzfi8,https://www.roblox.com/users/11349713669/profile,,,,,,,,https://www.facebook.com/roblox/,All,30,10767755166,73790245633445,seedfile:watchlist_history.csv,2026-09-25 17:44
1130,1-BEST (MUST BUY),NEW,Stack a Burger,https://www.roblox.com/games/129198234144742/,,,,,,,124,124,20724,,66,7,7,50.0,5.98,12,2026-09-13,2026-09-25,Group,iterance,https://www.roblox.com/groups/235252409,16,LeoMethod,https://www.roblox.com/users/396035149/profile,,,,,,,,https://www.facebook.com/roblox/,All,10,10766334899,129198234144742,seedfile:watchlist_history.csv,2026-09-25 17:44
1119,1-BEST (MUST BUY),NEW,🌈 SAEM SANDBOX but EVERYTHING IS MAXED,https://www.roblox.com/games/103386986462342/,,,,,,,128,128,33665,,3908,182,8,95.8,3.8,6,2026-09-19,2026-09-20,Group,M5 Competition #1,https://www.roblox.com/groups/41198978,2458,blueyeti_gamex,https://www.roblox.com/users/9117934469/profile,,,,,,,,https://www.facebook.com/roblox/,All,7,10767025915,103386986462342,seedfile:watchlist_history.csv,2026-09-25 17:44
1118,1-BEST (MUST BUY),NEW,[💥] Nuke A Country,https://www.roblox.com/games/103482292591717/,,,,,,,142,142,39267,,154,79,13,85.9,3.62,16,2026-09-09,2026-09-22,Group,Wow that's crazy!!,https://www.roblox.com/groups/342991322,1708,verse_3DD,https://www.roblox.com/users/2048525953/profile,,,,,,,,https://www.facebook.com/roblox/,All,6,10765774354,103482292591717,seedfile:watchlist_history.csv,2026-09-25 17:44
1118,1-BEST (MUST BUY),NEW,Cry Baby Outfit Tower,https://www.roblox.com/games/100132365836939/,,,,,,,133,133,36912,,3441,206,15,93.2,3.6,13,2026-09-12,2026-09-24,Group,Cry Baby Games,https://www.roblox.com/groups/9100028,3842,supviloes,https://www.roblox.com/users/1950562212/profile,,,,,,,,https://www.facebook.com/roblox/,All,30,10766174914,100132365836939,seedfile:watchlist_history.csv,2026-09-25 17:44
1048,1-BEST (MUST BUY),NEW,Infinite Blocks,https://www.roblox.com/games/74348830510694/,,,,,,,144,144,14840,,64,9,9,50.0,9.7,134,2026-05-14,2026-09-21,Group,Infinite Blocks,https://www.roblox.com/groups/343959868,49611,65hQjarMpSEW27L,https://www.roblox.com/users/10765425423/profile,,,,,,,,https://www.facebook.com/roblox/,All,24,10167786253,74348830510694,seedfile:watchlist_history.csv,2026-09-25 17:44
1020,1-BEST (MUST BUY),NEW,(EVENTS) Piggy Suggestions,https://www.roblox.com/games/80592067062478/,,https://discord.gg/b2FxgbM2Cb (UNVERIFIED/expired),,,,owned group socials: Split's Hang Out,134,134,33210,,402,128,13,90.8,4.03,178,2026-03-31,2026-09-25,User,QSPLITZ,https://www.roblox.com/users/1444191269/profile,,QSPLITZ,https://www.roblox.com/users/1444191269/profile,,,https://youtube.com/@QSPLITZ,,x.com/games,,,https://www.facebook.com/roblox/,All,21,9967515801,80592067062478,seedfile:watchlist_history.csv,2026-09-25 17:44
﻿priority_score,tier,new_this_run,title,game_url,has_discord,discord_url,discord_server,discord_members,discord_online,discord_via,active,peak_active_seen,visits,visits_growth_per_day,favorites,likes,dislikes,like_ratio,heat_active_per_1k_visits,age_days,created,last_updated,creator_type,creator_name,creator_url,group_members,owner_name,owner_url,owner_roblox_signal,discord_name_signal,youtube,tiktok,twitter_x,twitch,instagram,other_links,genre,max_players,universe_id,place_id,found_via,checked_at_utc
1412,1-BEST (MUST BUY),NEW,Escape Tsunami For Animals!,https://www.roblox.com/games/73778935267652/,YES,https://discord.gg/qNu3TXFcTm,Elevon Studios,4574,206,official game link,105,105,26099,,1629,59,4,93.7,4.02,4,2026-09-21,2026-09-25,Group,Elevon Studios,https://www.roblox.com/groups/36007717,1003983,elevonstudiosgg,https://www.roblox.com/users/10790352914/profile,,,,,https://x.com/Elevon_Studios,,,RobloxGroup:https://www.roblox.com/communities/36007717 | https://www.facebook.com/roblox/,All,7,10767357183,73778935267652,seedfile:watchlist_history.csv,2026-09-25 18:15
1324,1-BEST (MUST BUY),NEW,[❄️UPD 1] Flex Anime Cards,https://www.roblox.com/games/94849002330248/,YES,https://discord.gg/dMMkc6v9X3,NUGG GAMES,14,4,official group link: NUGGS GAMES,109,109,23088,,1077,186,27,87.3,4.72,21,2026-09-04,2026-09-24,Group,NUGGS GAMES,https://www.roblox.com/groups/188264205,2329,iucasUI,https://www.roblox.com/users/749339223/profile,,,,,,,,https://www.facebook.com/roblox/,All,10,10765036556,94849002330248,seedfile:watchlist_history.csv,2026-09-25 18:15
1295,1-BEST (MUST BUY),NEW,Street French Ultras [FR] 🔥,https://www.roblox.com/games/108764666825402/,YES,https://discord.gg/W6ffAyXJ2J,[🇫🇷] Street French Ultras,3441,508,official group link: Street French Group [FR],119,119,22349,,92,61,8,88.4,5.32,38,2026-08-17,2026-09-25,Group,Street French Group [FR],https://www.roblox.com/groups/729239789,2513,White_UltimeDev,https://www.roblox.com/users/8915268581/profile,,,,,,https://twitch.tv/street_frenchfr,,https://www.facebook.com/roblox/,All,200,10733643971,108764666825402,search:ultra,2026-09-25 18:15
1264,1-BEST (MUST BUY),NEW,[🌟 UPD 2] Hoyoverse Gacha Simulator,https://www.roblox.com/games/131494794181170/,YES,https://discord.gg/nUuxmmXEXM,Cookie Run: Fan-Games,1429,182,official game link,180,180,25278,,1586,273,65,80.8,7.12,54,2026-08-02,2026-09-23,Group,Doll Core :3,https://www.roblox.com/groups/35513412,43600,roblox_user_1524211407,https://www.roblox.com/users/1524211407/profile,,,,,,,,https://www.facebook.com/roblox/,All,8,10619854384,131494794181170,seedfile:watchlist_history.csv,2026-09-25 18:14
1232,1-BEST (MUST BUY),NEW,Chicken Army Survival,https://www.roblox.com/games/127344776971804/,YES,https://discord.gg/saS9tjP8N2,Build Hide Survive Zombies,108,11,official group link: We Go Giga,199,199,33067,,101,47,11,81.0,6.02,32,2026-08-24,2026-09-22,Group,We Go Giga,https://www.roblox.com/groups/738567886,90887,Ponchokings,https://www.roblox.com/users/3922131/profile,YES,,,,,,,https://www.facebook.com/roblox/,All,25,10759566653,127344776971804,seedfile:watchlist_history.csv,2026-09-25 18:15
1229,1-BEST (MUST BUY),NEW,Ship Battles ,https://www.roblox.com/games/124524152557574/,YES,https://discord.gg/nc6dKeaRAf,DosBro Studio,25,7,official game link,116,116,20366,,107,10,3,76.9,5.7,265,2026-01-02,2026-09-25,Group,Boating Games,https://www.roblox.com/groups/690115967,2069,HeitorDeveloper,https://www.roblox.com/users/11648308125/profile,,,,,,,,RobloxGroup:https://www.roblox.com/communities/690115967 | https://www.facebook.com/roblox/,All,12,9491554899,124524152557574,seedfile:watchlist_history.csv,2026-09-25 18:14
1192,1-BEST (MUST BUY),NEW,Cry Baby Outfit Tower,https://www.roblox.com/games/100132365836939/,,,,,,,710,710,38737,,3819,207,15,93.2,18.33,13,2026-09-12,2026-09-24,Group,Cry Baby Games,https://www.roblox.com/groups/9100028,4072,supviloes,https://www.roblox.com/users/1950562212/profile,,,,,,,,https://www.facebook.com/roblox/,All,30,10766174914,100132365836939,seedfile:watchlist_history.csv,2026-09-25 18:14
1140,1-BEST (MUST BUY),NEW,DAS H00D [WOW!],https://www.roblox.com/games/73790245633445/,,,,,,,127,127,15861,,74,12,5,70.6,8.01,1,2026-09-23,2026-09-23,User,pzfi8,https://www.roblox.com/users/11349713669/profile,,pzfi8,https://www.roblox.com/users/11349713669/profile,,,,,,,,https://www.facebook.com/roblox/,All,30,10767755166,73790245633445,seedfile:watchlist_history.csv,2026-09-25 18:15
1120,1-BEST (MUST BUY),NEW,[NEW🎉] +1 Mog Battle,https://www.roblox.com/games/70996783011241/,,,,,,,154,154,39098,,1766,116,6,95.1,3.94,19,2026-09-06,2026-09-25,Group,Mog_Games,https://www.roblox.com/groups/422827217,2918,queijitolol3,https://www.roblox.com/users/2603298337/profile,,,,,,,,https://www.facebook.com/roblox/,All,6,10765456675,70996783011241,seedfile:watchlist_history.csv,2026-09-25 18:15
1058,1-BEST (MUST BUY),NEW,[⏳TIME CHAMBER] Anime Revengers,https://www.roblox.com/games/96834383627660/,,,,,,,364,364,31539,,109,72,10,87.8,11.54,238,2026-01-30,2026-09-25,Group,ASION | Revengers,https://www.roblox.com/groups/971108452,1258,AsionStudios,https://www.roblox.com/users/10424544169/profile,,,,,,,,https://www.facebook.com/roblox/,All,12,9647950637,96834383627660,search:tokyo revengers,2026-09-25 18:15
1018,1-BEST (MUST BUY),NEW,(EVENTS) Piggy Suggestions,https://www.roblox.com/games/80592067062478/,,https://discord.gg/b2FxgbM2Cb (UNVERIFIED/expired),,,,owned group socials: Split's Hang Out,118,118,33659,,402,127,14,90.1,3.51,178,2026-03-31,2026-09-25,User,QSPLITZ,https://www.roblox.com/users/1444191269/profile,,QSPLITZ,https://www.roblox.com/users/1444191269/profile,,,https://youtube.com/@QSPLITZ,,x.com/games,,,https://www.facebook.com/roblox/,All,21,9967515801,80592067062478,seedfile:watchlist_history.csv,2026-09-25 18:15
796,2-GREAT,NEW,Autumn Outfit Tower! [Would you Rather] 🍂,https://www.roblox.com/games/78744056205900/,,,,,,,838,838,90684,,3249,163,28,85.3,9.24,46,2026-08-10,2026-09-25,User,luvauoraa,https://www.roblox.com/users/200446471/profile,,luvauoraa,https://www.roblox.com/users/200446471/profile,,,,,,,,https://www.facebook.com/roblox/,All,30,10674234194,78744056205900,seedfile:watchlist_history.csv,2026-09-25 18:14
263,4-MID,NEW,Spin a Car And Race! 🏎️,https://www.roblox.com/games/111646117342507/,,,,,,,1164,1164,458519,,1881,3538,265,93.0,2.54,41,2026-08-15,2026-09-22,Group,Team Skylimit,https://www.roblox.com/groups/15770125,23386,aaatum,https://www.roblox.com/users/686664213/profile,,,,,,,,https://www.facebook.com/roblox/,All,6,10714697542,111646117342507,rec:10754231978,2026-09-25 18:15
﻿priority_score,tier,new_this_run,title,game_url,has_discord,discord_url,discord_server,discord_members,discord_online,discord_via,active,peak_active_seen,visits,visits_growth_per_day,favorites,likes,dislikes,like_ratio,heat_active_per_1k_visits,age_days,created,last_updated,creator_type,creator_name,creator_url,group_members,owner_name,owner_url,owner_roblox_signal,discord_name_signal,youtube,tiktok,twitter_x,twitch,instagram,other_links,genre,max_players,universe_id,place_id,found_via,checked_at_utc
1327,1-BEST (MUST BUY),NEW,[❄️UPD 1] Flex Anime Cards,https://www.roblox.com/games/94849002330248/,YES,https://discord.gg/dMMkc6v9X3,NUGG GAMES,14,4,official group link: NUGGS GAMES,122,122,23205,,1080,186,27,87.3,5.26,21,2026-09-04,2026-09-24,Group,NUGGS GAMES,https://www.roblox.com/groups/188264205,2350,iucasUI,https://www.roblox.com/users/749339223/profile,,,,,,,,https://www.facebook.com/roblox/,All,10,10765036556,94849002330248,seedfile:watchlist_history.csv,2026-09-25 18:44
1275,1-BEST (MUST BUY),NEW,[🌟 UPD 2] Hoyoverse Gacha Simulator,https://www.roblox.com/games/131494794181170/,YES,https://discord.gg/nUuxmmXEXM,Cookie Run: Fan-Games,1430,192,official game link,237,237,25745,,1616,277,65,81.0,9.21,54,2026-08-02,2026-09-23,Group,Doll Core :3,https://www.roblox.com/groups/35513412,43629,roblox_user_1524211407,https://www.roblox.com/users/1524211407/profile,,,,,,,,https://www.facebook.com/roblox/,All,8,10619854384,131494794181170,seedfile:watchlist_history.csv,2026-09-25 18:43
1242,1-BEST (MUST BUY),NEW,Chicken Army Survival,https://www.roblox.com/games/127344776971804/,YES,https://discord.gg/saS9tjP8N2,Build Hide Survive Zombies,108,11,official group link: We Go Giga,269,269,33858,,105,48,11,81.4,7.94,32,2026-08-24,2026-09-22,Group,We Go Giga,https://www.roblox.com/groups/738567886,90890,Ponchokings,https://www.roblox.com/users/3922131/profile,YES,,,,,,,https://www.facebook.com/roblox/,All,25,10759566653,127344776971804,seedfile:watchlist_history.csv,2026-09-25 18:44
1232,1-BEST (MUST BUY),NEW,Ship Battles ,https://www.roblox.com/games/124524152557574/,YES,https://discord.gg/nc6dKeaRAf,DosBro Studio,25,7,official game link,129,129,20758,,107,10,3,76.9,6.21,265,2026-01-02,2026-09-25,Group,Boating Games,https://www.roblox.com/groups/690115967,2107,HeitorDeveloper,https://www.roblox.com/users/11648308125/profile,,,,,,,,RobloxGroup:https://www.roblox.com/communities/690115967 | https://www.facebook.com/roblox/,All,12,9491554899,124524152557574,seedfile:watchlist_history.csv,2026-09-25 18:43
1228,1-BEST (MUST BUY),NEW,[🔴] Spin a Mmy! 🎲,https://www.roblox.com/games/120634467329860/,YES,https://discord.gg/MdhjP5danK,🎃 WIDZOWIE RAFACRACK 🎃,135,36,official group link: RafaCrack Team Los Seguidores,111,111,21519,,517,89,33,73.0,5.16,60,2026-07-27,2026-09-25,Group,RafaCrack Team Los Seguidores,https://www.roblox.com/groups/5352147,3154,RafaCrack16,https://www.roblox.com/users/533360283/profile,,,https://youtube.com/channel/UC6TmbbMhGZ_XJbkeOpnLnZg,,,,,https://www.facebook.com/roblox/,All,8,10578956395,120634467329860,seedfile:watchlist_history.csv,2026-09-25 18:44
1147,1-BEST (MUST BUY),NEW,Make Ice & Catch Animals!,https://www.roblox.com/games/115553136838153/,,,,,,,225,225,23828,,1000,711,18,97.5,9.44,11,2026-09-14,2026-09-24,Group,Cartoon Tiger Studio,https://www.roblox.com/groups/1083102662,9458,shiyu8888,https://www.roblox.com/users/7045595727/profile,,,,,,,,https://www.facebook.com/roblox/,All,6,10766396123,115553136838153,seedfile:watchlist_history.csv,2026-09-25 18:44
1138,1-BEST (MUST BUY),NEW,DAS H00D [WOW!],https://www.roblox.com/games/73790245633445/,,,,,,,123,123,16142,,74,12,5,70.6,7.62,2,2026-09-23,2026-09-23,User,pzfi8,https://www.roblox.com/users/11349713669/profile,,pzfi8,https://www.roblox.com/users/11349713669/profile,,,,,,,,https://www.facebook.com/roblox/,All,30,10767755166,73790245633445,seedfile:watchlist_history.csv,2026-09-25 18:44
1136,1-BEST (MUST BUY),NEW,How Close Are We? [2 Player Quiz],https://www.roblox.com/games/79330586039163/,,,,,,,139,139,19280,,282,28,39,41.8,7.21,10,2026-09-15,2026-09-18,Group,THE QUIZ COMPANY,https://www.roblox.com/groups/598361827,1643,groupguy5,https://www.roblox.com/users/11714493876/profile,,,,,,,,https://www.facebook.com/roblox/,All,30,10766579308,79330586039163,seedfile:watchlist_history.csv,2026-09-25 18:44
1124,1-BEST (MUST BUY),NEW,[🐟🍣] Fish Farm Sushi,https://www.roblox.com/games/133644227090327/,,,,,,,114,114,23518,,2579,25,2,92.6,4.85,4,2026-09-21,2026-09-25,Group,Cubic_Games,https://www.roblox.com/groups/419791825,55198,Cubic_G4mes,https://www.roblox.com/users/10248332038/profile,,,,,,,,https://www.facebook.com/roblox/,All,6,10767391441,133644227090327,seedfile:watchlist_history.csv,2026-09-25 18:44
1119,1-BEST (MUST BUY),NEW,🌈 SAEM SANDBOX but EVERYTHING IS MAXED,https://www.roblox.com/games/103386986462342/,,,,,,,131,131,34712,,4017,189,8,95.9,3.77,6,2026-09-19,2026-09-20,Group,M5 Competition #1,https://www.roblox.com/groups/41198978,2499,blueyeti_gamex,https://www.roblox.com/users/9117934469/profile,,,,,,,,https://www.facebook.com/roblox/,All,7,10767025915,103386986462342,seedfile:watchlist_history.csv,2026-09-25 18:43
1119,1-BEST (MUST BUY),NEW,[NEW🎉] +1 Mog Battle,https://www.roblox.com/games/70996783011241/,,,,,,,154,154,39561,,1793,117,6,95.1,3.89,19,2026-09-06,2026-09-25,Group,Mog_Games,https://www.roblox.com/groups/422827217,2957,queijitolol3,https://www.roblox.com/users/2603298337/profile,,,,,,,,https://www.facebook.com/roblox/,All,6,10765456675,70996783011241,seedfile:watchlist_history.csv,2026-09-25 18:44
1046,1-BEST (MUST BUY),NEW,Infinite Blocks,https://www.roblox.com/games/74348830510694/,,,,,,,144,144,15519,,66,9,9,50.0,9.28,134,2026-05-14,2026-09-21,Group,Infinite Blocks,https://www.roblox.com/groups/343959868,49611,65hQjarMpSEW27L,https://www.roblox.com/users/10765425423/profile,,,,,,,,https://www.facebook.com/roblox/,All,24,10167786253,74348830510694,seedfile:watchlist_history.csv,2026-09-25 18:44
1016,1-BEST (MUST BUY),NEW,(EVENTS) Piggy Suggestions,https://www.roblox.com/games/80592067062478/,,https://discord.gg/b2FxgbM2Cb (UNVERIFIED/expired),,,,owned group socials: Split's Hang Out,111,111,34087,,404,127,14,90.1,3.26,178,2026-03-31,2026-09-25,User,QSPLITZ,https://www.roblox.com/users/1444191269/profile,,QSPLITZ,https://www.roblox.com/users/1444191269/profile,,,https://youtube.com/@QSPLITZ,,x.com/games,,,https://www.facebook.com/roblox/,All,21,9967515801,80592067062478,seedfile:watchlist_history.csv,2026-09-25 18:44
1134,2-GREAT,NEW,[🛡️] +1 Shield Per Click,https://www.roblox.com/games/83283886932197/,YES,https://discord.gg/cx6GKgaygN,+1 Shield Per Click,13,7,official game link,715,715,42687,,1254,52,6,89.7,16.75,29,2026-08-27,2026-09-25,Group,[Solstice Studios],https://www.roblox.com/groups/852292832,6558,Codaskii,https://www.roblox.com/users/312451709/profile,,,,,,,,https://www.facebook.com/roblox/,All,8,10763683470,83283886932197,seedfile:watchlist_history.csv,2026-09-25 18:43
990,2-GREAT,NEW,Cry Baby Outfit Tower,https://www.roblox.com/games/100132365836939/,,,,,,,1215,1215,43460,,4566,208,15,93.3,27.96,13,2026-09-12,2026-09-24,Group,Cry Baby Games,https://www.roblox.com/groups/9100028,4570,supviloes,https://www.roblox.com/users/1950562212/profile,,,,,,,,https://www.facebook.com/roblox/,All,30,10766174914,100132365836939,seedfile:watchlist_history.csv,2026-09-25 18:43
927,2-GREAT,NEW,[💥] Nuke A Country,https://www.roblox.com/games/103482292591717/,,,,,,,641,641,41516,,177,83,13,86.5,15.44,16,2026-09-09,2026-09-25,Group,Wow that's crazy!!,https://www.roblox.com/groups/342991322,1901,verse_3DD,https://www.roblox.com/users/2048525953/profile,,,,,,,,https://www.facebook.com/roblox/,All,6,10765774354,103482292591717,seedfile:watchlist_history.csv,2026-09-25 18:44
827,2-GREAT,NEW,Autumn Outfit Tower! [Would you Rather] 🍂,https://www.roblox.com/games/78744056205900/,,,,,,,1462,1462,95086,,3520,170,29,85.4,15.38,46,2026-08-10,2026-09-25,User,luvauoraa,https://www.roblox.com/users/200446471/profile,,luvauoraa,https://www.roblox.com/users/200446471/profile,,,,,,,,https://www.facebook.com/roblox/,All,30,10674234194,78744056205900,seedfile:watchlist_history.csv,2026-09-25 18:43
805,2-GREAT,NEW,Paint an ASMR 🎨,https://www.roblox.com/games/75570930405173/,,,,,,,976,976,89485,,267,20,9,69.0,10.91,53,2026-08-03,2026-09-23,Group,i like asmr,https://www.roblox.com/groups/604191004,910,whk,https://www.roblox.com/users/9616277/profile,,,,,,,,https://www.facebook.com/roblox/,All,6,10622693591,75570930405173,seedfile:watchlist_history.csv,2026-09-25 18:44
732,3-GOOD,NEW,Fight Enemies!,https://www.roblox.com/games/137878567503519/,YES,https://discord.gg/kTCazeSqx4,Script's Studios,381,51,official group link: » Script's Studios «,853,853,178005,,617,186,28,86.9,4.79,563,2025-03-11,2026-09-25,Group,» Script's Studios «,https://www.roblox.com/groups/33187916,2598,script_ingdev,https://www.roblox.com/users/5083997484/profile,,,,,https://x.com/script_ing,,,https://www.facebook.com/roblox/,All,9,7362931484,137878567503519,seedfile:watchlist_history.csv,2026-09-25 18:44
665,4-MID,NEW,[🤝Trade] Sniper VS 99 Players,https://www.roblox.com/games/87757473222892/,YES,https://discord.gg/kDJtWAuvBK,Dungeon RNG,22017,4272,official group link: Clicker House,1528,1528,497759,,1186,373,319,53.9,3.07,18,2026-09-07,2026-09-25,Group,Clicker House,https://www.roblox.com/groups/8646973,1183647,ThePoinball,https://www.roblox.com/users/1874241968/profile,,,,,https://x.com/MeloBlox,,,https://www.facebook.com/roblox/,All,40,10765563835,87757473222892,search:[TRADING],2026-09-25 18:44
385,4-MID,NEW,Steal A Baddie Egg!,https://www.roblox.com/games/89678439944901/,,https://discord.gg/dgp2kC7Y (UNVERIFIED/expired),,,,owned group socials: DropOut Industries,1401,1401,200046,,2279,546,86,86.4,7.0,14,2026-09-10,2026-09-24,Group,Dropout Interactive,https://www.roblox.com/groups/545008080,253715,DropOutIndustry,https://www.roblox.com/users/10253036572/profile,,,,,,,,https://www.facebook.com/roblox/,All,7,10765950109,89678439944901,search:hatch eggs,2026-09-25 18:44
362,4-MID,NEW,Grow or Die🌱,https://www.roblox.com/games/99221606291080/,,,,,,,942,942,405696,,3402,945,989,48.9,2.32,27,2026-08-29,2026-09-20,User,thesamazing_man,https://www.roblox.com/users/7473952601/profile,,thesamazing_man,https://www.roblox.com/users/7473952601/profile,,,,,,,,https://www.facebook.com/roblox/,All,28,10764302574,99221606291080,search:grow a plant,2026-09-25 18:44
﻿priority_score,tier,new_this_run,title,game_url,has_discord,discord_url,discord_server,discord_members,discord_online,discord_via,active,peak_active_seen,visits,visits_growth_per_day,favorites,likes,dislikes,like_ratio,heat_active_per_1k_visits,age_days,created,last_updated,creator_type,creator_name,creator_url,group_members,owner_name,owner_url,owner_roblox_signal,discord_name_signal,youtube,tiktok,twitter_x,twitch,instagram,other_links,genre,max_players,universe_id,place_id,found_via,checked_at_utc
1325,1-BEST (MUST BUY),NEW,[❄️UPD 1] Flex Anime Cards,https://www.roblox.com/games/94849002330248/,YES,https://discord.gg/dMMkc6v9X3,NUGG GAMES,14,3,official group link: NUGGS GAMES,115,115,23363,,1089,187,27,87.4,4.92,21,2026-09-04,2026-09-24,Group,NUGGS GAMES,https://www.roblox.com/groups/188264205,2360,iucasUI,https://www.roblox.com/users/749339223/profile,,,,,,,,https://www.facebook.com/roblox/,All,10,10765036556,94849002330248,seedfile:watchlist_history.csv,2026-09-25 19:14
1274,1-BEST (MUST BUY),NEW,[🌟 UPD 2] Hoyoverse Gacha Simulator,https://www.roblox.com/games/131494794181170/,YES,https://discord.gg/nUuxmmXEXM,Cookie Run: Fan-Games,1432,191,official game link,238,238,26330,,1672,282,66,81.0,9.04,54,2026-08-02,2026-09-23,Group,Doll Core :3,https://www.roblox.com/groups/35513412,43666,roblox_user_1524211407,https://www.roblox.com/users/1524211407/profile,,,,,,,,https://www.facebook.com/roblox/,All,8,10619854384,131494794181170,seedfile:watchlist_history.csv,2026-09-25 19:14
1239,1-BEST (MUST BUY),NEW,Chicken Army Survival,https://www.roblox.com/games/127344776971804/,YES,https://discord.gg/saS9tjP8N2,Build Hide Survive Zombies,108,13,official group link: We Go Giga,259,259,34748,,108,48,11,81.4,7.45,32,2026-08-24,2026-09-22,Group,We Go Giga,https://www.roblox.com/groups/738567886,90892,Ponchokings,https://www.roblox.com/users/3922131/profile,YES,,,,,,,https://www.facebook.com/roblox/,All,25,10759566653,127344776971804,seedfile:watchlist_history.csv,2026-09-25 19:14
1224,1-BEST (MUST BUY),NEW,Ship Battles ,https://www.roblox.com/games/124524152557574/,YES,https://discord.gg/nc6dKeaRAf,DosBro Studio,24,7,official game link,100,100,21211,,107,10,3,76.9,4.71,265,2026-01-02,2026-09-25,Group,Boating Games,https://www.roblox.com/groups/690115967,2135,HeitorDeveloper,https://www.roblox.com/users/11648308125/profile,,,,,,,,RobloxGroup:https://www.roblox.com/communities/690115967 | https://www.facebook.com/roblox/,All,12,9491554899,124524152557574,seedfile:watchlist_history.csv,2026-09-25 19:14
1138,1-BEST (MUST BUY),NEW,DAS H00D [WOW!],https://www.roblox.com/games/73790245633445/,,,,,,,124,124,16411,,74,12,5,70.6,7.56,2,2026-09-23,2026-09-23,User,pzfi8,https://www.roblox.com/users/11349713669/profile,,pzfi8,https://www.roblox.com/users/11349713669/profile,,,,,,,,https://www.facebook.com/roblox/,All,30,10767755166,73790245633445,seedfile:watchlist_history.csv,2026-09-25 19:14
1119,1-BEST (MUST BUY),NEW,+1 Beast Hunter!,https://www.roblox.com/games/129859645860144/,,,,,,,105,105,27039,,1632,23,5,82.1,3.88,9,2026-09-16,2026-09-24,Group,Collect rare pets,https://www.roblox.com/groups/464617235,1957,theshermanator9,https://www.roblox.com/users/9114155701/profile,,,,,,,,https://www.facebook.com/roblox/,All,7,10766707435,129859645860144,seedfile:watchlist_history.csv,2026-09-25 19:14
1020,1-BEST (MUST BUY),NEW,(EVENTS) Piggy Suggestions,https://www.roblox.com/games/80592067062478/,,https://discord.gg/b2FxgbM2Cb (UNVERIFIED/expired),,,,owned group socials: Split's Hang Out,141,141,34572,,405,127,14,90.1,4.08,178,2026-03-31,2026-09-25,User,QSPLITZ,https://www.roblox.com/users/1444191269/profile,,QSPLITZ,https://www.roblox.com/users/1444191269/profile,,,https://youtube.com/@QSPLITZ,,x.com/games,,,https://www.facebook.com/roblox/,All,21,9967515801,80592067062478,seedfile:watchlist_history.csv,2026-09-25 19:14
1124,2-GREAT,NEW,[🛡️] +1 Shield Per Click,https://www.roblox.com/games/83283886932197/,YES,https://discord.gg/cx6GKgaygN,+1 Shield Per Click,13,7,official game link,658,658,44657,,1314,52,6,89.7,14.73,29,2026-08-27,2026-09-25,Group,[Solstice Studios],https://www.roblox.com/groups/852292832,6859,Codaskii,https://www.roblox.com/users/312451709/profile,,,,,,,,https://www.facebook.com/roblox/,All,8,10763683470,83283886932197,seedfile:watchlist_history.csv,2026-09-25 19:14
980,2-GREAT,NEW,Cry Baby Outfit Tower,https://www.roblox.com/games/100132365836939/,,,,,,,1275,1275,48856,,5391,208,15,93.3,26.1,13,2026-09-12,2026-09-24,Group,Cry Baby Games,https://www.roblox.com/groups/9100028,5070,supviloes,https://www.roblox.com/users/1950562212/profile,,,,,,,,https://www.facebook.com/roblox/,All,30,10766174914,100132365836939,seedfile:watchlist_history.csv,2026-09-25 19:14
927,2-GREAT,NEW,[💥] Nuke A Country,https://www.roblox.com/games/103482292591717/,,,,,,,664,664,43288,,194,90,13,87.4,15.34,16,2026-09-09,2026-09-25,Group,Wow that's crazy!!,https://www.roblox.com/groups/342991322,2055,verse_3DD,https://www.roblox.com/users/2048525953/profile,,,,,,,,https://www.facebook.com/roblox/,All,6,10765774354,103482292591717,seedfile:watchlist_history.csv,2026-09-25 19:14
801,2-GREAT,NEW,Paint an ASMR 🎨,https://www.roblox.com/games/75570930405173/,,,,,,,944,944,92370,,275,20,9,69.0,10.22,53,2026-08-03,2026-09-23,Group,i like asmr,https://www.roblox.com/groups/604191004,957,whk,https://www.roblox.com/users/9616277/profile,,,,,,,,https://www.facebook.com/roblox/,All,6,10622693591,75570930405173,seedfile:watchlist_history.csv,2026-09-25 19:14
730,3-GOOD,NEW,Fight Enemies!,https://www.roblox.com/games/137878567503519/,YES,https://discord.gg/kTCazeSqx4,Script's Studios,381,57,official group link: » Script's Studios «,819,819,180189,,623,188,28,87.0,4.55,563,2025-03-11,2026-09-25,Group,» Script's Studios «,https://www.roblox.com/groups/33187916,2602,script_ingdev,https://www.roblox.com/users/5083997484/profile,,,,,https://x.com/script_ing,,,https://www.facebook.com/roblox/,All,9,7362931484,137878567503519,seedfile:watchlist_history.csv,2026-09-25 19:14
573,3-GOOD,NEW,Autumn Outfit Tower! [Would you Rather] 🍂,https://www.roblox.com/games/78744056205900/,,,,,,,1465,1465,100472,,3802,177,30,85.5,14.58,46,2026-08-10,2026-09-25,User,luvauoraa,https://www.roblox.com/users/200446471/profile,,luvauoraa,https://www.roblox.com/users/200446471/profile,,,,,,,,https://www.facebook.com/roblox/,All,30,10674234194,78744056205900,seedfile:watchlist_history.csv,2026-09-25 19:14
470,4-MID,NEW,[RNG] My Chiikawa Farm 🎲,https://www.roblox.com/games/128789490132641/,YES,https://discord.gg/ZmGwfwcT7u,JamByte Games,452,122,official group link: JamByte Games,836,836,381434,,10240,9143,146,98.4,2.19,173,2026-04-05,2026-09-25,Group,JamByte Games,https://www.roblox.com/groups/5010754,44283,Jayymeal,https://www.roblox.com/users/19185756/profile,,,,,,,,https://www.facebook.com/roblox/,All,8,9992188015,128789490132641,search:farm,2026-09-25 19:14
490,4-MID,NEW,Kidnap And Jail,https://www.roblox.com/games/72105128013629/,,https://discord.gg/TTHUSdT52N (UNVERIFIED/expired),,,,official group link: RoDark Studios,6980,6980,249838,,815,107,107,50.0,27.94,8,2026-09-16,2026-09-25,Group,RoDark Studios,https://www.roblox.com/groups/5545660,854286,Myron_RDS,https://www.roblox.com/users/2735760162/profile,YES,,https://youtube.com/@RoDarkStudios,,https://x.com/RoDarkStudios,,,https://www.facebook.com/roblox/,All,40,10766725034,72105128013629,rec:10766833199,2026-09-25 19:14
376,4-MID,NEW,Find The Four-Leaf Clover	,https://www.roblox.com/games/107398027376239/,,,,,,,1349,1349,254644,,1133,1805,59,96.8,5.3,8,2026-09-17,2026-09-25,Group,DomBlox Games,https://www.roblox.com/groups/711013993,166700,vDoMx_x,https://www.roblox.com/users/5803184426/profile,YES,,,,,,,https://www.facebook.com/roblox/,All,25,10766761638,107398027376239,search:collect,2026-09-25 19:14
﻿priority_score,tier,new_this_run,title,game_url,has_discord,discord_url,discord_server,discord_members,discord_online,discord_via,active,peak_active_seen,visits,visits_growth_per_day,favorites,likes,dislikes,like_ratio,heat_active_per_1k_visits,age_days,created,last_updated,creator_type,creator_name,creator_url,group_members,owner_name,owner_url,owner_roblox_signal,discord_name_signal,youtube,tiktok,twitter_x,twitch,instagram,other_links,genre,max_players,universe_id,place_id,found_via,checked_at_utc
1329,1-BEST (MUST BUY),NEW,[❄️UPD 1] Flex Anime Cards,https://www.roblox.com/games/94849002330248/,YES,https://discord.gg/dMMkc6v9X3,NUGG GAMES,14,3,official group link: NUGGS GAMES,137,137,23522,,1095,189,27,87.5,5.82,21,2026-09-04,2026-09-24,Group,NUGGS GAMES,https://www.roblox.com/groups/188264205,2371,iucasUI,https://www.roblox.com/users/749339223/profile,,,,,,,,https://www.facebook.com/roblox/,All,10,10765036556,94849002330248,seedfile:watchlist_history.csv,2026-09-25 19:43
1273,1-BEST (MUST BUY),NEW,[🌟 UPD 2] Hoyoverse Gacha Simulator,https://www.roblox.com/games/131494794181170/,YES,https://discord.gg/nUuxmmXEXM,Cookie Run: Fan-Games,1432,196,official game link,240,240,26909,,1727,286,69,80.6,8.92,54,2026-08-02,2026-09-23,Group,Doll Core :3,https://www.roblox.com/groups/35513412,43696,roblox_user_1524211407,https://www.roblox.com/users/1524211407/profile,,,,,,,,https://www.facebook.com/roblox/,All,8,10619854384,131494794181170,seedfile:watchlist_history.csv,2026-09-25 19:43
1237,1-BEST (MUST BUY),NEW,Chicken Army Survival,https://www.roblox.com/games/127344776971804/,YES,https://discord.gg/saS9tjP8N2,Build Hide Survive Zombies,108,14,official group link: We Go Giga,247,247,35554,,109,48,11,81.4,6.95,32,2026-08-24,2026-09-25,Group,We Go Giga,https://www.roblox.com/groups/738567886,90894,Ponchokings,https://www.roblox.com/users/3922131/profile,YES,,,,,,,https://www.facebook.com/roblox/,All,25,10759566653,127344776971804,seedfile:watchlist_history.csv,2026-09-25 19:44
1228,1-BEST (MUST BUY),NEW,[🔴] Spin a Mmy! 🎲,https://www.roblox.com/games/120634467329860/,YES,https://discord.gg/MdhjP5danK,🎃 WIDZOWIE RAFACRACK 🎃,135,33,official group link: RafaCrack Team Los Seguidores,109,109,21966,,548,90,33,73.2,4.96,60,2026-07-27,2026-09-25,Group,RafaCrack Team Los Seguidores,https://www.roblox.com/groups/5352147,3155,RafaCrack16,https://www.roblox.com/users/533360283/profile,,,https://youtube.com/channel/UC6TmbbMhGZ_XJbkeOpnLnZg,,,,,https://www.facebook.com/roblox/,All,8,10578956395,120634467329860,seedfile:watchlist_history.csv,2026-09-25 19:44
1146,1-BEST (MUST BUY),NEW,DAS H00D [WOW!],https://www.roblox.com/games/73790245633445/,,,,,,,153,153,16714,,76,12,5,70.6,9.15,2,2026-09-23,2026-09-23,User,pzfi8,https://www.roblox.com/users/11349713669/profile,,pzfi8,https://www.roblox.com/users/11349713669/profile,,,,,,,,https://www.facebook.com/roblox/,All,30,10767755166,73790245633445,seedfile:watchlist_history.csv,2026-09-25 19:43
1134,1-BEST (MUST BUY),NEW,How Close Are We? [2 Player Quiz],https://www.roblox.com/games/79330586039163/,,,,,,,138,138,20265,,300,29,42,40.8,6.81,10,2026-09-15,2026-09-18,Group,THE QUIZ COMPANY,https://www.roblox.com/groups/598361827,1751,groupguy5,https://www.roblox.com/users/11714493876/profile,,,,,,,,https://www.facebook.com/roblox/,All,30,10766579308,79330586039163,seedfile:watchlist_history.csv,2026-09-25 19:44
1121,1-BEST (MUST BUY),NEW,🌈 SAEM SANDBOX but EVERYTHING IS MAXED,https://www.roblox.com/games/103386986462342/,,,,,,,148,148,35553,,4103,194,9,95.6,4.16,6,2026-09-19,2026-09-20,Group,M5 Competition #1,https://www.roblox.com/groups/41198978,2546,blueyeti_gamex,https://www.roblox.com/users/9117934469/profile,,,,,,,,https://www.facebook.com/roblox/,All,7,10767025915,103386986462342,seedfile:watchlist_history.csv,2026-09-25 19:43
1017,1-BEST (MUST BUY),NEW,(EVENTS) Piggy Suggestions,https://www.roblox.com/games/80592067062478/,,https://discord.gg/b2FxgbM2Cb (UNVERIFIED/expired),,,,owned group socials: Split's Hang Out,121,121,35105,,408,128,14,90.1,3.45,178,2026-03-31,2026-09-25,User,QSPLITZ,https://www.roblox.com/users/1444191269/profile,,QSPLITZ,https://www.roblox.com/users/1444191269/profile,,,https://youtube.com/@QSPLITZ,,x.com/games,,,https://www.facebook.com/roblox/,All,21,9967515801,80592067062478,seedfile:watchlist_history.csv,2026-09-25 19:44
959,2-GREAT,NEW,Cry Baby Outfit Tower,https://www.roblox.com/games/100132365836939/,,,,,,,1179,1179,53981,,6151,209,15,93.3,21.84,13,2026-09-12,2026-09-24,Group,Cry Baby Games,https://www.roblox.com/groups/9100028,5513,supviloes,https://www.roblox.com/users/1950562212/profile,,,,,,,,https://www.facebook.com/roblox/,All,30,10766174914,100132365836939,seedfile:watchlist_history.csv,2026-09-25 19:43
921,2-GREAT,NEW,[💥] Nuke A Country,https://www.roblox.com/games/103482292591717/,,,,,,,639,639,44924,,200,98,13,88.3,14.22,16,2026-09-09,2026-09-25,Group,Wow that's crazy!!,https://www.roblox.com/groups/342991322,2193,verse_3DD,https://www.roblox.com/users/2048525953/profile,,,,,,,,https://www.facebook.com/roblox/,All,6,10765774354,103482292591717,seedfile:watchlist_history.csv,2026-09-25 19:44
795,2-GREAT,NEW,Paint an ASMR 🎨,https://www.roblox.com/games/75570930405173/,,,,,,,849,849,94921,,281,20,10,66.7,8.94,53,2026-08-03,2026-09-23,Group,i like asmr,https://www.roblox.com/groups/604191004,996,whk,https://www.roblox.com/users/9616277/profile,,,,,,,,https://www.facebook.com/roblox/,All,6,10622693591,75570930405173,seedfile:watchlist_history.csv,2026-09-25 19:44
569,3-GOOD,NEW,Autumn Outfit Tower! [Would you Rather] 🍂,https://www.roblox.com/games/78744056205900/,,,,,,,1453,1453,105856,,4098,184,31,85.6,13.73,46,2026-08-10,2026-09-25,User,luvauoraa,https://www.roblox.com/users/200446471/profile,,luvauoraa,https://www.roblox.com/users/200446471/profile,,,,,,,,https://www.facebook.com/roblox/,All,30,10674234194,78744056205900,seedfile:watchlist_history.csv,2026-09-25 19:43
527,3-GOOD,NEW,📦 Unbox All the Boxes!,https://www.roblox.com/games/78237229306025/,,,,,,,837,837,153195,,893,211,103,67.2,5.46,34,2026-08-22,2026-09-24,Group,Broke Boys Games,https://www.roblox.com/groups/35620214,9044,toocrusty,https://www.roblox.com/users/193663917/profile,,,,,,,,https://www.facebook.com/roblox/,All,16,10753206079,78237229306025,search:unbox simulator,2026-09-25 19:44
268,4-MID,NEW,SNACK Defense! 🍉 [TD],https://www.roblox.com/games/99714898369873/,,,,,,,1428,1428,394300,,3004,766,49,94.0,3.62,121,2026-05-27,2026-09-25,Group,Games by Bug,https://www.roblox.com/groups/875637145,7014,RoStorage,https://www.roblox.com/users/117229853/profile,,,,,,,,https://www.facebook.com/roblox/,All,25,10231502419,99714898369873,search:tds,2026-09-25 19:44
﻿priority_score,tier,new_this_run,title,game_url,has_discord,discord_url,discord_server,discord_members,discord_online,discord_via,active,peak_active_seen,visits,visits_growth_per_day,favorites,likes,dislikes,like_ratio,heat_active_per_1k_visits,age_days,created,last_updated,creator_type,creator_name,creator_url,group_members,owner_name,owner_url,owner_roblox_signal,discord_name_signal,youtube,tiktok,twitter_x,twitch,instagram,other_links,genre,max_players,universe_id,place_id,found_via,checked_at_utc
1351,1-BEST (MUST BUY),NEW,[UPDATE 1] Kick A Verity,https://www.roblox.com/games/111833232227960/,YES,https://discord.gg/WkUEMwZMc3,archivewrld,13,2,official game link,396,396,38797,,217,96,7,93.2,10.21,9,2026-09-16,2026-09-25,Group,archivewrld,https://www.roblox.com/groups/3457109,6228,GodBoy712,https://www.roblox.com/users/72525232/profile,,,,,,,,https://www.facebook.com/roblox/,All,5,10766645527,111833232227960,seedfile:watchlist_history.csv,2026-09-25 20:14
1343,1-BEST (MUST BUY),NEW,[UPDATE] Lift a Stick,https://www.roblox.com/games/72194388950126/,YES,https://discord.gg/hAGfaPRUwv,Cryptent Interactive,12,7,official group link: Cryptent Interactive,187,187,21728,,3997,85,17,83.3,8.61,10,2026-09-14,2026-09-25,Group,Cryptent Interactive,https://www.roblox.com/groups/512910418,2054,Cryptent,https://www.roblox.com/users/2378454734/profile,YES,,,,,,,https://www.facebook.com/roblox/,All,10,10766484909,72194388950126,search:lifting,2026-09-25 20:14
1331,1-BEST (MUST BUY),NEW,[❄️UPD 1] Flex Anime Cards,https://www.roblox.com/games/94849002330248/,YES,https://discord.gg/dMMkc6v9X3,NUGG GAMES,14,4,official group link: NUGGS GAMES,145,145,23675,,1105,189,27,87.5,6.12,21,2026-09-04,2026-09-24,Group,NUGGS GAMES,https://www.roblox.com/groups/188264205,2399,iucasUI,https://www.roblox.com/users/749339223/profile,,,,,,,,https://www.facebook.com/roblox/,All,10,10765036556,94849002330248,seedfile:watchlist_history.csv,2026-09-25 20:14
1273,1-BEST (MUST BUY),NEW,[🌟 UPD 2] Hoyoverse Gacha Simulator,https://www.roblox.com/games/131494794181170/,YES,https://discord.gg/nUuxmmXEXM,Cookie Run: Fan-Games,1434,202,official game link,246,246,27494,,1774,293,70,80.7,8.95,54,2026-08-02,2026-09-23,Group,Doll Core :3,https://www.roblox.com/groups/35513412,43725,roblox_user_1524211407,https://www.roblox.com/users/1524211407/profile,,,,,,,,https://www.facebook.com/roblox/,All,8,10619854384,131494794181170,seedfile:watchlist_history.csv,2026-09-25 20:14
1232,1-BEST (MUST BUY),NEW,[🔴] Spin a Mmy! 🎲,https://www.roblox.com/games/120634467329860/,YES,https://discord.gg/MdhjP5danK,🎃 WIDZOWIE RAFACRACK 🎃,135,35,official group link: RafaCrack Team Los Seguidores,131,131,22119,,558,91,33,73.4,5.92,60,2026-07-27,2026-09-25,Group,RafaCrack Team Los Seguidores,https://www.roblox.com/groups/5352147,3155,RafaCrack16,https://www.roblox.com/users/533360283/profile,,,https://youtube.com/channel/UC6TmbbMhGZ_XJbkeOpnLnZg,,,,,https://www.facebook.com/roblox/,All,8,10578956395,120634467329860,seedfile:watchlist_history.csv,2026-09-25 20:14
1229,1-BEST (MUST BUY),NEW,Chicken Army Survival,https://www.roblox.com/games/127344776971804/,YES,https://discord.gg/saS9tjP8N2,Build Hide Survive Zombies,108,15,official group link: We Go Giga,191,191,36259,,113,48,12,80.0,5.27,32,2026-08-24,2026-09-25,Group,We Go Giga,https://www.roblox.com/groups/738567886,90895,Ponchokings,https://www.roblox.com/users/3922131/profile,YES,,,,,,,https://www.facebook.com/roblox/,All,25,10759566653,127344776971804,seedfile:watchlist_history.csv,2026-09-25 20:14
1144,1-BEST (MUST BUY),NEW,DAS H00D [WOW!],https://www.roblox.com/games/73790245633445/,,,,,,,149,149,17041,,77,12,5,70.6,8.74,2,2026-09-23,2026-09-23,User,pzfi8,https://www.roblox.com/users/11349713669/profile,,pzfi8,https://www.roblox.com/users/11349713669/profile,,,,,,,,https://www.facebook.com/roblox/,All,30,10767755166,73790245633445,seedfile:watchlist_history.csv,2026-09-25 20:14
1131,1-BEST (MUST BUY),NEW,[🐟] Jump For Fish!,https://www.roblox.com/games/77777220500513/,,,,,,,162,162,25952,,117,94,18,83.9,6.24,11,2026-09-13,2026-09-25,Group,Fooshy x Link,https://www.roblox.com/groups/683437678,4858,Glitchy4D,https://www.roblox.com/users/693005401/profile,,,,,,,,https://www.facebook.com/roblox/,All,5,10766369751,77777220500513,seedfile:watchlist_history.csv,2026-09-25 20:14
1128,1-BEST (MUST BUY),NEW,How Close Are We? [2 Player Quiz],https://www.roblox.com/games/79330586039163/,,,,,,,116,116,20776,,310,29,43,40.3,5.58,10,2026-09-15,2026-09-18,Group,THE QUIZ COMPANY,https://www.roblox.com/groups/598361827,1797,groupguy5,https://www.roblox.com/users/11714493876/profile,,,,,,,,https://www.facebook.com/roblox/,All,30,10766579308,79330586039163,seedfile:watchlist_history.csv,2026-09-25 20:14
1124,1-BEST (MUST BUY),NEW,Stack a Burger,https://www.roblox.com/games/129198234144742/,,,,,,,105,105,22045,,72,7,7,50.0,4.76,12,2026-09-13,2026-09-25,Group,iterance,https://www.roblox.com/groups/235252409,16,LeoMethod,https://www.roblox.com/users/396035149/profile,,,,,,,,https://www.facebook.com/roblox/,All,10,10766334899,129198234144742,seedfile:watchlist_history.csv,2026-09-25 20:14
1019,1-BEST (MUST BUY),NEW,(EVENTS) Piggy Suggestions,https://www.roblox.com/games/80592067062478/,,https://discord.gg/b2FxgbM2Cb (UNVERIFIED/expired),,,,owned group socials: Split's Hang Out,133,133,35642,,410,128,14,90.1,3.73,178,2026-03-31,2026-09-25,User,QSPLITZ,https://www.roblox.com/users/1444191269/profile,,QSPLITZ,https://www.roblox.com/users/1444191269/profile,,,https://youtube.com/@QSPLITZ,,x.com/games,,,https://www.facebook.com/roblox/,All,21,9967515801,80592067062478,seedfile:watchlist_history.csv,2026-09-25 20:14
949,2-GREAT,NEW,Cry Baby Outfit Tower,https://www.roblox.com/games/100132365836939/,,,,,,,1168,1168,58952,,6821,210,15,93.3,19.81,13,2026-09-12,2026-09-24,Group,Cry Baby Games,https://www.roblox.com/groups/9100028,5946,supviloes,https://www.roblox.com/users/1950562212/profile,,,,,,,,https://www.facebook.com/roblox/,All,30,10766174914,100132365836939,seedfile:watchlist_history.csv,2026-09-25 20:14
914,2-GREAT,NEW,[💥] Nuke A Country,https://www.roblox.com/games/103482292591717/,,,,,,,600,600,46779,,210,104,14,88.1,12.83,16,2026-09-09,2026-09-25,Group,Wow that's crazy!!,https://www.roblox.com/groups/342991322,2310,verse_3DD,https://www.roblox.com/users/2048525953/profile,,,,,,,,https://www.facebook.com/roblox/,All,6,10765774354,103482292591717,seedfile:watchlist_history.csv,2026-09-25 20:14
788,2-GREAT,NEW,Paint an ASMR 🎨,https://www.roblox.com/games/75570930405173/,,,,,,,741,741,97160,,287,20,10,66.7,7.63,53,2026-08-03,2026-09-23,Group,i like asmr,https://www.roblox.com/groups/604191004,1029,whk,https://www.roblox.com/users/9616277/profile,,,,,,,,https://www.facebook.com/roblox/,All,6,10622693591,75570930405173,seedfile:watchlist_history.csv,2026-09-25 20:14
556,3-GOOD,NEW,Autumn Outfit Tower! [Would you Rather] 🍂,https://www.roblox.com/games/78744056205900/,,,,,,,1252,1252,110886,,4359,190,33,85.2,11.29,46,2026-08-10,2026-09-25,User,luvauoraa,https://www.roblox.com/users/200446471/profile,,luvauoraa,https://www.roblox.com/users/200446471/profile,,,,,,,,https://www.facebook.com/roblox/,All,30,10674234194,78744056205900,seedfile:watchlist_history.csv,2026-09-25 20:14
﻿priority_score,tier,new_this_run,title,game_url,has_discord,discord_url,discord_server,discord_members,discord_online,discord_via,active,peak_active_seen,visits,visits_growth_per_day,favorites,likes,dislikes,like_ratio,heat_active_per_1k_visits,age_days,created,last_updated,creator_type,creator_name,creator_url,group_members,owner_name,owner_url,owner_roblox_signal,discord_name_signal,youtube,tiktok,twitter_x,twitch,instagram,other_links,genre,max_players,universe_id,place_id,found_via,checked_at_utc
1330,1-BEST (MUST BUY),NEW,[❄️UPD 1] Flex Anime Cards,https://www.roblox.com/games/94849002330248/,YES,https://discord.gg/dMMkc6v9X3,NUGG GAMES,14,4,official group link: NUGGS GAMES,144,144,23840,,1113,189,27,87.5,6.04,21,2026-09-04,2026-09-24,Group,NUGGS GAMES,https://www.roblox.com/groups/188264205,2419,iucasUI,https://www.roblox.com/users/749339223/profile,,,,,,,,https://www.facebook.com/roblox/,All,10,10765036556,94849002330248,seedfile:watchlist_history.csv,2026-09-25 20:43
1229,1-BEST (MUST BUY),NEW,[🔴] Spin a Mmy! 🎲,https://www.roblox.com/games/120634467329860/,YES,https://discord.gg/MdhjP5danK,🎃 WIDZOWIE RAFACRACK 🎃,135,33,official group link: RafaCrack Team Los Seguidores,119,119,22281,,572,92,33,73.6,5.34,60,2026-07-27,2026-09-25,Group,RafaCrack Team Los Seguidores,https://www.roblox.com/groups/5352147,3156,RafaCrack16,https://www.roblox.com/users/533360283/profile,,,https://youtube.com/channel/UC6TmbbMhGZ_XJbkeOpnLnZg,,,,,https://www.facebook.com/roblox/,All,8,10578956395,120634467329860,seedfile:watchlist_history.csv,2026-09-25 20:43
1228,1-BEST (MUST BUY),NEW,Chicken Army Survival,https://www.roblox.com/games/127344776971804/,YES,https://discord.gg/saS9tjP8N2,Build Hide Survive Zombies,108,14,official group link: We Go Giga,191,191,36917,,116,48,12,80.0,5.17,32,2026-08-24,2026-09-25,Group,We Go Giga,https://www.roblox.com/groups/738567886,90896,Ponchokings,https://www.roblox.com/users/3922131/profile,YES,,,,,,,https://www.facebook.com/roblox/,All,25,10759566653,127344776971804,seedfile:watchlist_history.csv,2026-09-25 20:43
1226,1-BEST (MUST BUY),NEW,Ship Battles ,https://www.roblox.com/games/124524152557574/,YES,https://discord.gg/nc6dKeaRAf,DosBro Studio,24,7,official game link,116,116,22311,,108,10,3,76.9,5.2,265,2026-01-02,2026-09-25,Group,Boating Games,https://www.roblox.com/groups/690115967,2233,HeitorDeveloper,https://www.roblox.com/users/11648308125/profile,,,,,,,,RobloxGroup:https://www.roblox.com/communities/690115967 | https://www.facebook.com/roblox/,All,12,9491554899,124524152557574,seedfile:watchlist_history.csv,2026-09-25 20:43
1141,1-BEST (MUST BUY),NEW,DAS H00D [WOW!],https://www.roblox.com/games/73790245633445/,,,,,,,143,143,17331,,77,12,5,70.6,8.25,2,2026-09-23,2026-09-23,User,pzfi8,https://www.roblox.com/users/11349713669/profile,,pzfi8,https://www.roblox.com/users/11349713669/profile,,,,,,,,https://www.facebook.com/roblox/,All,30,10767755166,73790245633445,seedfile:watchlist_history.csv,2026-09-25 20:43
1125,1-BEST (MUST BUY),NEW,Stack a Burger,https://www.roblox.com/games/129198234144742/,,,,,,,112,112,22317,,74,7,7,50.0,5.02,12,2026-09-13,2026-09-25,Group,iterance,https://www.roblox.com/groups/235252409,16,LeoMethod,https://www.roblox.com/users/396035149/profile,,,,,,,,https://www.facebook.com/roblox/,All,10,10766334899,129198234144742,seedfile:watchlist_history.csv,2026-09-25 20:43
1121,1-BEST (MUST BUY),NEW,[🐟🍣] Fish Farm Sushi,https://www.roblox.com/games/133644227090327/,,,,,,,103,103,24937,,2727,28,2,93.3,4.13,4,2026-09-21,2026-09-25,Group,Cubic_Games,https://www.roblox.com/groups/419791825,55202,Cubic_G4mes,https://www.roblox.com/users/10248332038/profile,,,,,,,,https://www.facebook.com/roblox/,All,6,10767391441,133644227090327,seedfile:watchlist_history.csv,2026-09-25 20:43
1118,1-BEST (MUST BUY),NEW,🌈 SAEM SANDBOX but EVERYTHING IS MAXED,https://www.roblox.com/games/103386986462342/,,,,,,,128,128,36556,,4189,198,10,95.2,3.5,6,2026-09-19,2026-09-20,Group,M5 Competition #1,https://www.roblox.com/groups/41198978,2587,blueyeti_gamex,https://www.roblox.com/users/9117934469/profile,,,,,,,,https://www.facebook.com/roblox/,All,7,10767025915,103386986462342,seedfile:watchlist_history.csv,2026-09-25 20:43
1049,1-BEST (MUST BUY),NEW,Infinite Blocks,https://www.roblox.com/games/74348830510694/,,,,,,,163,163,16530,,71,9,9,50.0,9.86,134,2026-05-14,2026-09-21,Group,Infinite Blocks,https://www.roblox.com/groups/343959868,49611,65hQjarMpSEW27L,https://www.roblox.com/users/10765425423/profile,,,,,,,,https://www.facebook.com/roblox/,All,24,10167786253,74348830510694,seedfile:watchlist_history.csv,2026-09-25 20:43
1018,1-BEST (MUST BUY),NEW,(EVENTS) Piggy Suggestions,https://www.roblox.com/games/80592067062478/,,https://discord.gg/b2FxgbM2Cb (UNVERIFIED/expired),,,,owned group socials: Split's Hang Out,127,127,36198,,411,128,16,88.9,3.51,178,2026-03-31,2026-09-25,User,QSPLITZ,https://www.roblox.com/users/1444191269/profile,,QSPLITZ,https://www.roblox.com/users/1444191269/profile,,,https://youtube.com/@QSPLITZ,,x.com/games,,,https://www.facebook.com/roblox/,All,21,9967515801,80592067062478,seedfile:watchlist_history.csv,2026-09-25 20:43
935,2-GREAT,NEW,Cry Baby Outfit Tower,https://www.roblox.com/games/100132365836939/,,,,,,,1083,1083,63664,,7492,210,16,92.9,17.01,13,2026-09-12,2026-09-24,Group,Cry Baby Games,https://www.roblox.com/groups/9100028,6385,supviloes,https://www.roblox.com/users/1950562212/profile,,,,,,,,https://www.facebook.com/roblox/,All,30,10766174914,100132365836939,seedfile:watchlist_history.csv,2026-09-25 20:43
784,2-GREAT,NEW,Paint an ASMR 🎨,https://www.roblox.com/games/75570930405173/,,,,,,,666,666,99154,,290,20,10,66.7,6.72,53,2026-08-03,2026-09-23,Group,i like asmr,https://www.roblox.com/groups/604191004,1058,whk,https://www.roblox.com/users/9616277/profile,,,,,,,,https://www.facebook.com/roblox/,All,6,10622693591,75570930405173,seedfile:watchlist_history.csv,2026-09-25 20:43
555,3-GOOD,NEW,Autumn Outfit Tower! [Would you Rather] 🍂,https://www.roblox.com/games/78744056205900/,,,,,,,1260,1260,115217,,4610,202,34,85.6,10.94,46,2026-08-10,2026-09-25,User,luvauoraa,https://www.roblox.com/users/200446471/profile,,luvauoraa,https://www.roblox.com/users/200446471/profile,,,,,,,,https://www.facebook.com/roblox/,All,30,10674234194,78744056205900,seedfile:watchlist_history.csv,2026-09-25 20:43
396,4-MID,NEW,MM2 of the VERITY,https://www.roblox.com/games/76970382768356/,,,,,,,3114,3114,335988,,1221,176,111,61.3,9.27,17,2026-09-08,2026-09-23,Group,VERITY?,https://www.roblox.com/groups/1006542777,335,UnityDaBest,https://www.roblox.com/users/2559004798/profile,,,,,,,,https://www.facebook.com/roblox/,All,15,10765632608,76970382768356,search:mm2,2026-09-25 20:43
368,4-MID,NEW,Escape Buddy! [New UPD 3] [ ITS BUDDY],https://www.roblox.com/games/104649478726782/,,,,,,,1236,1236,341989,,2094,370,115,76.3,3.61,22,2026-09-03,2026-09-22,Group,WESMAR Games,https://www.roblox.com/groups/824483216,7425,UndesirableMartijn,https://www.roblox.com/users/192664797/profile,,,,,,,,https://www.facebook.com/roblox/,All,15,10765010165,104649478726782,rec:10765529256,2026-09-25 20:43
266,4-MID,NEW,The Undead Coming (2026),https://www.roblox.com/games/17805166690/,,,,,,,909,909,276948,,6723,1714,187,90.2,3.28,837,2024-06-10,2026-09-25,Group,4by2studs,https://www.roblox.com/groups/16429448,1045,jcmkiller9,https://www.roblox.com/users/5716150/profile,YES,,,,x.com/games,,,https://www.facebook.com/roblox/,All,15,6100103590,17805166690,search:undead unluck,2026-09-25 20:43
﻿priority_score,tier,new_this_run,title,game_url,has_discord,discord_url,discord_server,discord_members,discord_online,discord_via,active,peak_active_seen,visits,visits_growth_per_day,favorites,likes,dislikes,like_ratio,heat_active_per_1k_visits,age_days,created,last_updated,creator_type,creator_name,creator_url,group_members,owner_name,owner_url,owner_roblox_signal,discord_name_signal,youtube,tiktok,twitter_x,twitch,instagram,other_links,genre,max_players,universe_id,place_id,found_via,checked_at_utc
1327,1-BEST (MUST BUY),NEW,[❄️UPD 1] Flex Anime Cards,https://www.roblox.com/games/94849002330248/,YES,https://discord.gg/dMMkc6v9X3,NUGG GAMES,14,3,official group link: NUGGS GAMES,129,129,23927,,1118,191,27,87.6,5.39,21,2026-09-04,2026-09-24,Group,NUGGS GAMES,https://www.roblox.com/groups/188264205,2429,iucasUI,https://www.roblox.com/users/749339223/profile,,,,,,,,https://www.facebook.com/roblox/,All,10,10765036556,94849002330248,seedfile:watchlist_history.csv,2026-09-25 20:58
1231,1-BEST (MUST BUY),NEW,[🔴] Spin a Mmy! 🎲,https://www.roblox.com/games/120634467329860/,YES,https://discord.gg/MdhjP5danK,🎃 WIDZOWIE RAFACRACK 🎃,135,33,official group link: RafaCrack Team Los Seguidores,127,127,22496,,579,93,33,73.8,5.65,60,2026-07-27,2026-09-25,Group,RafaCrack Team Los Seguidores,https://www.roblox.com/groups/5352147,3158,RafaCrack16,https://www.roblox.com/users/533360283/profile,,,https://youtube.com/channel/UC6TmbbMhGZ_XJbkeOpnLnZg,,,,,https://www.facebook.com/roblox/,All,8,10578956395,120634467329860,seedfile:watchlist_history.csv,2026-09-25 20:58
1226,1-BEST (MUST BUY),NEW,Chicken Army Survival,https://www.roblox.com/games/127344776971804/,YES,https://discord.gg/saS9tjP8N2,Build Hide Survive Zombies,108,11,official group link: We Go Giga,175,175,37238,,116,48,12,80.0,4.7,32,2026-08-24,2026-09-25,Group,We Go Giga,https://www.roblox.com/groups/738567886,90897,Ponchokings,https://www.roblox.com/users/3922131/profile,YES,,,,,,,https://www.facebook.com/roblox/,All,25,10759566653,127344776971804,seedfile:watchlist_history.csv,2026-09-25 20:58
1141,1-BEST (MUST BUY),NEW,DAS H00D [WOW!],https://www.roblox.com/games/73790245633445/,,,,,,,143,143,17493,,77,12,5,70.6,8.17,2,2026-09-23,2026-09-23,User,pzfi8,https://www.roblox.com/users/11349713669/profile,,pzfi8,https://www.roblox.com/users/11349713669/profile,,,,,,,,https://www.facebook.com/roblox/,All,30,10767755166,73790245633445,seedfile:watchlist_history.csv,2026-09-25 20:58
1044,1-BEST (MUST BUY),NEW,Infinite Blocks,https://www.roblox.com/games/74348830510694/,,,,,,,149,149,16843,,71,9,9,50.0,8.85,134,2026-05-14,2026-09-21,Group,Infinite Blocks,https://www.roblox.com/groups/343959868,49611,65hQjarMpSEW27L,https://www.roblox.com/users/10765425423/profile,,,,,,,,https://www.facebook.com/roblox/,All,24,10167786253,74348830510694,seedfile:watchlist_history.csv,2026-09-25 20:58
1035,1-BEST (MUST BUY),NEW,[🏍️💣] Drag Tag,https://www.roblox.com/games/106405214306027/,,,,,,,270,270,38797,,239,14,7,66.7,6.96,45,2026-08-11,2026-09-25,Group,Drag Tag,https://www.roblox.com/groups/633662631,3030,Existensy,https://www.roblox.com/users/1081802604/profile,,,,,,,,https://www.facebook.com/roblox/,All,10,10677677868,106405214306027,seedfile:watchlist_history.csv,2026-09-25 20:58
1016,1-BEST (MUST BUY),NEW,(EVENTS) Piggy Suggestions,https://www.roblox.com/games/80592067062478/,,https://discord.gg/b2FxgbM2Cb (UNVERIFIED/expired),,,,owned group socials: Split's Hang Out,120,120,36490,,411,128,16,88.9,3.29,178,2026-03-31,2026-09-25,User,QSPLITZ,https://www.roblox.com/users/1444191269/profile,,QSPLITZ,https://www.roblox.com/users/1444191269/profile,,,https://youtube.com/@QSPLITZ,,x.com/games,,,https://www.facebook.com/roblox/,All,21,9967515801,80592067062478,seedfile:watchlist_history.csv,2026-09-25 20:58
926,2-GREAT,NEW,Cry Baby Outfit Tower,https://www.roblox.com/games/100132365836939/,,,,,,,1009,1009,66055,,7811,210,16,92.9,15.28,13,2026-09-12,2026-09-24,Group,Cry Baby Games,https://www.roblox.com/groups/9100028,6579,supviloes,https://www.roblox.com/users/1950562212/profile,,,,,,,,https://www.facebook.com/roblox/,All,30,10766174914,100132365836939,seedfile:watchlist_history.csv,2026-09-25 20:58
864,3-GOOD,NEW,Sail For Eggs,https://www.roblox.com/games/121443295737695/,YES,https://discord.gg/Eradw4CFBT,walroo's hangout,122,36,owned group socials: Funflow Studios,2083,2083,170254,,20826,1007,103,90.7,12.23,17,2026-09-08,2026-09-25,Group,i love tacos yum yum,https://www.roblox.com/groups/877561232,33243,w4lroo,https://www.roblox.com/users/337022381/profile,,,https://youtube.com/@w4lroo,,,,,https://www.facebook.com/roblox/,All,6,10765629453,121443295737695,search:eggs,2026-09-25 20:58
550,3-GOOD,NEW,Autumn Outfit Tower! [Would you Rather] 🍂,https://www.roblox.com/games/78744056205900/,,,,,,,1170,1170,117419,,4727,204,35,85.4,9.96,46,2026-08-10,2026-09-25,User,luvauoraa,https://www.roblox.com/users/200446471/profile,,luvauoraa,https://www.roblox.com/users/200446471/profile,,,,,,,,https://www.facebook.com/roblox/,All,30,10674234194,78744056205900,seedfile:watchlist_history.csv,2026-09-25 20:58
664,4-MID,NEW,🩸 Last Innocent,https://www.roblox.com/games/112690701042434/,YES,https://discord.gg/HCCayJNcex,Modded Community,29081,1618,official group link: XDDDD BRUH LOL!!!! LOLOL!!!!!!!!! LOOOOOOOL!!!!!!!,874,874,308849,,24333,258,124,67.5,2.83,18,2026-09-07,2026-09-08,Group,XDDDD BRUH LOL!!!! LOLOL!!!!!!!!! LOOOOOOOL!!!!!!!,https://www.roblox.com/groups/35659096,56140,xDbRuH_gamez,https://www.roblox.com/users/11143911508/profile,,,,,,,,https://www.facebook.com/roblox/,All,12,10765519438,112690701042434,search:🩸,2026-09-25 20:58
590,4-MID,NEW,Run from Monsters,https://www.roblox.com/games/122815847545297/,YES,https://discord.gg/vibenyc,Crescent,639,189,owned group socials: ꓚrescent,2340,2340,423833,,3013,483,82,85.5,5.52,20,2026-09-05,2026-09-25,Group,Dredge Works,https://www.roblox.com/groups/16360697,127803,Cyrphex,https://www.roblox.com/users/156703442/profile,,,https://youtube.com/channel/UCxqQ-LlO5N6E6c5ik8YOy3w/videos,,https://x.com/CyrphexRBLX,,,https://www.facebook.com/roblox/,All,50,10765197905,122815847545297,search:run from,2026-09-25 20:58
﻿priority_score,tier,new_this_run,title,game_url,has_discord,discord_url,discord_server,discord_members,discord_online,discord_via,active,peak_active_seen,visits,visits_growth_per_day,favorites,likes,dislikes,like_ratio,heat_active_per_1k_visits,age_days,created,last_updated,creator_type,creator_name,creator_url,group_members,owner_name,owner_url,owner_roblox_signal,discord_name_signal,youtube,tiktok,twitter_x,twitch,instagram,other_links,genre,max_players,universe_id,place_id,found_via,checked_at_utc
1409,1-BEST (MUST BUY),NEW,[💅FUSING] Steal a KATSERALLIT,https://www.roblox.com/games/76160134990792/,YES,https://discord.gg/3fcxwSu4CA,Lauma,4261,798,official group link: Lauma,159,159,32940,,1471,246,24,91.1,4.83,19,2026-09-06,2026-09-25,Group,Lauma,https://www.roblox.com/groups/214062364,174308,yyujies,https://www.roblox.com/users/1014955421/profile,,,,,,,,https://www.facebook.com/roblox/,All,8,10765428116,76160134990792,search:fuse,2026-09-25 21:14
1324,1-BEST (MUST BUY),NEW,[❄️UPD 1] Flex Anime Cards,https://www.roblox.com/games/94849002330248/,YES,https://discord.gg/dMMkc6v9X3,NUGG GAMES,14,2,official group link: NUGGS GAMES,112,112,24006,,1123,191,28,87.2,4.67,21,2026-09-04,2026-09-24,Group,NUGGS GAMES,https://www.roblox.com/groups/188264205,2437,iucasUI,https://www.roblox.com/users/749339223/profile,,,,,,,,https://www.facebook.com/roblox/,All,10,10765036556,94849002330248,seedfile:watchlist_history.csv,2026-09-25 21:14
1229,1-BEST (MUST BUY),NEW,Chicken Army Survival,https://www.roblox.com/games/127344776971804/,YES,https://discord.gg/saS9tjP8N2,Build Hide Survive Zombies,108,13,official group link: We Go Giga,202,202,37591,,117,49,12,80.3,5.37,32,2026-08-24,2026-09-25,Group,We Go Giga,https://www.roblox.com/groups/738567886,90899,Ponchokings,https://www.roblox.com/users/3922131/profile,YES,,,,,,,https://www.facebook.com/roblox/,All,25,10759566653,127344776971804,seedfile:watchlist_history.csv,2026-09-25 21:14
1226,1-BEST (MUST BUY),NEW,[🔴] Spin a Mmy! 🎲,https://www.roblox.com/games/120634467329860/,YES,https://discord.gg/MdhjP5danK,🎃 WIDZOWIE RAFACRACK 🎃,135,32,official group link: RafaCrack Team Los Seguidores,106,106,22607,,582,95,33,74.2,4.69,60,2026-07-27,2026-09-25,Group,RafaCrack Team Los Seguidores,https://www.roblox.com/groups/5352147,3158,RafaCrack16,https://www.roblox.com/users/533360283/profile,,,https://youtube.com/channel/UC6TmbbMhGZ_XJbkeOpnLnZg,,,,,https://www.facebook.com/roblox/,All,8,10578956395,120634467329860,seedfile:watchlist_history.csv,2026-09-25 21:14
1223,1-BEST (MUST BUY),NEW,Ship Battles ,https://www.roblox.com/games/124524152557574/,YES,https://discord.gg/nc6dKeaRAf,DosBro Studio,24,9,official game link,102,102,22717,,108,10,3,76.9,4.49,265,2026-01-02,2026-09-25,Group,Boating Games,https://www.roblox.com/groups/690115967,2266,HeitorDeveloper,https://www.roblox.com/users/11648308125/profile,,,,,,,,RobloxGroup:https://www.roblox.com/communities/690115967 | https://www.facebook.com/roblox/,All,12,9491554899,124524152557574,seedfile:watchlist_history.csv,2026-09-25 21:14
1147,1-BEST (MUST BUY),NEW,DAS H00D [WOW!],https://www.roblox.com/games/73790245633445/,,,,,,,166,166,17658,,77,12,5,70.6,9.4,2,2026-09-23,2026-09-23,User,pzfi8,https://www.roblox.com/users/11349713669/profile,,pzfi8,https://www.roblox.com/users/11349713669/profile,,,,,,,,https://www.facebook.com/roblox/,All,30,10767755166,73790245633445,seedfile:watchlist_history.csv,2026-09-25 21:14
1128,1-BEST (MUST BUY),NEW,How Close Are We? [2 Player Quiz],https://www.roblox.com/games/79330586039163/,,,,,,,120,120,21639,,335,31,46,40.3,5.55,10,2026-09-15,2026-09-18,Group,THE QUIZ COMPANY,https://www.roblox.com/groups/598361827,1895,groupguy5,https://www.roblox.com/users/11714493876/profile,,,,,,,,https://www.facebook.com/roblox/,All,30,10766579308,79330586039163,seedfile:watchlist_history.csv,2026-09-25 21:14
1125,1-BEST (MUST BUY),NEW,Stack a Burger,https://www.roblox.com/games/129198234144742/,,,,,,,114,114,22619,,75,7,7,50.0,5.04,12,2026-09-13,2026-09-25,Group,iterance,https://www.roblox.com/groups/235252409,16,LeoMethod,https://www.roblox.com/users/396035149/profile,,,,,,,,https://www.facebook.com/roblox/,All,10,10766334899,129198234144742,seedfile:watchlist_history.csv,2026-09-25 21:14
1119,1-BEST (MUST BUY),NEW,Spray & Paint!,https://www.roblox.com/games/73106557118620/,,,,,,,106,106,27333,,1164,31,13,70.5,3.88,21,2026-09-04,2026-09-25,Group,Spray & Paint!,https://www.roblox.com/groups/441191399,29,monoraly,https://www.roblox.com/users/26555906/profile,,,,,https://x.com/DrawAnythingRbx | https://x.com/PixelpulseRBX,,,https://www.facebook.com/roblox/,All,25,10765120275,73106557118620,seedfile:watchlist_history.csv,2026-09-25 21:14
1018,1-BEST (MUST BUY),NEW,(EVENTS) Piggy Suggestions,https://www.roblox.com/games/80592067062478/,,https://discord.gg/b2FxgbM2Cb (UNVERIFIED/expired),,,,owned group socials: Split's Hang Out,134,134,36739,,412,131,16,89.1,3.65,178,2026-03-31,2026-09-25,User,QSPLITZ,https://www.roblox.com/users/1444191269/profile,,QSPLITZ,https://www.roblox.com/users/1444191269/profile,,,https://youtube.com/@QSPLITZ,,x.com/games,,,https://www.facebook.com/roblox/,All,21,9967515801,80592067062478,seedfile:watchlist_history.csv,2026-09-25 21:14
924,2-GREAT,NEW,Cry Baby Outfit Tower,https://www.roblox.com/games/100132365836939/,,,,,,,1009,1009,68513,,8201,211,16,93.0,14.73,13,2026-09-12,2026-09-24,Group,Cry Baby Games,https://www.roblox.com/groups/9100028,6827,supviloes,https://www.roblox.com/users/1950562212/profile,,,,,,,,https://www.facebook.com/roblox/,All,30,10766174914,100132365836939,seedfile:watchlist_history.csv,2026-09-25 21:14
551,3-GOOD,NEW,Autumn Outfit Tower! [Would you Rather] 🍂,https://www.roblox.com/games/78744056205900/,,,,,,,1214,1214,119699,,4843,206,36,85.1,10.14,46,2026-08-10,2026-09-25,User,luvauoraa,https://www.roblox.com/users/200446471/profile,,luvauoraa,https://www.roblox.com/users/200446471/profile,,,,,,,,https://www.facebook.com/roblox/,All,30,10674234194,78744056205900,seedfile:watchlist_history.csv,2026-09-25 21:14
﻿priority_score,tier,new_this_run,title,game_url,has_discord,discord_url,discord_server,discord_members,discord_online,discord_via,active,peak_active_seen,visits,visits_growth_per_day,favorites,likes,dislikes,like_ratio,heat_active_per_1k_visits,age_days,created,last_updated,creator_type,creator_name,creator_url,group_members,owner_name,owner_url,owner_roblox_signal,discord_name_signal,youtube,tiktok,twitter_x,twitch,instagram,other_links,genre,max_players,universe_id,place_id,found_via,checked_at_utc
1226,1-BEST (MUST BUY),NEW,Chicken Army Survival,https://www.roblox.com/games/127344776971804/,YES,https://discord.gg/saS9tjP8N2,Build Hide Survive Zombies,109,11,official group link: We Go Giga,182,182,38199,,123,49,12,80.3,4.76,32,2026-08-24,2026-09-25,Group,We Go Giga,https://www.roblox.com/groups/738567886,90902,Ponchokings,https://www.roblox.com/users/3922131/profile,YES,,,,,,,https://www.facebook.com/roblox/,All,25,10759566653,127344776971804,seedfile:watchlist_history.csv,2026-09-25 21:43
1225,1-BEST (MUST BUY),NEW,[🔴] Spin a Mmy! 🎲,https://www.roblox.com/games/120634467329860/,YES,https://discord.gg/MdhjP5danK,🎃 WIDZOWIE RAFACRACK 🎃,135,31,official group link: RafaCrack Team Los Seguidores,102,102,22787,,590,97,33,74.6,4.48,60,2026-07-27,2026-09-25,Group,RafaCrack Team Los Seguidores,https://www.roblox.com/groups/5352147,3159,RafaCrack16,https://www.roblox.com/users/533360283/profile,,,https://youtube.com/channel/UC6TmbbMhGZ_XJbkeOpnLnZg,,,,,https://www.facebook.com/roblox/,All,8,10578956395,120634467329860,seedfile:watchlist_history.csv,2026-09-25 21:42
1222,1-BEST (MUST BUY),NEW,Ship Battles ,https://www.roblox.com/games/124524152557574/,YES,https://discord.gg/nc6dKeaRAf,DosBro Studio,24,8,official game link,100,100,23048,,108,10,3,76.9,4.34,265,2026-01-02,2026-09-25,Group,Boating Games,https://www.roblox.com/groups/690115967,2286,HeitorDeveloper,https://www.roblox.com/users/11648308125/profile,,,,,,,,RobloxGroup:https://www.roblox.com/communities/690115967 | https://www.facebook.com/roblox/,All,12,9491554899,124524152557574,seedfile:watchlist_history.csv,2026-09-25 21:42
1148,1-BEST (MUST BUY),NEW,DAS H00D [WOW!],https://www.roblox.com/games/73790245633445/,,,,,,,173,173,18005,,77,12,5,70.6,9.61,2,2026-09-23,2026-09-23,User,pzfi8,https://www.roblox.com/users/11349713669/profile,,pzfi8,https://www.roblox.com/users/11349713669/profile,,,,,,,,https://www.facebook.com/roblox/,All,30,10767755166,73790245633445,seedfile:watchlist_history.csv,2026-09-25 21:42
1118,1-BEST (MUST BUY),NEW,Spray & Paint!,https://www.roblox.com/games/73106557118620/,,,,,,,101,101,27643,,1203,32,13,71.1,3.65,21,2026-09-04,2026-09-25,Group,Spray & Paint!,https://www.roblox.com/groups/441191399,29,monoraly,https://www.roblox.com/users/26555906/profile,,,,,https://x.com/DrawAnythingRbx | https://x.com/PixelpulseRBX,,,https://www.facebook.com/roblox/,All,25,10765120275,73106557118620,seedfile:watchlist_history.csv,2026-09-25 21:42
1019,1-BEST (MUST BUY),NEW,(EVENTS) Piggy Suggestions,https://www.roblox.com/games/80592067062478/,,https://discord.gg/b2FxgbM2Cb (UNVERIFIED/expired),,,,owned group socials: Split's Hang Out,141,141,37251,,417,133,16,89.3,3.79,178,2026-03-31,2026-09-25,User,QSPLITZ,https://www.roblox.com/users/1444191269/profile,,QSPLITZ,https://www.roblox.com/users/1444191269/profile,,,https://youtube.com/@QSPLITZ,,x.com/games,,,https://www.facebook.com/roblox/,All,21,9967515801,80592067062478,seedfile:watchlist_history.csv,2026-09-25 21:42
921,2-GREAT,NEW,Cry Baby Outfit Tower,https://www.roblox.com/games/100132365836939/,,,,,,,1042,1042,73045,,8870,212,16,93.0,14.27,13,2026-09-12,2026-09-24,Group,Cry Baby Games,https://www.roblox.com/groups/9100028,7239,supviloes,https://www.roblox.com/users/1950562212/profile,,,,,,,,https://www.facebook.com/roblox/,All,30,10766174914,100132365836939,seedfile:watchlist_history.csv,2026-09-25 21:42
545,3-GOOD,NEW,Autumn Outfit Tower! [Would you Rather] 🍂,https://www.roblox.com/games/78744056205900/,,,,,,,1124,1124,123733,,5058,208,36,85.2,9.08,46,2026-08-10,2026-09-25,User,luvauoraa,https://www.roblox.com/users/200446471/profile,,luvauoraa,https://www.roblox.com/users/200446471/profile,,,,,,,,https://www.facebook.com/roblox/,All,30,10674234194,78744056205900,seedfile:watchlist_history.csv,2026-09-25 21:42
663,4-MID,NEW,Climb Scary Buddy Tower,https://www.roblox.com/games/132998953405956/,YES,https://discord.gg/DS98vsCrbk,No CCU Games,5291,212,owned group socials: No CCU Games,828,828,310792,,27633,341,85,80.0,2.66,15,2026-09-10,2026-09-24,Group,Crowned CCU,https://www.roblox.com/groups/391607652,251107,quantuminvestalt,https://www.roblox.com/users/7162204510/profile,,,,,,,,https://www.facebook.com/roblox/,All,35,10765878230,132998953405956,seedfile:watchlist_history.csv,2026-09-25 21:43
﻿priority_score,tier,new_this_run,title,game_url,has_discord,discord_url,discord_server,discord_members,discord_online,discord_via,active,peak_active_seen,visits,visits_growth_per_day,favorites,likes,dislikes,like_ratio,heat_active_per_1k_visits,age_days,created,last_updated,creator_type,creator_name,creator_url,group_members,owner_name,owner_url,owner_roblox_signal,discord_name_signal,youtube,tiktok,twitter_x,twitch,instagram,other_links,genre,max_players,universe_id,place_id,found_via,checked_at_utc
1323,1-BEST (MUST BUY),NEW,[❄️UPD 1] Flex Anime Cards,https://www.roblox.com/games/94849002330248/,YES,https://discord.gg/dMMkc6v9X3,NUGG GAMES,14,3,official group link: NUGGS GAMES,112,112,24276,,1136,192,28,87.3,4.61,21,2026-09-04,2026-09-24,Group,NUGGS GAMES,https://www.roblox.com/groups/188264205,2465,iucasUI,https://www.roblox.com/users/749339223/profile,,,,,,,,https://www.facebook.com/roblox/,All,10,10765036556,94849002330248,seedfile:watchlist_history.csv,2026-09-25 22:14
1224,1-BEST (MUST BUY),NEW,Chicken Army Survival,https://www.roblox.com/games/127344776971804/,YES,https://discord.gg/saS9tjP8N2,Build Hide Survive Zombies,109,11,official group link: We Go Giga,173,173,38863,,127,50,12,80.6,4.45,32,2026-08-24,2026-09-25,Group,We Go Giga,https://www.roblox.com/groups/738567886,90905,Ponchokings,https://www.roblox.com/users/3922131/profile,YES,,,,,,,https://www.facebook.com/roblox/,All,25,10759566653,127344776971804,seedfile:watchlist_history.csv,2026-09-25 22:14
1253,1-BEST (MUST BUY),NEW,Pull An Anomaly,https://www.roblox.com/games/73870868504800/,,https://discord.gg/thecorp (UNVERIFIED/expired),,,,owned group socials: The Corporation Game,224,224,7314,,27,7,3,70.0,30.63,1,2026-09-24,2026-09-25,Group,Just A Building,https://www.roblox.com/groups/951202668,5470,zedzada1,https://www.roblox.com/users/612680002/profile,,,,,,,,https://www.facebook.com/roblox/,All,7,10767876809,73870868504800,search:pull,2026-09-25 22:14
1144,1-BEST (MUST BUY),NEW,DAS H00D [WOW!],https://www.roblox.com/games/73790245633445/,,,,,,,163,163,18320,,79,12,5,70.6,8.9,2,2026-09-23,2026-09-23,User,pzfi8,https://www.roblox.com/users/11349713669/profile,,pzfi8,https://www.roblox.com/users/11349713669/profile,,,,,,,,https://www.facebook.com/roblox/,All,30,10767755166,73790245633445,seedfile:watchlist_history.csv,2026-09-25 22:14
1132,1-BEST (MUST BUY),NEW,How Close Are We? [2 Player Quiz],https://www.roblox.com/games/79330586039163/,,,,,,,146,146,22619,,354,37,47,44.0,6.45,10,2026-09-15,2026-09-18,Group,THE QUIZ COMPANY,https://www.roblox.com/groups/598361827,2012,groupguy5,https://www.roblox.com/users/11714493876/profile,,,,,,,,https://www.facebook.com/roblox/,All,30,10766579308,79330586039163,seedfile:watchlist_history.csv,2026-09-25 22:14
1014,1-BEST (MUST BUY),NEW,(EVENTS) Piggy Suggestions,https://www.roblox.com/games/80592067062478/,,https://discord.gg/b2FxgbM2Cb (UNVERIFIED/expired),,,,owned group socials: Split's Hang Out,107,107,37801,,419,133,16,89.3,2.83,178,2026-03-31,2026-09-25,User,QSPLITZ,https://www.roblox.com/users/1444191269/profile,,QSPLITZ,https://www.roblox.com/users/1444191269/profile,,,https://youtube.com/@QSPLITZ,,x.com/games,,,https://www.facebook.com/roblox/,All,21,9967515801,80592067062478,seedfile:watchlist_history.csv,2026-09-25 22:14
916,2-GREAT,NEW,Cry Baby Outfit Tower,https://www.roblox.com/games/100132365836939/,,,,,,,1025,1025,77950,,9522,212,16,93.0,13.15,13,2026-09-12,2026-09-24,Group,Cry Baby Games,https://www.roblox.com/groups/9100028,7719,supviloes,https://www.roblox.com/users/1950562212/profile,,,,,,,,https://www.facebook.com/roblox/,All,30,10766174914,100132365836939,seedfile:watchlist_history.csv,2026-09-25 22:14
632,3-GOOD,NEW,Melt All The Ice!🧊,https://www.roblox.com/games/98940528508770/,,,,,,,1279,1279,197690,,833,124,86,59.0,6.47,12,2026-09-13,2026-09-25,Group,The Frozen Studio,https://www.roblox.com/groups/959022445,101,DTW_0113,https://www.roblox.com/users/11491491696/profile,,,,,,,,https://www.facebook.com/roblox/,All,20,10766309747,98940528508770,search:ice cream,2026-09-25 22:14
548,3-GOOD,NEW,Autumn Outfit Tower! [Would you Rather] 🍂,https://www.roblox.com/games/78744056205900/,,,,,,,1221,1221,128258,,5298,211,37,85.1,9.52,46,2026-08-10,2026-09-25,User,luvauoraa,https://www.roblox.com/users/200446471/profile,,luvauoraa,https://www.roblox.com/users/200446471/profile,,,,,,,,https://www.facebook.com/roblox/,All,30,10674234194,78744056205900,seedfile:watchlist_history.csv,2026-09-25 22:14
﻿priority_score,tier,new_this_run,title,game_url,has_discord,discord_url,discord_server,discord_members,discord_online,discord_via,active,peak_active_seen,visits,visits_growth_per_day,favorites,likes,dislikes,like_ratio,heat_active_per_1k_visits,age_days,created,last_updated,creator_type,creator_name,creator_url,group_members,owner_name,owner_url,owner_roblox_signal,discord_name_signal,youtube,tiktok,twitter_x,twitch,instagram,other_links,genre,max_players,universe_id,place_id,found_via,checked_at_utc
1323,1-BEST (MUST BUY),NEW,[❄️UPD 1] Flex Anime Cards,https://www.roblox.com/games/94849002330248/,YES,https://discord.gg/dMMkc6v9X3,NUGG GAMES,14,2,official group link: NUGGS GAMES,109,109,24383,,1140,193,28,87.3,4.47,21,2026-09-04,2026-09-24,Group,NUGGS GAMES,https://www.roblox.com/groups/188264205,2481,iucasUI,https://www.roblox.com/users/749339223/profile,,,,,,,,https://www.facebook.com/roblox/,All,10,10765036556,94849002330248,seedfile:watchlist_history.csv,2026-09-25 22:43
1228,1-BEST (MUST BUY),NEW,Chicken Army Survival,https://www.roblox.com/games/127344776971804/,YES,https://discord.gg/saS9tjP8N2,Build Hide Survive Zombies,109,12,official group link: We Go Giga,201,201,39457,,132,50,13,79.4,5.09,32,2026-08-24,2026-09-25,Group,We Go Giga,https://www.roblox.com/groups/738567886,90906,Ponchokings,https://www.roblox.com/users/3922131/profile,YES,,,,,,,https://www.facebook.com/roblox/,All,25,10759566653,127344776971804,seedfile:watchlist_history.csv,2026-09-25 22:43
1143,1-BEST (MUST BUY),NEW,DAS H00D [WOW!],https://www.roblox.com/games/73790245633445/,,,,,,,162,162,18643,,79,12,5,70.6,8.69,2,2026-09-23,2026-09-23,User,pzfi8,https://www.roblox.com/users/11349713669/profile,,pzfi8,https://www.roblox.com/users/11349713669/profile,,,,,,,,https://www.facebook.com/roblox/,All,30,10767755166,73790245633445,seedfile:watchlist_history.csv,2026-09-25 22:43
1135,1-BEST (MUST BUY),NEW,[🐟🍣] Fish Farm Sushi,https://www.roblox.com/games/133644227090327/,,,,,,,179,179,25887,,2853,30,2,93.8,6.91,4,2026-09-21,2026-09-25,Group,Cubic_Games,https://www.roblox.com/groups/419791825,55204,Cubic_G4mes,https://www.roblox.com/users/10248332038/profile,,,,,,,,https://www.facebook.com/roblox/,All,6,10767391441,133644227090327,seedfile:watchlist_history.csv,2026-09-25 22:43
1126,1-BEST (MUST BUY),NEW,How Close Are We? [2 Player Quiz],https://www.roblox.com/games/79330586039163/,,,,,,,120,120,23148,,359,38,50,43.2,5.18,10,2026-09-15,2026-09-18,Group,THE QUIZ COMPANY,https://www.roblox.com/groups/598361827,2052,groupguy5,https://www.roblox.com/users/11714493876/profile,,,,,,,,https://www.facebook.com/roblox/,All,30,10766579308,79330586039163,seedfile:watchlist_history.csv,2026-09-25 22:43
1119,1-BEST (MUST BUY),NEW,Spray & Paint!,https://www.roblox.com/games/73106557118620/,,,,,,,109,109,28399,,1266,32,13,71.1,3.84,21,2026-09-04,2026-09-25,Group,Spray & Paint!,https://www.roblox.com/groups/441191399,29,monoraly,https://www.roblox.com/users/26555906/profile,,,,,https://x.com/DrawAnythingRbx | https://x.com/PixelpulseRBX,,,https://www.facebook.com/roblox/,All,25,10765120275,73106557118620,seedfile:watchlist_history.csv,2026-09-25 22:43
1033,1-BEST (MUST BUY),NEW,Infinite Blocks,https://www.roblox.com/games/74348830510694/,,,,,,,115,115,17489,,74,9,9,50.0,6.58,134,2026-05-14,2026-09-21,Group,Infinite Blocks,https://www.roblox.com/groups/343959868,49612,65hQjarMpSEW27L,https://www.roblox.com/users/10765425423/profile,,,,,,,,https://www.facebook.com/roblox/,All,24,10167786253,74348830510694,seedfile:watchlist_history.csv,2026-09-25 22:43
1014,1-BEST (MUST BUY),NEW,(EVENTS) Piggy Suggestions,https://www.roblox.com/games/80592067062478/,,https://discord.gg/b2FxgbM2Cb (UNVERIFIED/expired),,,,owned group socials: Split's Hang Out,105,105,38288,,419,135,17,88.8,2.74,178,2026-03-31,2026-09-25,User,QSPLITZ,https://www.roblox.com/users/1444191269/profile,,QSPLITZ,https://www.roblox.com/users/1444191269/profile,,,https://youtube.com/@QSPLITZ,,x.com/games,,,https://www.facebook.com/roblox/,All,21,9967515801,80592067062478,seedfile:watchlist_history.csv,2026-09-25 22:43
909,2-GREAT,NEW,Cry Baby Outfit Tower,https://www.roblox.com/games/100132365836939/,,,,,,,970,970,82730,,10127,213,18,92.2,11.72,13,2026-09-12,2026-09-24,Group,Cry Baby Games,https://www.roblox.com/groups/9100028,8177,supviloes,https://www.roblox.com/users/1950562212/profile,,,,,,,,https://www.facebook.com/roblox/,All,30,10766174914,100132365836939,seedfile:watchlist_history.csv,2026-09-25 22:43
729,3-GOOD,NEW,Fight Enemies!,https://www.roblox.com/games/137878567503519/,YES,https://discord.gg/kTCazeSqx4,Script's Studios,382,52,official group link: » Script's Studios «,838,838,192918,,682,197,31,86.4,4.34,563,2025-03-11,2026-09-25,Group,» Script's Studios «,https://www.roblox.com/groups/33187916,2636,script_ingdev,https://www.roblox.com/users/5083997484/profile,,,,,https://x.com/script_ing,,,RobloxGroup:https://www.roblox.com/communities/33187916 | https://www.facebook.com/roblox/,All,9,7362931484,137878567503519,seedfile:watchlist_history.csv,2026-09-25 22:43
556,3-GOOD,NEW,Autumn Outfit Tower! [Would you Rather] 🍂,https://www.roblox.com/games/78744056205900/,,,,,,,1494,1494,133139,,5597,222,37,85.7,11.22,46,2026-08-10,2026-09-25,User,luvauoraa,https://www.roblox.com/users/200446471/profile,,luvauoraa,https://www.roblox.com/users/200446471/profile,,,,,,,,https://www.facebook.com/roblox/,All,30,10674234194,78744056205900,seedfile:watchlist_history.csv,2026-09-25 22:43
664,4-MID,NEW,Climb Scary Buddy Tower,https://www.roblox.com/games/132998953405956/,YES,https://discord.gg/DS98vsCrbk,No CCU Games,5291,191,owned group socials: No CCU Games,860,860,317107,,28410,343,88,79.6,2.71,15,2026-09-10,2026-09-24,Group,Crowned CCU,https://www.roblox.com/groups/391607652,252097,quantuminvestalt,https://www.roblox.com/users/7162204510/profile,,,,,,,,https://www.facebook.com/roblox/,All,35,10765878230,132998953405956,seedfile:watchlist_history.csv,2026-09-25 22:43
268,4-MID,NEW, 💖[stereo love] Trending Emote Dance,https://www.roblox.com/games/91064322438141/,,,,,,,874,874,239845,,11797,205,34,85.8,3.64,34,2026-08-22,2026-09-21,Group,Cloudsevenn,https://www.roblox.com/groups/623740162,16887,D7X37,https://www.roblox.com/users/1255232483/profile,,,,,,,,https://www.facebook.com/roblox/,All,35,10752743876,91064322438141,search:dance,2026-09-25 22:43
﻿priority_score,tier,new_this_run,title,game_url,has_discord,discord_url,discord_server,discord_members,discord_online,discord_via,active,peak_active_seen,visits,visits_growth_per_day,favorites,likes,dislikes,like_ratio,heat_active_per_1k_visits,age_days,created,last_updated,creator_type,creator_name,creator_url,group_members,owner_name,owner_url,owner_roblox_signal,discord_name_signal,youtube,tiktok,twitter_x,twitch,instagram,other_links,genre,max_players,universe_id,place_id,found_via,checked_at_utc
1326,1-BEST (MUST BUY),NEW,[❄️UPD 1] Flex Anime Cards,https://www.roblox.com/games/94849002330248/,YES,https://discord.gg/dMMkc6v9X3,NUGG GAMES,14,3,official group link: NUGGS GAMES,128,128,24492,,1146,194,28,87.4,5.23,21,2026-09-04,2026-09-24,Group,NUGGS GAMES,https://www.roblox.com/groups/188264205,2490,iucasUI,https://www.roblox.com/users/749339223/profile,,,,,,,,https://www.facebook.com/roblox/,All,10,10765036556,94849002330248,seedfile:watchlist_history.csv,2026-09-25 23:12
1228,1-BEST (MUST BUY),NEW,[🔴] Spin a Mmy! 🎲,https://www.roblox.com/games/120634467329860/,YES,https://discord.gg/reKGnP4Zn7,Spin a Mommy | Roblox,295,57,official game link,101,101,23191,,617,99,35,73.9,4.36,60,2026-07-27,2026-09-25,Group,RafaCrack Team Los Seguidores,https://www.roblox.com/groups/5352147,3162,RafaCrack16,https://www.roblox.com/users/533360283/profile,,,https://youtube.com/@RafaCrackYT | https://youtube.com/channel/UC6TmbbMhGZ_XJbkeOpnLnZg,,,,,https://www.facebook.com/roblox/,All,8,10578956395,120634467329860,seedfile:watchlist_history.csv,2026-09-25 23:13
1200,1-BEST (MUST BUY),NEW,Magic Garden,https://www.roblox.com/games/84510775777428/,,,,,,,104,104,1441,,18,26,2,92.9,72.17,43,2026-08-13,2026-09-25,User,Jodalara,https://www.roblox.com/users/10521222209/profile,,Jodalara,https://www.roblox.com/users/10521222209/profile,,,,,,,,https://www.facebook.com/roblox/,All,8,10694551906,84510775777428,seedfile:watchlist_history.csv,2026-09-25 23:13
1142,1-BEST (MUST BUY),NEW,DAS H00D [WOW!],https://www.roblox.com/games/73790245633445/,,,,,,,159,159,18948,,80,12,5,70.6,8.39,2,2026-09-23,2026-09-23,User,pzfi8,https://www.roblox.com/users/11349713669/profile,,pzfi8,https://www.roblox.com/users/11349713669/profile,,,,,,,,https://www.facebook.com/roblox/,All,30,10767755166,73790245633445,seedfile:watchlist_history.csv,2026-09-25 23:13
1131,1-BEST (MUST BUY),NEW,How Close Are We? [2 Player Quiz],https://www.roblox.com/games/79330586039163/,,,,,,,145,145,23711,,366,39,51,43.3,6.12,10,2026-09-15,2026-09-18,Group,THE QUIZ COMPANY,https://www.roblox.com/groups/598361827,2117,groupguy5,https://www.roblox.com/users/11714493876/profile,,,,,,,,https://www.facebook.com/roblox/,All,30,10766579308,79330586039163,seedfile:watchlist_history.csv,2026-09-25 23:13
1121,1-BEST (MUST BUY),NEW,Stack a Burger,https://www.roblox.com/games/129198234144742/,,,,,,,102,102,23763,,77,7,8,46.7,4.29,12,2026-09-13,2026-09-25,Group,iterance,https://www.roblox.com/groups/235252409,16,LeoMethod,https://www.roblox.com/users/396035149/profile,,,,,,,,https://www.facebook.com/roblox/,All,10,10766334899,129198234144742,seedfile:watchlist_history.csv,2026-09-25 23:13
1033,1-BEST (MUST BUY),NEW,Infinite Blocks,https://www.roblox.com/games/74348830510694/,,,,,,,119,119,17830,,75,9,9,50.0,6.67,134,2026-05-14,2026-09-21,Group,Infinite Blocks,https://www.roblox.com/groups/343959868,49612,65hQjarMpSEW27L,https://www.roblox.com/users/10765425423/profile,,,,,,,,https://www.facebook.com/roblox/,All,24,10167786253,74348830510694,seedfile:watchlist_history.csv,2026-09-25 23:12
1013,1-BEST (MUST BUY),NEW,(EVENTS) Piggy Suggestions,https://www.roblox.com/games/80592067062478/,,https://discord.gg/b2FxgbM2Cb (UNVERIFIED/expired),,,,owned group socials: Split's Hang Out,101,101,38693,,422,136,17,88.9,2.61,178,2026-03-31,2026-09-25,User,QSPLITZ,https://www.roblox.com/users/1444191269/profile,,QSPLITZ,https://www.roblox.com/users/1444191269/profile,,,https://youtube.com/@QSPLITZ,,x.com/games,,,https://www.facebook.com/roblox/,All,21,9967515801,80592067062478,seedfile:watchlist_history.csv,2026-09-25 23:13
911,2-GREAT,NEW,Cry Baby Outfit Tower,https://www.roblox.com/games/100132365836939/,,,,,,,1072,1072,87285,,10771,215,18,92.3,12.28,13,2026-09-12,2026-09-24,Group,Cry Baby Games,https://www.roblox.com/groups/9100028,8590,supviloes,https://www.roblox.com/users/1950562212/profile,,,,,,,,https://www.facebook.com/roblox/,All,30,10766174914,100132365836939,seedfile:watchlist_history.csv,2026-09-25 23:12
901,2-GREAT,NEW,[🍬] Swim For Eggs!,https://www.roblox.com/games/113956654824187/,,,,,,,636,636,62886,,194,44,19,69.8,10.11,20,2026-09-05,2026-09-19,Group,Blue Turtle Studio,https://www.roblox.com/groups/228719500,59,korbloxwithfedora,https://www.roblox.com/users/51563079/profile,,,,,,,,https://www.facebook.com/roblox/,All,6,10765312940,113956654824187,seedfile:watchlist_history.csv,2026-09-25 23:13
733,3-GOOD,NEW,Fight Enemies!,https://www.roblox.com/games/137878567503519/,YES,https://discord.gg/kTCazeSqx4,Script's Studios,382,50,official group link: » Script's Studios «,999,999,195241,,694,200,31,86.6,5.12,563,2025-03-11,2026-09-25,Group,» Script's Studios «,https://www.roblox.com/groups/33187916,2646,script_ingdev,https://www.roblox.com/users/5083997484/profile,,,,,https://x.com/script_ing,,,RobloxGroup:https://www.roblox.com/communities/33187916 | https://www.facebook.com/roblox/,All,9,7362931484,137878567503519,seedfile:watchlist_history.csv,2026-09-25 23:12
560,3-GOOD,NEW,Autumn Outfit Tower! [Would you Rather] 🍂,https://www.roblox.com/games/78744056205900/,,,,,,,1668,1668,138754,,5940,229,37,86.1,12.02,46,2026-08-10,2026-09-25,User,luvauoraa,https://www.roblox.com/users/200446471/profile,,luvauoraa,https://www.roblox.com/users/200446471/profile,,,,,,,,https://www.facebook.com/roblox/,All,30,10674234194,78744056205900,seedfile:watchlist_history.csv,2026-09-25 23:12
664,4-MID,NEW,Climb Scary Buddy Tower,https://www.roblox.com/games/132998953405956/,YES,https://discord.gg/DS98vsCrbk,No CCU Games,5291,196,owned group socials: No CCU Games,924,924,320384,,28826,342,91,79.0,2.88,15,2026-09-10,2026-09-24,Group,Crowned CCU,https://www.roblox.com/groups/391607652,252592,quantuminvestalt,https://www.roblox.com/users/7162204510/profile,,,,,,,,https://www.facebook.com/roblox/,All,35,10765878230,132998953405956,seedfile:watchlist_history.csv,2026-09-25 23:13
﻿priority_score,tier,new_this_run,title,game_url,has_discord,discord_url,discord_server,discord_members,discord_online,discord_via,active,peak_active_seen,visits,visits_growth_per_day,favorites,likes,dislikes,like_ratio,heat_active_per_1k_visits,age_days,created,last_updated,creator_type,creator_name,creator_url,group_members,owner_name,owner_url,owner_roblox_signal,discord_name_signal,youtube,tiktok,twitter_x,twitch,instagram,other_links,genre,max_players,universe_id,place_id,found_via,checked_at_utc
1226,1-BEST (MUST BUY),NEW,[🔴] Spin a Mmy! 🎲,https://www.roblox.com/games/120634467329860/,YES,https://discord.gg/MdhjP5danK,🎃 WIDZOWIE RAFACRACK 🎃,135,17,official group link: RafaCrack Team Los Seguidores,107,107,23339,,624,100,36,73.5,4.58,60,2026-07-27,2026-09-25,Group,RafaCrack Team Los Seguidores,https://www.roblox.com/groups/5352147,3163,RafaCrack16,https://www.roblox.com/users/533360283/profile,,,https://youtube.com/channel/UC6TmbbMhGZ_XJbkeOpnLnZg,,,,,https://www.facebook.com/roblox/,All,8,10578956395,120634467329860,seedfile:watchlist_history.csv,2026-09-25 23:43
1195,1-BEST (MUST BUY),NEW,Catch & Clean Animals,https://www.roblox.com/games/110144892843278/,,,,,,,458,458,24018,,92,14,19,42.4,19.07,9,2026-09-16,2026-09-25,Group,wow such clean animals!,https://www.roblox.com/groups/461035802,569,AckPIays,https://www.roblox.com/users/321178532/profile,,,,,,,,https://www.facebook.com/roblox/,All,7,10766683865,110144892843278,seedfile:watchlist_history.csv,2026-09-25 23:43
1141,1-BEST (MUST BUY),NEW,DAS H00D [WOW!],https://www.roblox.com/games/73790245633445/,,,,,,,160,160,19312,,81,12,5,70.6,8.29,2,2026-09-23,2026-09-23,User,pzfi8,https://www.roblox.com/users/11349713669/profile,,pzfi8,https://www.roblox.com/users/11349713669/profile,,,,,,,,https://www.facebook.com/roblox/,All,30,10767755166,73790245633445,seedfile:watchlist_history.csv,2026-09-25 23:43
1140,1-BEST (MUST BUY),NEW,How Close Are We? [2 Player Quiz],https://www.roblox.com/games/79330586039163/,,,,,,,197,197,24400,,378,39,53,42.4,8.07,10,2026-09-15,2026-09-18,Group,THE QUIZ COMPANY,https://www.roblox.com/groups/598361827,2194,groupguy5,https://www.roblox.com/users/11714493876/profile,,,,,,,,https://www.facebook.com/roblox/,All,30,10766579308,79330586039163,seedfile:watchlist_history.csv,2026-09-25 23:43
1127,1-BEST (MUST BUY),NEW,Spray & Paint!,https://www.roblox.com/games/73106557118620/,,,,,,,160,160,29221,,1350,32,14,69.6,5.48,21,2026-09-04,2026-09-25,Group,Spray & Paint!,https://www.roblox.com/groups/441191399,30,monoraly,https://www.roblox.com/users/26555906/profile,,,,,https://x.com/DrawAnythingRbx | https://x.com/PixelpulseRBX,,,https://www.facebook.com/roblox/,All,25,10765120275,73106557118620,seedfile:watchlist_history.csv,2026-09-25 23:43
929,2-GREAT,NEW,[🌈] SAE BUT F2P ADMIN PANELZ,https://www.roblox.com/games/79233793919757/,,,,,,,1022,1022,64597,,138,10,4,71.4,15.82,13,2026-09-12,2026-09-25,Group,Barca Take Over Gaming,https://www.roblox.com/groups/35401566,392588,SpecialDeliveryDev,https://www.roblox.com/users/4259547418/profile,,,,,,,,https://www.facebook.com/roblox/,All,7,10766187809,79233793919757,seedfile:watchlist_history.csv,2026-09-25 23:43
919,2-GREAT,NEW,[🍬] Swim For Eggs!,https://www.roblox.com/games/113956654824187/,,,,,,,887,887,64245,,202,46,19,70.8,13.81,20,2026-09-05,2026-09-19,Group,Blue Turtle Studio,https://www.roblox.com/groups/228719500,62,korbloxwithfedora,https://www.roblox.com/users/51563079/profile,,,,,,,,https://www.facebook.com/roblox/,All,6,10765312940,113956654824187,seedfile:watchlist_history.csv,2026-09-25 23:43
909,2-GREAT,NEW,Cry Baby Outfit Tower,https://www.roblox.com/games/100132365836939/,,,,,,,1093,1093,92483,,11446,215,18,92.3,11.82,13,2026-09-12,2026-09-24,Group,Cry Baby Games,https://www.roblox.com/groups/9100028,9057,supviloes,https://www.roblox.com/users/1950562212/profile,,,,,,,,https://www.facebook.com/roblox/,All,30,10766174914,100132365836939,seedfile:watchlist_history.csv,2026-09-25 23:43
734,3-GOOD,NEW,Fight Enemies!,https://www.roblox.com/games/137878567503519/,YES,https://discord.gg/kTCazeSqx4,Script's Studios,382,49,official group link: » Script's Studios «,1058,1058,197869,,712,200,31,86.6,5.35,563,2025-03-11,2026-09-25,Group,» Script's Studios «,https://www.roblox.com/groups/33187916,2652,script_ingdev,https://www.roblox.com/users/5083997484/profile,,,,,https://x.com/script_ing,,,RobloxGroup:https://www.roblox.com/communities/33187916 | https://www.facebook.com/roblox/,All,9,7362931484,137878567503519,seedfile:watchlist_history.csv,2026-09-25 23:43
561,3-GOOD,NEW,Autumn Outfit Tower! [Would you Rather] 🍂,https://www.roblox.com/games/78744056205900/,,,,,,,1783,1783,145068,,6326,236,37,86.4,12.29,46,2026-08-10,2026-09-25,User,luvauoraa,https://www.roblox.com/users/200446471/profile,,luvauoraa,https://www.roblox.com/users/200446471/profile,,,,,,,,https://www.facebook.com/roblox/,All,30,10674234194,78744056205900,seedfile:watchlist_history.csv,2026-09-25 23:43
568,4-MID,NEW,Cool Avatar Hub,https://www.roblox.com/games/107564665870882/,YES,https://discord.gg/tF94pV4vJ5,Fedora Studio,21,5,official game link,939,939,270580,,3359,1010,74,93.2,3.47,25,2026-08-31,2026-09-25,Group,Fedora | Studio,https://www.roblox.com/groups/34208647,21837,FedoraStudioHolder1,https://www.roblox.com/users/3782394158/profile,,,,,,,,https://www.facebook.com/roblox/,All,20,10764570523,107564665870882,seedfile:watchlist_history.csv,2026-09-25 23:43
465,4-MID,NEW,[NEW MAP] DON'T LET HIM IN,https://www.roblox.com/games/121165298854655/,YES,https://discord.gg/TehXdrmZZR,dilly dally games,49,12,official game link,831,831,295113,,3634,201,54,78.8,2.82,32,2026-08-24,2026-09-25,Group,dilly dally games,https://www.roblox.com/groups/281380235,813482,savhana,https://www.roblox.com/users/435765/profile,,,,,,,,https://www.facebook.com/roblox/,All,30,10759518799,121165298854655,seedfile:watchlist_history.csv,2026-09-25 23:43
﻿priority_score,tier,new_this_run,title,game_url,has_discord,discord_url,discord_server,discord_members,discord_online,discord_via,active,peak_active_seen,visits,visits_growth_per_day,favorites,likes,dislikes,like_ratio,heat_active_per_1k_visits,age_days,created,last_updated,creator_type,creator_name,creator_url,group_members,owner_name,owner_url,owner_roblox_signal,discord_name_signal,youtube,tiktok,twitter_x,twitch,instagram,other_links,genre,max_players,universe_id,place_id,found_via,checked_at_utc
1135,1-BEST (MUST BUY),NEW,DAS H00D [WOW!],https://www.roblox.com/games/73790245633445/,,,,,,,137,137,19678,,81,12,5,70.6,6.96,2,2026-09-23,2026-09-23,User,pzfi8,https://www.roblox.com/users/11349713669/profile,,pzfi8,https://www.roblox.com/users/11349713669/profile,,,,,,,,https://www.facebook.com/roblox/,All,30,10767755166,73790245633445,seedfile:watchlist_history.csv,2026-09-26 00:09
1130,1-BEST (MUST BUY),NEW,How Close Are We? [2 Player Quiz],https://www.roblox.com/games/79330586039163/,,,,,,,150,150,25200,,383,43,54,44.3,5.95,10,2026-09-15,2026-09-18,Group,THE QUIZ COMPANY,https://www.roblox.com/groups/598361827,2285,groupguy5,https://www.roblox.com/users/11714493876/profile,,,,,,,,https://www.facebook.com/roblox/,All,30,10766579308,79330586039163,seedfile:watchlist_history.csv,2026-09-26 00:09
1123,1-BEST (MUST BUY),NEW,Spray & Paint!,https://www.roblox.com/games/73106557118620/,,,,,,,139,139,29683,,1384,32,14,69.6,4.68,21,2026-09-04,2026-09-25,Group,Spray & Paint!,https://www.roblox.com/groups/441191399,30,monoraly,https://www.roblox.com/users/26555906/profile,,,,,https://x.com/DrawAnythingRbx | https://x.com/PixelpulseRBX,,,https://www.facebook.com/roblox/,All,25,10765120275,73106557118620,seedfile:watchlist_history.csv,2026-09-26 00:09
1119,1-BEST (MUST BUY),NEW,Team Hospital Escape!,https://www.roblox.com/games/135821695014981/,,,,,,,150,150,39674,,318,18,13,58.1,3.78,5,2026-09-20,2026-09-20,Group,Invite Your Friends!,https://www.roblox.com/groups/124516646,8457,GoldenHoldings,https://www.roblox.com/users/1729602796/profile,,,,,,,,https://www.facebook.com/roblox/,All,22,10767192375,135821695014981,seedfile:watchlist_history.csv,2026-09-26 00:09
1028,1-BEST (MUST BUY),NEW,Infinite Blocks,https://www.roblox.com/games/74348830510694/,,,,,,,103,103,18359,,76,9,9,50.0,5.61,134,2026-05-14,2026-09-21,Group,Infinite Blocks,https://www.roblox.com/groups/343959868,49612,65hQjarMpSEW27L,https://www.roblox.com/users/10765425423/profile,,,,,,,,https://www.facebook.com/roblox/,All,24,10167786253,74348830510694,seedfile:watchlist_history.csv,2026-09-26 00:09
922,2-GREAT,NEW,[🍬] Swim For Eggs!,https://www.roblox.com/games/113956654824187/,,,,,,,941,941,65759,,207,48,20,70.6,14.31,20,2026-09-05,2026-09-19,Group,Blue Turtle Studio,https://www.roblox.com/groups/228719500,65,korbloxwithfedora,https://www.roblox.com/users/51563079/profile,,,,,,,,https://www.facebook.com/roblox/,All,6,10765312940,113956654824187,seedfile:watchlist_history.csv,2026-09-26 00:09
918,2-GREAT,NEW,Cry Baby Outfit Tower,https://www.roblox.com/games/100132365836939/,,,,,,,1322,1322,97338,,12146,215,18,92.3,13.58,13,2026-09-12,2026-09-24,Group,Cry Baby Games,https://www.roblox.com/groups/9100028,9502,supviloes,https://www.roblox.com/users/1950562212/profile,,,,,,,,https://www.facebook.com/roblox/,All,30,10766174914,100132365836939,seedfile:watchlist_history.csv,2026-09-26 00:09
895,2-GREAT,NEW,[🌈] SAE BUT F2P ADMIN PANELZ,https://www.roblox.com/games/79233793919757/,,,,,,,604,604,67082,,138,10,4,71.4,9.0,13,2026-09-12,2026-09-26,Group,Barca Take Over Gaming,https://www.roblox.com/groups/35401566,392858,SpecialDeliveryDev,https://www.roblox.com/users/4259547418/profile,,,,,,,,https://www.facebook.com/roblox/,All,7,10766187809,79233793919757,seedfile:watchlist_history.csv,2026-09-26 00:09
535,3-GOOD,NEW,Autumn Outfit Tower! [Would you Rather] 🍂,https://www.roblox.com/games/78744056205900/,,,,,,,1059,1059,150210,,6635,242,37,86.7,7.05,46,2026-08-10,2026-09-25,User,luvauoraa,https://www.roblox.com/users/200446471/profile,,luvauoraa,https://www.roblox.com/users/200446471/profile,,,,,,,,https://www.facebook.com/roblox/,All,30,10674234194,78744056205900,seedfile:watchlist_history.csv,2026-09-26 00:09
481,4-MID,NEW,Fight Enemies!,https://www.roblox.com/games/137878567503519/,YES,https://discord.gg/kTCazeSqx4,Script's Studios,382,48,official group link: » Script's Studios «,944,944,200163,,718,202,31,86.7,4.72,563,2025-03-11,2026-09-25,Group,» Script's Studios «,https://www.roblox.com/groups/33187916,2657,script_ingdev,https://www.roblox.com/users/5083997484/profile,,,,,https://x.com/script_ing,,,RobloxGroup:https://www.roblox.com/communities/33187916 | https://www.facebook.com/roblox/,All,9,7362931484,137878567503519,seedfile:watchlist_history.csv,2026-09-26 00:09
468,4-MID,NEW,[FPS] FLING,https://www.roblox.com/games/137334925228489/,YES,https://discord.gg/6qzZVC7Jyq,Not Verified Games,31,5,official group link: not verified games,1237,1237,350525,,44981,94,60,61.0,3.53,182,2026-03-27,2026-09-25,Group,not verified games,https://www.roblox.com/groups/107868768,21217,uncoverd12345678,https://www.roblox.com/users/160742547/profile,,,,,,,,https://www.facebook.com/roblox/,All,8,9949148856,137334925228489,search:rivals fps,2026-09-26 00:09
402,4-MID,NEW,7 Days Cat-Sitting,https://www.roblox.com/games/116802325837172/,,,,,,,3281,3281,313593,,1430,161,43,78.9,10.46,10,2026-09-15,2026-09-16,Group,HELP ME PLEASE studios,https://www.roblox.com/groups/931781524,486,UmmmOkayWhat,https://www.roblox.com/users/2875765601/profile,,,,,,,,https://www.facebook.com/roblox/,All,16,10766506199,116802325837172,search:7,2026-09-26 00:09
265,4-MID,NEW,Ludo Classic 🎲,https://www.roblox.com/games/100988524818303/,,,,,,,807,807,271249,,1618,218,92,70.3,2.98,41,2026-08-15,2026-09-23,Group,Auto Creations!,https://www.roblox.com/groups/261983053,15,Autophilic,https://www.roblox.com/users/726832098/profile,,,,,,,,https://www.facebook.com/roblox/,All,16,10712258231,100988524818303,seedfile:watchlist_history.csv,2026-09-26 00:09
264,4-MID,NEW,Logo For Dino 🦖 [Keyboard],https://www.roblox.com/games/117009372193021/,,,,,,,1017,1017,375641,,1234,689,246,73.7,2.71,32,2026-08-24,2026-09-25,Group,Merge them,https://www.roblox.com/groups/602393778,50220,ConorNapoli,https://www.roblox.com/users/11159699740/profile,,,,,,,,https://www.facebook.com/roblox/,All,6,10759245732,117009372193021,search:dino game,2026-09-26 00:09
﻿priority_score,tier,new_this_run,title,game_url,has_discord,discord_url,discord_server,discord_members,discord_online,discord_via,active,peak_active_seen,visits,visits_growth_per_day,favorites,likes,dislikes,like_ratio,heat_active_per_1k_visits,age_days,created,last_updated,creator_type,creator_name,creator_url,group_members,owner_name,owner_url,owner_roblox_signal,discord_name_signal,youtube,tiktok,twitter_x,twitch,instagram,other_links,genre,max_players,universe_id,place_id,found_via,checked_at_utc
1317,1-BEST (MUST BUY),NEW,[2 ROBUX] Cheap HD Admin Tower,https://www.roblox.com/games/79506689225508/,YES,https://discord.gg/Q7ZKmxb3kW,Floody Ventures,39,5,"owned group socials (same owner, other community): Wonder Towers",101,101,30776,,67,9,5,64.3,3.28,4,2026-09-21,2026-09-22,Group,Penguin Pavilion,https://www.roblox.com/groups/530732032,1125623,tonyglavin12,https://www.roblox.com/users/178071218/profile,,,,,,,,https://www.facebook.com/roblox/,All,38,10767360706,79506689225508,creator:Group:530732032,2026-09-26 00:23
1133,1-BEST (MUST BUY),NEW,DAS H00D [WOW!],https://www.roblox.com/games/73790245633445/,,,,,,,132,132,19856,,81,12,5,70.6,6.65,2,2026-09-23,2026-09-23,User,pzfi8,https://www.roblox.com/users/11349713669/profile,,pzfi8,https://www.roblox.com/users/11349713669/profile,,,,,,,,https://www.facebook.com/roblox/,All,30,10767755166,73790245633445,seedfile:watchlist_history.csv,2026-09-26 00:22
1128,1-BEST (MUST BUY),NEW,🐲 Ride A Beast For Eggs!,https://www.roblox.com/games/107027764091621/,,,,,,,103,103,18148,,54,7,2,77.8,5.68,6,2026-09-19,2026-09-25,Group,Egg Hunting Guild,https://www.roblox.com/groups/179163029,741,voidlindon,https://www.roblox.com/users/10375995045/profile,,,,,,,,https://www.facebook.com/roblox/,All,6,10767130438,107027764091621,seedfile:watchlist_history.csv,2026-09-26 00:22
1125,1-BEST (MUST BUY),NEW,Spray & Paint!,https://www.roblox.com/games/73106557118620/,,,,,,,150,150,29899,,1413,32,15,68.1,5.02,21,2026-09-04,2026-09-25,Group,Spray & Paint!,https://www.roblox.com/groups/441191399,30,monoraly,https://www.roblox.com/users/26555906/profile,,,,,https://x.com/DrawAnythingRbx | https://x.com/PixelpulseRBX,,,https://www.facebook.com/roblox/,All,25,10765120275,73106557118620,seedfile:watchlist_history.csv,2026-09-26 00:23
1124,1-BEST (MUST BUY),NEW,How Close Are We? [2 Player Quiz],https://www.roblox.com/games/79330586039163/,,,,,,,120,120,25455,,388,43,55,43.9,4.71,10,2026-09-15,2026-09-18,Group,THE QUIZ COMPANY,https://www.roblox.com/groups/598361827,2317,groupguy5,https://www.roblox.com/users/11714493876/profile,,,,,,,,https://www.facebook.com/roblox/,All,30,10766579308,79330586039163,seedfile:watchlist_history.csv,2026-09-26 00:23
1029,1-BEST (MUST BUY),NEW,Infinite Blocks,https://www.roblox.com/games/74348830510694/,,,,,,,107,107,18494,,76,9,9,50.0,5.79,134,2026-05-14,2026-09-21,Group,Infinite Blocks,https://www.roblox.com/groups/343959868,49612,65hQjarMpSEW27L,https://www.roblox.com/users/10765425423/profile,,,,,,,,https://www.facebook.com/roblox/,All,24,10167786253,74348830510694,seedfile:watchlist_history.csv,2026-09-26 00:22
1017,1-BEST (MUST BUY),NEW,[🍊] Steal a Fruit Novel ,https://www.roblox.com/games/77540433768990/,,,,,,,122,122,35633,,2415,145,11,92.9,3.42,44,2026-08-12,2026-09-25,User,Diaz_Studio,https://www.roblox.com/users/9709990204/profile,,Diaz_Studio,https://www.roblox.com/users/9709990204/profile,,,,,,,,https://www.facebook.com/roblox/,All,8,10684650163,77540433768990,rec:10100846767,2026-09-26 00:23
920,2-GREAT,NEW,[🍬] Swim For Eggs!,https://www.roblox.com/games/113956654824187/,,,,,,,927,927,66541,,208,50,21,70.4,13.93,20,2026-09-05,2026-09-19,Group,Blue Turtle Studio,https://www.roblox.com/groups/228719500,68,korbloxwithfedora,https://www.roblox.com/users/51563079/profile,,,,,,,,https://www.facebook.com/roblox/,All,6,10765312940,113956654824187,seedfile:watchlist_history.csv,2026-09-26 00:23
670,3-GOOD,NEW,Cry Baby Outfit Tower,https://www.roblox.com/games/100132365836939/,,,,,,,1408,1408,100020,,12537,216,18,92.3,14.08,13,2026-09-12,2026-09-24,Group,Cry Baby Games,https://www.roblox.com/groups/9100028,9774,supviloes,https://www.roblox.com/users/1950562212/profile,,,,,,,,https://www.facebook.com/roblox/,All,30,10766174914,100132365836939,seedfile:watchlist_history.csv,2026-09-26 00:23
528,3-GOOD,NEW,Autumn Outfit Tower! [Would you Rather] 🍂,https://www.roblox.com/games/78744056205900/,,,,,,,849,849,151720,,6704,243,38,86.5,5.6,46,2026-08-10,2026-09-25,User,luvauoraa,https://www.roblox.com/users/200446471/profile,,luvauoraa,https://www.roblox.com/users/200446471/profile,,,,,,,,https://www.facebook.com/roblox/,All,30,10674234194,78744056205900,seedfile:watchlist_history.csv,2026-09-26 00:22
469,4-MID,NEW,[FPS] FLING,https://www.roblox.com/games/137334925228489/,YES,https://discord.gg/6qzZVC7Jyq,Not Verified Games,31,4,official group link: not verified games,1314,1314,352068,,45276,94,60,61.0,3.73,182,2026-03-27,2026-09-25,Group,not verified games,https://www.roblox.com/groups/107868768,21257,uncoverd12345678,https://www.roblox.com/users/160742547/profile,,,,,,,,https://www.facebook.com/roblox/,All,8,9949148856,137334925228489,search:rivals fps,2026-09-26 00:23
398,4-MID,NEW,7 Days Cat-Sitting,https://www.roblox.com/games/116802325837172/,,,,,,,3040,3040,318682,,1456,162,43,79.0,9.54,10,2026-09-15,2026-09-16,Group,HELP ME PLEASE studios,https://www.roblox.com/groups/931781524,493,UmmmOkayWhat,https://www.roblox.com/users/2875765601/profile,,,,,,,,https://www.facebook.com/roblox/,All,16,10766506199,116802325837172,search:7,2026-09-26 00:23
370,4-MID,NEW,What’s Your Real Age? 🤔✨,https://www.roblox.com/games/132884363756061/,,,,,,,1795,1795,459618,,1442,1084,267,80.2,3.91,13,2026-09-12,2026-09-13,Group,how do they see you,https://www.roblox.com/groups/636067019,2316,invert8999,https://www.roblox.com/users/141250246/profile,,,,,,,,https://www.facebook.com/roblox/,All,50,10766131399,132884363756061,search:age of,2026-09-26 00:23
266,4-MID,NEW,Ludo Classic 🎲,https://www.roblox.com/games/100988524818303/,,,,,,,873,873,271955,,1622,218,92,70.3,3.21,41,2026-08-15,2026-09-23,Group,Auto Creations!,https://www.roblox.com/groups/261983053,17,Autophilic,https://www.roblox.com/users/726832098/profile,,,,,,,,https://www.facebook.com/roblox/,All,16,10712258231,100988524818303,seedfile:watchlist_history.csv,2026-09-26 00:22
263,4-MID,NEW,Logo For Dino 🦖 [Keyboard],https://www.roblox.com/games/117009372193021/,,,,,,,1011,1011,377074,,1241,691,249,73.5,2.68,32,2026-08-24,2026-09-25,Group,Merge them,https://www.roblox.com/groups/602393778,50443,ConorNapoli,https://www.roblox.com/users/11159699740/profile,,,,,,,,https://www.facebook.com/roblox/,All,6,10759245732,117009372193021,search:dino game,2026-09-26 00:23
﻿priority_score,tier,new_this_run,title,game_url,has_discord,discord_url,discord_server,discord_members,discord_online,discord_via,active,peak_active_seen,visits,visits_growth_per_day,favorites,likes,dislikes,like_ratio,heat_active_per_1k_visits,age_days,created,last_updated,creator_type,creator_name,creator_url,group_members,owner_name,owner_url,owner_roblox_signal,discord_name_signal,youtube,tiktok,twitter_x,twitch,instagram,other_links,genre,max_players,universe_id,place_id,found_via,checked_at_utc
1322,1-BEST (MUST BUY),NEW,[EARN OFFLINE] Pit Fighters,https://www.roblox.com/games/124178938823327/,YES,https://discord.gg/QAuS3Bt,Iron Guild of Mercia,1,0,"owned group socials (same owner, other community): Iron Guild of Mercia",100,100,22578,,577,332,113,74.6,4.43,17,2026-09-08,2026-09-25,Group,HalfPlay Studios,https://www.roblox.com/groups/35644915,1219,54xto,https://www.roblox.com/users/18217252/profile,,,,,,,,https://www.facebook.com/roblox/,All,12,10765630220,124178938823327,seedfile:watchlist_history.csv,2026-09-26 00:43
1128,1-BEST (MUST BUY),NEW,DAS H00D [WOW!],https://www.roblox.com/games/73790245633445/,,,,,,,114,114,20105,,81,12,5,70.6,5.67,2,2026-09-23,2026-09-23,User,pzfi8,https://www.roblox.com/users/11349713669/profile,,pzfi8,https://www.roblox.com/users/11349713669/profile,,,,,,,,https://www.facebook.com/roblox/,All,30,10767755166,73790245633445,seedfile:watchlist_history.csv,2026-09-26 00:43
1128,1-BEST (MUST BUY),NEW,Spray & Paint!,https://www.roblox.com/games/73106557118620/,,,,,,,167,167,30268,,1444,32,15,68.1,5.52,21,2026-09-04,2026-09-25,Group,Spray & Paint!,https://www.roblox.com/groups/441191399,30,monoraly,https://www.roblox.com/users/26555906/profile,,,,,https://x.com/DrawAnythingRbx | https://x.com/PixelpulseRBX,,,https://www.facebook.com/roblox/,All,25,10765120275,73106557118620,seedfile:watchlist_history.csv,2026-09-26 00:43
1126,1-BEST (MUST BUY),NEW,How Close Are We? [2 Player Quiz],https://www.roblox.com/games/79330586039163/,,,,,,,132,132,25811,,392,45,56,44.6,5.11,10,2026-09-15,2026-09-18,Group,THE QUIZ COMPANY,https://www.roblox.com/groups/598361827,2348,groupguy5,https://www.roblox.com/users/11714493876/profile,,,,,,,,https://www.facebook.com/roblox/,All,30,10766579308,79330586039163,seedfile:watchlist_history.csv,2026-09-26 00:43
1125,1-BEST (MUST BUY),NEW,Dewata Lamore 2,https://www.roblox.com/games/116811053291069/,,,,,,,160,160,32410,,67,157,20,88.7,4.94,12,2026-09-13,2026-09-23,Group,Party On Roblox,https://www.roblox.com/groups/743820946,1272,Charollatee,https://www.roblox.com/users/8791346780/profile,,,,,,,,https://www.facebook.com/roblox/,All,80,10766314455,116811053291069,rec:10583889411,2026-09-26 00:43
1030,1-BEST (MUST BUY),NEW,Infinite Blocks,https://www.roblox.com/games/74348830510694/,,,,,,,112,112,18687,,78,9,9,50.0,5.99,134,2026-05-14,2026-09-21,Group,Infinite Blocks,https://www.roblox.com/groups/343959868,49612,65hQjarMpSEW27L,https://www.roblox.com/users/10765425423/profile,,,,,,,,https://www.facebook.com/roblox/,All,24,10167786253,74348830510694,seedfile:watchlist_history.csv,2026-09-26 00:43
921,2-GREAT,NEW,[🍬] Swim For Eggs!,https://www.roblox.com/games/113956654824187/,,,,,,,960,960,67697,,215,49,22,69.0,14.18,20,2026-09-05,2026-09-19,Group,Blue Turtle Studio,https://www.roblox.com/groups/228719500,70,korbloxwithfedora,https://www.roblox.com/users/51563079/profile,,,,,,,,https://www.facebook.com/roblox/,All,6,10765312940,113956654824187,seedfile:watchlist_history.csv,2026-09-26 00:43
665,3-GOOD,NEW,Cry Baby Outfit Tower,https://www.roblox.com/games/100132365836939/,,,,,,,1354,1354,104337,,13143,216,19,91.9,12.98,13,2026-09-12,2026-09-24,Group,Cry Baby Games,https://www.roblox.com/groups/9100028,10174,supviloes,https://www.roblox.com/users/1950562212/profile,,,,,,,,https://www.facebook.com/roblox/,All,30,10766174914,100132365836939,seedfile:watchlist_history.csv,2026-09-26 00:43
267,4-MID,NEW,Ludo Classic 🎲,https://www.roblox.com/games/100988524818303/,,,,,,,927,927,273197,,1628,218,92,70.3,3.39,41,2026-08-15,2026-09-23,Group,Auto Creations!,https://www.roblox.com/groups/261983053,17,Autophilic,https://www.roblox.com/users/726832098/profile,,,,,,,,https://www.facebook.com/roblox/,All,16,10712258231,100988524818303,seedfile:watchlist_history.csv,2026-09-26 00:43
﻿priority_score,tier,new_this_run,title,game_url,has_discord,discord_url,discord_server,discord_members,discord_online,discord_via,active,peak_active_seen,visits,visits_growth_per_day,favorites,likes,dislikes,like_ratio,heat_active_per_1k_visits,age_days,created,last_updated,creator_type,creator_name,creator_url,group_members,owner_name,owner_url,owner_roblox_signal,discord_name_signal,youtube,tiktok,twitter_x,twitch,instagram,other_links,genre,max_players,universe_id,place_id,found_via,checked_at_utc
1500,1-BEST (MUST BUY),NEW,Merge a Anime Army,https://www.roblox.com/games/91487618802857/,YES,https://discord.gg/jyy9nf7ARX,Talking Zoo,10,5,"owned group socials (same owner, other community): Talking.aura",279,279,3203,,17,2,4,33.3,87.11,2,2026-09-24,2026-09-24,Group,1 Mil CCU + pls,https://www.roblox.com/groups/941450721,51,slat_real2,https://www.roblox.com/users/2275806428/profile,,,,,,,,https://www.facebook.com/roblox/,All,6,10767808664,91487618802857,search:saitama,2026-09-26 01:14
1139,1-BEST (MUST BUY),NEW,Hack Vault for Animals!,https://www.roblox.com/games/138440212092449/,,https://discord.gg/XrPrdEV4A (UNVERIFIED/expired),,,,"owned group socials (same owner, other community): Feed Your Animals!",101,101,12922,,43,10,9,52.6,7.82,7,2026-09-19,2026-09-25,Group,buy me a McLaren!,https://www.roblox.com/groups/196258853,1244,HeartlezDev,https://www.roblox.com/users/252969769/profile,,,,,,,,https://www.facebook.com/roblox/,All,6,10766986165,138440212092449,seedfile:watchlist_history.csv,2026-09-26 01:14
1131,1-BEST (MUST BUY),NEW,🐲 Ride A Beast For Eggs!,https://www.roblox.com/games/107027764091621/,,,,,,,117,117,18629,,54,7,2,77.8,6.28,6,2026-09-19,2026-09-25,Group,Egg Hunting Guild,https://www.roblox.com/groups/179163029,777,voidlindon,https://www.roblox.com/users/10375995045/profile,,,,,,,,https://www.facebook.com/roblox/,All,6,10767130438,107027764091621,seedfile:watchlist_history.csv,2026-09-26 01:14
1130,1-BEST (MUST BUY),NEW,DAS H00D [WOW!],https://www.roblox.com/games/73790245633445/,,,,,,,121,121,20414,,81,12,5,70.6,5.93,2,2026-09-23,2026-09-23,User,pzfi8,https://www.roblox.com/users/11349713669/profile,,pzfi8,https://www.roblox.com/users/11349713669/profile,,,,,,,,https://www.facebook.com/roblox/,All,30,10767755166,73790245633445,seedfile:watchlist_history.csv,2026-09-26 01:14
1123,1-BEST (MUST BUY),NEW,Spray & Paint!,https://www.roblox.com/games/73106557118620/,,,,,,,140,140,30876,,1491,32,15,68.1,4.53,21,2026-09-04,2026-09-25,Group,Spray & Paint!,https://www.roblox.com/groups/441191399,30,monoraly,https://www.roblox.com/users/26555906/profile,,,,,https://x.com/DrawAnythingRbx | https://x.com/PixelpulseRBX,,,https://www.facebook.com/roblox/,All,25,10765120275,73106557118620,seedfile:watchlist_history.csv,2026-09-26 01:14
1119,1-BEST (MUST BUY),NEW,Hunt For Eggs!,https://www.roblox.com/games/129859645860144/,,,,,,,115,115,30628,,1835,24,5,82.8,3.75,9,2026-09-16,2026-09-26,Group,Collect rare pets,https://www.roblox.com/groups/464617235,2067,theshermanator9,https://www.roblox.com/users/9114155701/profile,,,,,,,,https://www.facebook.com/roblox/,All,7,10766707435,129859645860144,seedfile:watchlist_history.csv,2026-09-26 01:14
1043,1-BEST (MUST BUY),NEW,🐟 Raise a GIANT Fish!,https://www.roblox.com/games/96881278539554/,,https://discord.gg/HTjAvma2X (UNVERIFIED/expired),,,,official game link,333,333,38407,,118,38,10,79.2,8.67,71,2026-07-16,2026-09-25,User,mostviralnate,https://www.roblox.com/users/3708614778/profile,,mostviralnate,https://www.roblox.com/users/3708614778/profile,,,,,,,,https://www.facebook.com/roblox/,All,6,10515049150,96881278539554,seedfile:watchlist_history.csv,2026-09-26 01:14
1027,1-BEST (MUST BUY),NEW,Infinite Blocks,https://www.roblox.com/games/74348830510694/,,,,,,,104,104,19055,,79,9,9,50.0,5.46,134,2026-05-14,2026-09-21,Group,Infinite Blocks,https://www.roblox.com/groups/343959868,49612,65hQjarMpSEW27L,https://www.roblox.com/users/10765425423/profile,,,,,,,,https://www.facebook.com/roblox/,All,24,10167786253,74348830510694,seedfile:watchlist_history.csv,2026-09-26 01:14
928,2-GREAT,NEW,[🍬] Swim For Eggs!,https://www.roblox.com/games/113956654824187/,,,,,,,1079,1079,69425,,219,48,24,66.7,15.54,20,2026-09-05,2026-09-19,Group,Blue Turtle Studio,https://www.roblox.com/groups/228719500,72,korbloxwithfedora,https://www.roblox.com/users/51563079/profile,,,,,,,,https://www.facebook.com/roblox/,All,6,10765312940,113956654824187,seedfile:watchlist_history.csv,2026-09-26 01:14
660,3-GOOD,NEW,Cry Baby Outfit Tower,https://www.roblox.com/games/100132365836939/,,,,,,,1320,1320,110494,,14015,218,20,91.6,11.95,13,2026-09-12,2026-09-24,Group,Cry Baby Games,https://www.roblox.com/groups/9100028,10716,supviloes,https://www.roblox.com/users/1950562212/profile,,,,,,,,https://www.facebook.com/roblox/,All,30,10766174914,100132365836939,seedfile:watchlist_history.csv,2026-09-26 01:14
365,4-MID,NEW,SAE with ADMIN PANELZ,https://www.roblox.com/games/107528958191928/,,,,,,,1192,1192,402796,,1285,247,16,93.9,2.96,14,2026-09-11,2026-09-24,Group,Beneficial Eggs,https://www.roblox.com/groups/355320366,876082,SRT_elchuchuchu3,https://www.roblox.com/users/10399666686/profile,,,,,,,,https://www.facebook.com/roblox/,All,7,10766020687,107528958191928,search:admin,2026-09-26 01:14
266,4-MID,NEW,Ludo Classic 🎲,https://www.roblox.com/games/100988524818303/,,,,,,,879,879,275152,,1641,220,92,70.5,3.19,41,2026-08-15,2026-09-23,Group,Auto Creations!,https://www.roblox.com/groups/261983053,17,Autophilic,https://www.roblox.com/users/726832098/profile,,,,,,,,https://www.facebook.com/roblox/,All,16,10712258231,100988524818303,seedfile:watchlist_history.csv,2026-09-26 01:14
﻿priority_score,tier,new_this_run,title,game_url,has_discord,discord_url,discord_server,discord_members,discord_online,discord_via,active,peak_active_seen,visits,visits_growth_per_day,favorites,likes,dislikes,like_ratio,heat_active_per_1k_visits,age_days,created,last_updated,creator_type,creator_name,creator_url,group_members,owner_name,owner_url,owner_roblox_signal,discord_name_signal,youtube,tiktok,twitter_x,twitch,instagram,other_links,genre,max_players,universe_id,place_id,found_via,checked_at_utc
1323,1-BEST (MUST BUY),NEW,[EARN OFFLINE] Pit Fighters,https://www.roblox.com/games/124178938823327/,YES,https://discord.gg/QAuS3Bt,Iron Guild of Mercia,1,0,"owned group socials (same owner, other community): Iron Guild of Mercia",106,106,22801,,586,338,113,74.9,4.65,18,2026-09-08,2026-09-25,Group,HalfPlay Studios,https://www.roblox.com/groups/35644915,1227,54xto,https://www.roblox.com/users/18217252/profile,,,,,,,,https://www.facebook.com/roblox/,All,12,10765630220,124178938823327,seedfile:watchlist_history.csv,2026-09-26 01:42
1129,1-BEST (MUST BUY),NEW,DAS H00D [WOW!],https://www.roblox.com/games/73790245633445/,,,,,,,122,122,20780,,82,12,5,70.6,5.87,2,2026-09-23,2026-09-23,User,pzfi8,https://www.roblox.com/users/11349713669/profile,,pzfi8,https://www.roblox.com/users/11349713669/profile,,,,,,,,https://www.facebook.com/roblox/,All,30,10767755166,73790245633445,seedfile:watchlist_history.csv,2026-09-26 01:42
1127,1-BEST (MUST BUY),NEW,Spray & Paint!,https://www.roblox.com/games/73106557118620/,,,,,,,171,171,31394,,1546,32,15,68.1,5.45,21,2026-09-04,2026-09-25,Group,Spray & Paint!,https://www.roblox.com/groups/441191399,31,monoraly,https://www.roblox.com/users/26555906/profile,,,,,https://x.com/DrawAnythingRbx | https://x.com/PixelpulseRBX,,,https://www.facebook.com/roblox/,All,25,10765120275,73106557118620,seedfile:watchlist_history.csv,2026-09-26 01:42
1122,1-BEST (MUST BUY),NEW,How Close Are We? [2 Player Quiz],https://www.roblox.com/games/79330586039163/,,,,,,,119,119,26772,,402,47,58,44.8,4.44,10,2026-09-15,2026-09-18,Group,THE QUIZ COMPANY,https://www.roblox.com/groups/598361827,2461,groupguy5,https://www.roblox.com/users/11714493876/profile,,,,,,,,https://www.facebook.com/roblox/,All,30,10766579308,79330586039163,seedfile:watchlist_history.csv,2026-09-26 01:42
935,2-GREAT,NEW,[🍬] Swim For Eggs!,https://www.roblox.com/games/113956654824187/,,,,,,,1210,1210,71328,,224,50,24,67.6,16.96,20,2026-09-05,2026-09-19,Group,Blue Turtle Studio,https://www.roblox.com/groups/228719500,76,korbloxwithfedora,https://www.roblox.com/users/51563079/profile,,,,,,,,https://www.facebook.com/roblox/,All,6,10765312940,113956654824187,seedfile:watchlist_history.csv,2026-09-26 01:43
658,3-GOOD,NEW,Cry Baby Outfit Tower,https://www.roblox.com/games/100132365836939/,,,,,,,1338,1338,116010,,14860,218,21,91.2,11.53,13,2026-09-12,2026-09-24,Group,Cry Baby Games,https://www.roblox.com/groups/9100028,11256,supviloes,https://www.roblox.com/users/1950562212/profile,,,,,,,,https://www.facebook.com/roblox/,All,30,10766174914,100132365836939,seedfile:watchlist_history.csv,2026-09-26 01:42
268,4-MID,NEW,Ludo Classic 🎲,https://www.roblox.com/games/100988524818303/,,,,,,,1011,1011,276823,,1650,220,92,70.5,3.65,41,2026-08-15,2026-09-23,Group,Auto Creations!,https://www.roblox.com/groups/261983053,17,Autophilic,https://www.roblox.com/users/726832098/profile,,,,,,,,https://www.facebook.com/roblox/,All,16,10712258231,100988524818303,seedfile:watchlist_history.csv,2026-09-26 01:42
﻿priority_score,tier,new_this_run,title,game_url,has_discord,discord_url,discord_server,discord_members,discord_online,discord_via,active,peak_active_seen,visits,visits_growth_per_day,favorites,likes,dislikes,like_ratio,heat_active_per_1k_visits,age_days,created,last_updated,creator_type,creator_name,creator_url,group_members,owner_name,owner_url,owner_roblox_signal,discord_name_signal,youtube,tiktok,twitter_x,twitch,instagram,other_links,genre,max_players,universe_id,place_id,found_via,checked_at_utc
1135,1-BEST (MUST BUY),NEW,🐲 Ride A Beast For Eggs!,https://www.roblox.com/games/107027764091621/,,,,,,,136,136,19335,,54,7,2,77.8,7.03,6,2026-09-19,2026-09-25,Group,Egg Hunting Guild,https://www.roblox.com/groups/179163029,817,voidlindon,https://www.roblox.com/users/10375995045/profile,,,,,,,,https://www.facebook.com/roblox/,All,6,10767130438,107027764091621,seedfile:watchlist_history.csv,2026-09-26 02:12
1133,1-BEST (MUST BUY),NEW,DAS H00D [WOW!],https://www.roblox.com/games/73790245633445/,,,,,,,137,137,21047,,82,12,5,70.6,6.51,2,2026-09-23,2026-09-23,User,pzfi8,https://www.roblox.com/users/11349713669/profile,,pzfi8,https://www.roblox.com/users/11349713669/profile,,,,,,,,https://www.facebook.com/roblox/,All,30,10767755166,73790245633445,seedfile:watchlist_history.csv,2026-09-26 02:12
1127,1-BEST (MUST BUY),NEW,Spray & Paint!,https://www.roblox.com/games/73106557118620/,,,,,,,173,173,31959,,1586,33,15,68.8,5.41,21,2026-09-04,2026-09-25,Group,Spray & Paint!,https://www.roblox.com/groups/441191399,33,monoraly,https://www.roblox.com/users/26555906/profile,,,,,https://x.com/DrawAnythingRbx | https://x.com/PixelpulseRBX,,,https://www.facebook.com/roblox/,All,25,10765120275,73106557118620,seedfile:watchlist_history.csv,2026-09-26 02:12
1120,1-BEST (MUST BUY),NEW,How Close Are We? [2 Player Quiz],https://www.roblox.com/games/79330586039163/,,,,,,,108,108,27238,,407,48,60,44.4,3.97,10,2026-09-15,2026-09-18,Group,THE QUIZ COMPANY,https://www.roblox.com/groups/598361827,2513,groupguy5,https://www.roblox.com/users/11714493876/profile,,,,,,,,https://www.facebook.com/roblox/,All,30,10766579308,79330586039163,seedfile:watchlist_history.csv,2026-09-26 02:12
1032,1-BEST (MUST BUY),NEW,Infinite Blocks,https://www.roblox.com/games/74348830510694/,,,,,,,124,124,19599,,80,9,9,50.0,6.33,134,2026-05-14,2026-09-21,Group,Infinite Blocks,https://www.roblox.com/groups/343959868,49612,65hQjarMpSEW27L,https://www.roblox.com/users/10765425423/profile,,,,,,,,https://www.facebook.com/roblox/,All,24,10167786253,74348830510694,seedfile:watchlist_history.csv,2026-09-26 02:12
933,2-GREAT,NEW,[🍬] Swim For Eggs!,https://www.roblox.com/games/113956654824187/,,,,,,,1215,1215,73401,,233,50,24,67.6,16.55,20,2026-09-05,2026-09-19,Group,Blue Turtle Studio,https://www.roblox.com/groups/228719500,77,korbloxwithfedora,https://www.roblox.com/users/51563079/profile,,,,,,,,https://www.facebook.com/roblox/,All,6,10765312940,113956654824187,seedfile:watchlist_history.csv,2026-09-26 02:12
646,3-GOOD,NEW,Cry Baby Outfit Tower,https://www.roblox.com/games/100132365836939/,,,,,,,1130,1130,121745,,15594,220,22,90.9,9.28,13,2026-09-12,2026-09-24,Group,Cry Baby Games,https://www.roblox.com/groups/9100028,11750,supviloes,https://www.roblox.com/users/1950562212/profile,,,,,,,,https://www.facebook.com/roblox/,All,30,10766174914,100132365836939,seedfile:watchlist_history.csv,2026-09-26 02:12
626,3-GOOD,NEW,Draw the Anime!,https://www.roblox.com/games/111623864036776/,,,,,,,865,865,165996,,245,11,62,15.1,5.21,8,2026-09-17,2026-09-24,Group,EX10 Anime,https://www.roblox.com/groups/882980237,52,Existensy,https://www.roblox.com/users/1081802604/profile,,,,,,,,https://www.facebook.com/roblox/,All,24,10766834928,111623864036776,search:drawing,2026-09-26 02:12
266,4-MID,NEW,Ludo Classic 🎲,https://www.roblox.com/games/100988524818303/,,,,,,,887,887,278604,,1663,220,93,70.3,3.18,41,2026-08-15,2026-09-23,Group,Auto Creations!,https://www.roblox.com/groups/261983053,17,Autophilic,https://www.roblox.com/users/726832098/profile,,,,,,,,https://www.facebook.com/roblox/,All,16,10712258231,100988524818303,seedfile:watchlist_history.csv,2026-09-26 02:12
﻿priority_score,tier,new_this_run,title,game_url,has_discord,discord_url,discord_server,discord_members,discord_online,discord_via,active,peak_active_seen,visits,visits_growth_per_day,favorites,likes,dislikes,like_ratio,heat_active_per_1k_visits,age_days,created,last_updated,creator_type,creator_name,creator_url,group_members,owner_name,owner_url,owner_roblox_signal,discord_name_signal,youtube,tiktok,twitter_x,twitch,instagram,other_links,genre,max_players,universe_id,place_id,found_via,checked_at_utc
1345,1-BEST (MUST BUY),NEW,Lift a Verity,https://www.roblox.com/games/138981587079141/,YES,https://discord.gg/dcTCUxHPsH,Lift a Verity,6,0,official game link,271,271,30493,,2483,73,9,89.0,8.89,7,2026-09-18,2026-09-25,Group,and Go Crazy,https://www.roblox.com/groups/222138833,6806,Cheetiify,https://www.roblox.com/users/1222838333/profile,,,,,,,,https://www.facebook.com/roblox/,All,10,10766984985,138981587079141,seedfile:watchlist_history.csv,2026-09-26 02:43
1329,1-BEST (MUST BUY),NEW,[2 ROBUX] Cheap HD Admin Tower,https://www.roblox.com/games/79506689225508/,YES,https://discord.gg/Q7ZKmxb3kW,Floody Ventures,39,3,"owned group socials (same owner, other community): Wonder Towers",180,180,32453,,68,9,5,64.3,5.55,4,2026-09-21,2026-09-22,Group,Penguin Pavilion,https://www.roblox.com/groups/530732032,1128041,tonyglavin12,https://www.roblox.com/users/178071218/profile,,,,,,,,https://www.facebook.com/roblox/,All,38,10767360706,79506689225508,seedfile:watchlist_history.csv,2026-09-26 02:43
1130,1-BEST (MUST BUY),NEW,🐲 Ride A Beast For Eggs!,https://www.roblox.com/games/107027764091621/,,,,,,,120,120,19746,,56,8,2,80.0,6.08,6,2026-09-19,2026-09-25,Group,Egg Hunting Guild,https://www.roblox.com/groups/179163029,836,voidlindon,https://www.roblox.com/users/10375995045/profile,,,,,,,,https://www.facebook.com/roblox/,All,6,10767130438,107027764091621,seedfile:watchlist_history.csv,2026-09-26 02:43
1130,1-BEST (MUST BUY),NEW,DAS H00D [WOW!],https://www.roblox.com/games/73790245633445/,,,,,,,128,128,21306,,83,12,5,70.6,6.01,2,2026-09-23,2026-09-23,User,pzfi8,https://www.roblox.com/users/11349713669/profile,,pzfi8,https://www.roblox.com/users/11349713669/profile,,,,,,,,https://www.facebook.com/roblox/,All,30,10767755166,73790245633445,seedfile:watchlist_history.csv,2026-09-26 02:43
1125,1-BEST (MUST BUY),NEW,Spray & Paint!,https://www.roblox.com/games/73106557118620/,,,,,,,160,160,32570,,1635,33,15,68.8,4.91,21,2026-09-04,2026-09-25,Group,Spray & Paint!,https://www.roblox.com/groups/441191399,33,monoraly,https://www.roblox.com/users/26555906/profile,,,,,https://x.com/DrawAnythingRbx | https://x.com/PixelpulseRBX,,,https://www.facebook.com/roblox/,All,25,10765120275,73106557118620,seedfile:watchlist_history.csv,2026-09-26 02:43
1037,1-BEST (MUST BUY),NEW,Infinite Blocks,https://www.roblox.com/games/74348830510694/,,,,,,,146,146,19951,,81,9,9,50.0,7.32,134,2026-05-14,2026-09-21,Group,Infinite Blocks,https://www.roblox.com/groups/343959868,49613,65hQjarMpSEW27L,https://www.roblox.com/users/10765425423/profile,,,,,,,,https://www.facebook.com/roblox/,All,24,10167786253,74348830510694,seedfile:watchlist_history.csv,2026-09-26 02:43
929,2-GREAT,NEW,[🍬] Swim For Eggs!,https://www.roblox.com/games/113956654824187/,,,,,,,1195,1195,75507,,245,50,24,67.6,15.83,20,2026-09-05,2026-09-19,Group,Blue Turtle Studio,https://www.roblox.com/groups/228719500,81,korbloxwithfedora,https://www.roblox.com/users/51563079/profile,,,,,,,,https://www.facebook.com/roblox/,All,6,10765312940,113956654824187,seedfile:watchlist_history.csv,2026-09-26 02:43
646,3-GOOD,NEW,Cry Baby Outfit Tower,https://www.roblox.com/games/100132365836939/,,,,,,,1165,1165,127052,,16330,220,22,90.9,9.17,13,2026-09-12,2026-09-24,Group,Cry Baby Games,https://www.roblox.com/groups/9100028,12254,supviloes,https://www.roblox.com/users/1950562212/profile,,,,,,,,https://www.facebook.com/roblox/,All,30,10766174914,100132365836939,seedfile:watchlist_history.csv,2026-09-26 02:43
266,4-MID,NEW,Ludo Classic 🎲,https://www.roblox.com/games/100988524818303/,,,,,,,910,910,280371,,1675,220,93,70.3,3.25,41,2026-08-15,2026-09-23,Group,Auto Creations!,https://www.roblox.com/groups/261983053,17,Autophilic,https://www.roblox.com/users/726832098/profile,,,,,,,,https://www.facebook.com/roblox/,All,16,10712258231,100988524818303,seedfile:watchlist_history.csv,2026-09-26 02:43
﻿priority_score,tier,new_this_run,title,game_url,has_discord,discord_url,discord_server,discord_members,discord_online,discord_via,active,peak_active_seen,visits,visits_growth_per_day,favorites,likes,dislikes,like_ratio,heat_active_per_1k_visits,age_days,created,last_updated,creator_type,creator_name,creator_url,group_members,owner_name,owner_url,owner_roblox_signal,discord_name_signal,youtube,tiktok,twitter_x,twitch,instagram,other_links,genre,max_players,universe_id,place_id,found_via,checked_at_utc
1129,1-BEST (MUST BUY),NEW,DAS H00D [WOW!],https://www.roblox.com/games/73790245633445/,,,,,,,123,123,21543,,84,12,5,70.6,5.71,2,2026-09-23,2026-09-23,User,pzfi8,https://www.roblox.com/users/11349713669/profile,,pzfi8,https://www.roblox.com/users/11349713669/profile,,,,,,,,https://www.facebook.com/roblox/,All,30,10767755166,73790245633445,seedfile:watchlist_history.csv,2026-09-26 03:13
1128,1-BEST (MUST BUY),NEW,🐲 Ride A Beast For Eggs!,https://www.roblox.com/games/107027764091621/,,,,,,,113,113,20119,,56,8,2,80.0,5.62,6,2026-09-19,2026-09-25,Group,Egg Hunting Guild,https://www.roblox.com/groups/179163029,858,voidlindon,https://www.roblox.com/users/10375995045/profile,,,,,,,,https://www.facebook.com/roblox/,All,6,10767130438,107027764091621,seedfile:watchlist_history.csv,2026-09-26 03:13
1122,1-BEST (MUST BUY),NEW,Spray & Paint!,https://www.roblox.com/games/73106557118620/,,,,,,,143,143,33134,,1686,33,15,68.8,4.32,21,2026-09-04,2026-09-25,Group,Spray & Paint!,https://www.roblox.com/groups/441191399,33,monoraly,https://www.roblox.com/users/26555906/profile,,,,,https://x.com/DrawAnythingRbx | https://x.com/PixelpulseRBX,,,https://www.facebook.com/roblox/,All,25,10765120275,73106557118620,seedfile:watchlist_history.csv,2026-09-26 03:13
1025,1-BEST (MUST BUY),NEW,Infinite Blocks,https://www.roblox.com/games/74348830510694/,,,,,,,101,101,20251,,81,9,9,50.0,4.99,134,2026-05-14,2026-09-21,Group,Infinite Blocks,https://www.roblox.com/groups/343959868,49613,65hQjarMpSEW27L,https://www.roblox.com/users/10765425423/profile,,,,,,,,https://www.facebook.com/roblox/,All,24,10167786253,74348830510694,seedfile:watchlist_history.csv,2026-09-26 03:13
932,2-GREAT,NEW,[🍬] Swim For Eggs!,https://www.roblox.com/games/113956654824187/,,,,,,,1271,1271,77547,,250,53,27,66.2,16.39,20,2026-09-05,2026-09-19,Group,Blue Turtle Studio,https://www.roblox.com/groups/228719500,89,korbloxwithfedora,https://www.roblox.com/users/51563079/profile,,,,,,,,https://www.facebook.com/roblox/,All,6,10765312940,113956654824187,seedfile:watchlist_history.csv,2026-09-26 03:13
640,3-GOOD,NEW,Cry Baby Outfit Tower,https://www.roblox.com/games/100132365836939/,,,,,,,1051,1051,131759,,16939,221,22,90.9,7.98,13,2026-09-12,2026-09-24,Group,Cry Baby Games,https://www.roblox.com/groups/9100028,12714,supviloes,https://www.roblox.com/users/1950562212/profile,,,,,,,,https://www.facebook.com/roblox/,All,30,10766174914,100132365836939,seedfile:watchlist_history.csv,2026-09-26 03:13
266,4-MID,NEW,Ludo Classic 🎲,https://www.roblox.com/games/100988524818303/,,,,,,,881,881,281897,,1684,221,93,70.4,3.13,41,2026-08-15,2026-09-23,Group,Auto Creations!,https://www.roblox.com/groups/261983053,17,Autophilic,https://www.roblox.com/users/726832098/profile,,,,,,,,https://www.facebook.com/roblox/,All,16,10712258231,100988524818303,seedfile:watchlist_history.csv,2026-09-26 03:13
﻿priority_score,tier,new_this_run,title,game_url,has_discord,discord_url,discord_server,discord_members,discord_online,discord_via,active,peak_active_seen,visits,visits_growth_per_day,favorites,likes,dislikes,like_ratio,heat_active_per_1k_visits,age_days,created,last_updated,creator_type,creator_name,creator_url,group_members,owner_name,owner_url,owner_roblox_signal,discord_name_signal,youtube,tiktok,twitter_x,twitch,instagram,other_links,genre,max_players,universe_id,place_id,found_via,checked_at_utc
1136,1-BEST (MUST BUY),NEW,🐲 Ride A Beast For Eggs!,https://www.roblox.com/games/107027764091621/,,,,,,,150,150,20537,,56,9,2,81.8,7.3,6,2026-09-19,2026-09-25,Group,Egg Hunting Guild,https://www.roblox.com/groups/179163029,869,voidlindon,https://www.roblox.com/users/10375995045/profile,,,,,,,,https://www.facebook.com/roblox/,All,6,10767130438,107027764091621,seedfile:watchlist_history.csv,2026-09-26 03:44
1131,1-BEST (MUST BUY),NEW,DAS H00D [WOW!],https://www.roblox.com/games/73790245633445/,,,,,,,137,137,21895,,84,12,5,70.6,6.26,2,2026-09-23,2026-09-23,User,pzfi8,https://www.roblox.com/users/11349713669/profile,,pzfi8,https://www.roblox.com/users/11349713669/profile,,,,,,,,https://www.facebook.com/roblox/,All,30,10767755166,73790245633445,seedfile:watchlist_history.csv,2026-09-26 03:44
1120,1-BEST (MUST BUY),NEW,How Close Are We? [2 Player Quiz],https://www.roblox.com/games/79330586039163/,,,,,,,111,111,28446,,411,48,62,43.6,3.9,10,2026-09-15,2026-09-18,Group,THE QUIZ COMPANY,https://www.roblox.com/groups/598361827,2676,groupguy5,https://www.roblox.com/users/11714493876/profile,,,,,,,,https://www.facebook.com/roblox/,All,30,10766579308,79330586039163,seedfile:watchlist_history.csv,2026-09-26 03:44
1119,1-BEST (MUST BUY),NEW,Spray & Paint!,https://www.roblox.com/games/73106557118620/,,,,,,,128,128,33651,,1733,33,15,68.8,3.8,21,2026-09-04,2026-09-25,Group,Spray & Paint!,https://www.roblox.com/groups/441191399,33,monoraly,https://www.roblox.com/users/26555906/profile,,,,,https://x.com/DrawAnythingRbx | https://x.com/PixelpulseRBX,,,https://www.facebook.com/roblox/,All,25,10765120275,73106557118620,seedfile:watchlist_history.csv,2026-09-26 03:44
935,2-GREAT,NEW,[🍬] Swim For Eggs!,https://www.roblox.com/games/113956654824187/,,,,,,,1350,1350,79846,,261,55,28,66.3,16.91,20,2026-09-05,2026-09-19,Group,Blue Turtle Studio,https://www.roblox.com/groups/228719500,92,korbloxwithfedora,https://www.roblox.com/users/51563079/profile,,,,,,,,https://www.facebook.com/roblox/,All,6,10765312940,113956654824187,seedfile:watchlist_history.csv,2026-09-26 03:44
633,3-GOOD,NEW,Cry Baby Outfit Tower,https://www.roblox.com/games/100132365836939/,,,,,,,910,910,136185,,17491,223,23,90.7,6.68,13,2026-09-12,2026-09-24,Group,Cry Baby Games,https://www.roblox.com/groups/9100028,13124,supviloes,https://www.roblox.com/users/1950562212/profile,,,,,,,,https://www.facebook.com/roblox/,All,30,10766174914,100132365836939,seedfile:watchlist_history.csv,2026-09-26 03:44
﻿priority_score,tier,new_this_run,title,game_url,has_discord,discord_url,discord_server,discord_members,discord_online,discord_via,active,peak_active_seen,visits,visits_growth_per_day,favorites,likes,dislikes,like_ratio,heat_active_per_1k_visits,age_days,created,last_updated,creator_type,creator_name,creator_url,group_members,owner_name,owner_url,owner_roblox_signal,discord_name_signal,youtube,tiktok,twitter_x,twitch,instagram,other_links,genre,max_players,universe_id,place_id,found_via,checked_at_utc
1135,1-BEST (MUST BUY),NEW,DAS H00D [WOW!],https://www.roblox.com/games/73790245633445/,,,,,,,157,157,22203,,84,12,5,70.6,7.07,2,2026-09-23,2026-09-23,User,pzfi8,https://www.roblox.com/users/11349713669/profile,,pzfi8,https://www.roblox.com/users/11349713669/profile,,,,,,,,https://www.facebook.com/roblox/,All,30,10767755166,73790245633445,seedfile:watchlist_history.csv,2026-09-26 04:12
1131,1-BEST (MUST BUY),NEW,🐲 Ride A Beast For Eggs!,https://www.roblox.com/games/107027764091621/,,,,,,,128,128,20913,,56,9,2,81.8,6.12,6,2026-09-19,2026-09-25,Group,Egg Hunting Guild,https://www.roblox.com/groups/179163029,898,voidlindon,https://www.roblox.com/users/10375995045/profile,,,,,,,,https://www.facebook.com/roblox/,All,6,10767130438,107027764091621,seedfile:watchlist_history.csv,2026-09-26 04:12
1120,1-BEST (MUST BUY),NEW,Spray & Paint!,https://www.roblox.com/games/73106557118620/,,,,,,,138,138,34072,,1765,33,15,68.8,4.05,21,2026-09-04,2026-09-25,Group,Spray & Paint!,https://www.roblox.com/groups/441191399,33,monoraly,https://www.roblox.com/users/26555906/profile,,,,,https://x.com/DrawAnythingRbx | https://x.com/PixelpulseRBX,,,https://www.facebook.com/roblox/,All,25,10765120275,73106557118620,seedfile:watchlist_history.csv,2026-09-26 04:12
1029,1-BEST (MUST BUY),NEW,Infinite Blocks,https://www.roblox.com/games/74348830510694/,,,,,,,120,120,20867,,83,9,9,50.0,5.75,134,2026-05-14,2026-09-21,Group,Infinite Blocks,https://www.roblox.com/groups/343959868,49615,65hQjarMpSEW27L,https://www.roblox.com/users/10765425423/profile,,,,,,,,https://www.facebook.com/roblox/,All,24,10167786253,74348830510694,seedfile:watchlist_history.csv,2026-09-26 04:12
932,2-GREAT,NEW,[🍬] Swim For Eggs!,https://www.roblox.com/games/113956654824187/,,,,,,,1338,1338,82008,,272,56,29,65.9,16.32,20,2026-09-05,2026-09-19,Group,Blue Turtle Studio,https://www.roblox.com/groups/228719500,98,korbloxwithfedora,https://www.roblox.com/users/51563079/profile,,,,,,,,https://www.facebook.com/roblox/,All,6,10765312940,113956654824187,seedfile:watchlist_history.csv,2026-09-26 04:12
﻿priority_score,tier,new_this_run,title,game_url,has_discord,discord_url,discord_server,discord_members,discord_online,discord_via,active,peak_active_seen,visits,visits_growth_per_day,favorites,likes,dislikes,like_ratio,heat_active_per_1k_visits,age_days,created,last_updated,creator_type,creator_name,creator_url,group_members,owner_name,owner_url,owner_roblox_signal,discord_name_signal,youtube,tiktok,twitter_x,twitch,instagram,other_links,genre,max_players,universe_id,place_id,found_via,checked_at_utc
1402,1-BEST (MUST BUY),NEW,Build and Launch TNT,https://www.roblox.com/games/86380649920839/,YES,https://discord.gg/hJsjQJpQFZ,xylo stuff games,48,19,"owned group socials (same owner, other community): xylo stuff",264,264,13015,,980,32,3,91.4,20.28,13,2026-09-12,2026-09-26,Group,Explosions & Stuff,https://www.roblox.com/groups/693920050,83,Xylomata,https://www.roblox.com/users/1383129152/profile,,,,,,,,https://www.facebook.com/roblox/,All,8,10766217356,86380649920839,search:launch,2026-09-26 04:44
1300,1-BEST (MUST BUY),NEW,[NEW] Don't Steal Too Much ,https://www.roblox.com/games/134179332960560/,,,,,,,140,140,1790,,14,6,2,75.0,78.21,4,2026-09-22,2026-09-26,Group,Greediest Gamers,https://www.roblox.com/groups/785724890,40,RaymanTheGardener,https://www.roblox.com/users/8654218480/profile,,,,,,,,https://www.facebook.com/roblox/,All,8,10767558495,134179332960560,seedfile:watchlist_history.csv,2026-09-26 04:44
1134,1-BEST (MUST BUY),NEW,🐲 Ride A Beast For Eggs!,https://www.roblox.com/games/107027764091621/,,,,,,,146,146,21352,,56,9,2,81.8,6.84,6,2026-09-19,2026-09-25,Group,Egg Hunting Guild,https://www.roblox.com/groups/179163029,918,voidlindon,https://www.roblox.com/users/10375995045/profile,,,,,,,,https://www.facebook.com/roblox/,All,6,10767130438,107027764091621,seedfile:watchlist_history.csv,2026-09-26 04:44
1134,1-BEST (MUST BUY),NEW,DAS H00D [WOW!],https://www.roblox.com/games/73790245633445/,,,,,,,154,154,22543,,84,12,5,70.6,6.83,2,2026-09-23,2026-09-23,User,pzfi8,https://www.roblox.com/users/11349713669/profile,,pzfi8,https://www.roblox.com/users/11349713669/profile,,,,,,,,https://www.facebook.com/roblox/,All,30,10767755166,73790245633445,seedfile:watchlist_history.csv,2026-09-26 04:43
1116,1-BEST (MUST BUY),NEW,Spray & Paint!,https://www.roblox.com/games/73106557118620/,,,,,,,111,111,34511,,1800,34,16,68.0,3.22,21,2026-09-04,2026-09-25,Group,Spray & Paint!,https://www.roblox.com/groups/441191399,33,monoraly,https://www.roblox.com/users/26555906/profile,,,,,https://x.com/DrawAnythingRbx | https://x.com/PixelpulseRBX,,,https://www.facebook.com/roblox/,All,25,10765120275,73106557118620,seedfile:watchlist_history.csv,2026-09-26 04:44
1030,1-BEST (MUST BUY),NEW,Infinite Blocks,https://www.roblox.com/games/74348830510694/,,,,,,,126,126,21162,,83,9,9,50.0,5.95,134,2026-05-14,2026-09-21,Group,Infinite Blocks,https://www.roblox.com/groups/343959868,49615,65hQjarMpSEW27L,https://www.roblox.com/users/10765425423/profile,,,,,,,,https://www.facebook.com/roblox/,All,24,10167786253,74348830510694,seedfile:watchlist_history.csv,2026-09-26 04:43
934,2-GREAT,NEW,[🍬] Swim For Eggs!,https://www.roblox.com/games/113956654824187/,,,,,,,1424,1424,84347,,276,57,31,64.8,16.88,20,2026-09-05,2026-09-19,Group,Blue Turtle Studio,https://www.roblox.com/groups/228719500,101,korbloxwithfedora,https://www.roblox.com/users/51563079/profile,,,,,,,,https://www.facebook.com/roblox/,All,6,10765312940,113956654824187,seedfile:watchlist_history.csv,2026-09-26 04:44
﻿priority_score,tier,new_this_run,title,game_url,has_discord,discord_url,discord_server,discord_members,discord_online,discord_via,active,peak_active_seen,visits,visits_growth_per_day,favorites,likes,dislikes,like_ratio,heat_active_per_1k_visits,age_days,created,last_updated,creator_type,creator_name,creator_url,group_members,owner_name,owner_url,owner_roblox_signal,discord_name_signal,youtube,tiktok,twitter_x,twitch,instagram,other_links,genre,max_players,universe_id,place_id,found_via,checked_at_utc
1332,1-BEST (MUST BUY),NEW,My Mining Animals,https://www.roblox.com/games/85098252172844/,YES,https://discord.gg/ttVqNJYgAe,Sword RNG ⚔,84,7,"owned group socials (same owner, other community): RNG Byte",227,227,37656,,94,19,3,86.4,6.03,22,2026-09-03,2026-09-25,Group,BrazilianByte,https://www.roblox.com/groups/962837501,1795,BlazeFlame_Games,https://www.roblox.com/users/4971325557/profile,,,https://youtube.com/@Sword_RNG,,,,,https://www.facebook.com/roblox/,All,5,10764994156,85098252172844,seedfile:watchlist_history.csv,2026-09-26 05:08
1300,1-BEST (MUST BUY),NEW,[NEW] Don't Steal Too Much ,https://www.roblox.com/games/134179332960560/,,,,,,,229,229,2649,,19,6,3,66.7,86.45,4,2026-09-22,2026-09-26,Group,Greediest Gamers,https://www.roblox.com/groups/785724890,76,RaymanTheGardener,https://www.roblox.com/users/8654218480/profile,,,,,,,,https://www.facebook.com/roblox/,All,8,10767558495,134179332960560,seedfile:watchlist_history.csv,2026-09-26 05:08
1132,1-BEST (MUST BUY),NEW,DAS H00D [WOW!],https://www.roblox.com/games/73790245633445/,,,,,,,145,145,22763,,84,12,5,70.6,6.37,2,2026-09-23,2026-09-23,User,pzfi8,https://www.roblox.com/users/11349713669/profile,,pzfi8,https://www.roblox.com/users/11349713669/profile,,,,,,,,https://www.facebook.com/roblox/,All,30,10767755166,73790245633445,seedfile:watchlist_history.csv,2026-09-26 05:08
1130,1-BEST (MUST BUY),NEW,🐲 Ride A Beast For Eggs!,https://www.roblox.com/games/107027764091621/,,,,,,,131,131,21690,,56,9,2,81.8,6.04,6,2026-09-19,2026-09-26,Group,Egg Hunting Guild,https://www.roblox.com/groups/179163029,938,voidlindon,https://www.roblox.com/users/10375995045/profile,,,,,,,,https://www.facebook.com/roblox/,All,6,10767130438,107027764091621,seedfile:watchlist_history.csv,2026-09-26 05:08
1115,1-BEST (MUST BUY),NEW,Spray & Paint!,https://www.roblox.com/games/73106557118620/,,,,,,,102,102,34835,,1826,34,16,68.0,2.93,21,2026-09-04,2026-09-25,Group,Spray & Paint!,https://www.roblox.com/groups/441191399,33,monoraly,https://www.roblox.com/users/26555906/profile,,,,,https://x.com/DrawAnythingRbx | https://x.com/PixelpulseRBX,,,https://www.facebook.com/roblox/,All,25,10765120275,73106557118620,seedfile:watchlist_history.csv,2026-09-26 05:08
1029,1-BEST (MUST BUY),NEW,Infinite Blocks,https://www.roblox.com/games/74348830510694/,,,,,,,122,122,21382,,83,9,9,50.0,5.71,134,2026-05-14,2026-09-21,Group,Infinite Blocks,https://www.roblox.com/groups/343959868,49616,65hQjarMpSEW27L,https://www.roblox.com/users/10765425423/profile,,,,,,,,https://www.facebook.com/roblox/,All,24,10167786253,74348830510694,seedfile:watchlist_history.csv,2026-09-26 05:08
932,2-GREAT,NEW,[🍬] Swim For Eggs!,https://www.roblox.com/games/113956654824187/,,,,,,,1410,1410,86235,,284,60,31,65.9,16.35,20,2026-09-05,2026-09-19,Group,Blue Turtle Studio,https://www.roblox.com/groups/228719500,105,korbloxwithfedora,https://www.roblox.com/users/51563079/profile,,,,,,,,https://www.facebook.com/roblox/,All,6,10765312940,113956654824187,seedfile:watchlist_history.csv,2026-09-26 05:08
﻿priority_score,tier,new_this_run,title,game_url,has_discord,discord_url,discord_server,discord_members,discord_online,discord_via,active,peak_active_seen,visits,visits_growth_per_day,favorites,likes,dislikes,like_ratio,heat_active_per_1k_visits,age_days,created,last_updated,creator_type,creator_name,creator_url,group_members,owner_name,owner_url,owner_roblox_signal,discord_name_signal,youtube,tiktok,twitter_x,twitch,instagram,other_links,genre,max_players,universe_id,place_id,found_via,checked_at_utc
1320,1-BEST (MUST BUY),NEW,My Mining Animals,https://www.roblox.com/games/85098252172844/,YES,https://discord.gg/ttVqNJYgAe,Sword RNG ⚔,84,7,"owned group socials (same owner, other community): RNG Byte",138,138,37913,,95,19,3,86.4,3.64,22,2026-09-03,2026-09-25,Group,BrazilianByte,https://www.roblox.com/groups/962837501,1812,BlazeFlame_Games,https://www.roblox.com/users/4971325557/profile,,,https://youtube.com/@Sword_RNG,,,,,https://www.facebook.com/roblox/,All,5,10764994156,85098252172844,seedfile:watchlist_history.csv,2026-09-26 05:20
1300,1-BEST (MUST BUY),NEW,[NEW] Don't Steal Too Much ,https://www.roblox.com/games/134179332960560/,,,,,,,327,327,3265,,22,6,3,66.7,100.15,4,2026-09-22,2026-09-26,Group,Greediest Gamers,https://www.roblox.com/groups/785724890,103,RaymanTheGardener,https://www.roblox.com/users/8654218480/profile,,,,,,,,https://www.facebook.com/roblox/,All,8,10767558495,134179332960560,seedfile:watchlist_history.csv,2026-09-26 05:20
1133,1-BEST (MUST BUY),NEW,🐲 Ride A Beast For Eggs!,https://www.roblox.com/games/107027764091621/,,,,,,,145,145,21858,,56,9,2,81.8,6.63,6,2026-09-19,2026-09-26,Group,Egg Hunting Guild,https://www.roblox.com/groups/179163029,946,voidlindon,https://www.roblox.com/users/10375995045/profile,,,,,,,,https://www.facebook.com/roblox/,All,6,10767130438,107027764091621,seedfile:watchlist_history.csv,2026-09-26 05:20
1129,1-BEST (MUST BUY),NEW,DAS H00D [WOW!],https://www.roblox.com/games/73790245633445/,,,,,,,133,133,22895,,84,12,5,70.6,5.81,2,2026-09-23,2026-09-23,User,pzfi8,https://www.roblox.com/users/11349713669/profile,,pzfi8,https://www.roblox.com/users/11349713669/profile,,,,,,,,https://www.facebook.com/roblox/,All,30,10767755166,73790245633445,seedfile:watchlist_history.csv,2026-09-26 05:20
1114,1-BEST (MUST BUY),NEW,Spray & Paint!,https://www.roblox.com/games/73106557118620/,,,,,,,101,101,34984,,1836,34,16,68.0,2.89,21,2026-09-04,2026-09-25,Group,Spray & Paint!,https://www.roblox.com/groups/441191399,33,monoraly,https://www.roblox.com/users/26555906/profile,,,,,https://x.com/DrawAnythingRbx | https://x.com/PixelpulseRBX,,,https://www.facebook.com/roblox/,All,25,10765120275,73106557118620,seedfile:watchlist_history.csv,2026-09-26 05:20
1025,1-BEST (MUST BUY),NEW,Infinite Blocks,https://www.roblox.com/games/74348830510694/,,,,,,,107,107,21534,,83,9,9,50.0,4.97,134,2026-05-14,2026-09-21,Group,Infinite Blocks,https://www.roblox.com/groups/343959868,49616,65hQjarMpSEW27L,https://www.roblox.com/users/10765425423/profile,,,,,,,,https://www.facebook.com/roblox/,All,24,10167786253,74348830510694,seedfile:watchlist_history.csv,2026-09-26 05:20
936,2-GREAT,NEW,[🍬] Swim For Eggs!,https://www.roblox.com/games/113956654824187/,,,,,,,1500,1500,87352,,290,63,31,67.0,17.17,20,2026-09-05,2026-09-19,Group,Blue Turtle Studio,https://www.roblox.com/groups/228719500,109,korbloxwithfedora,https://www.roblox.com/users/51563079/profile,,,,,,,,https://www.facebook.com/roblox/,All,6,10765312940,113956654824187,seedfile:watchlist_history.csv,2026-09-26 05:20
498,4-MID,NEW,Word Hunt🔍 ,https://www.roblox.com/games/124369430681784/,YES,https://discord.gg/YGENw9JENx,Puzzle Empire,1781,104,official group link: Puzzle Empire.,1139,1139,448688,,8685,299,82,78.5,2.54,198,2026-03-11,2026-09-26,Group,Puzzle Empire.,https://www.roblox.com/groups/34241464,1951929,Beamozx,https://www.roblox.com/users/1790165114/profile,,,,,,,,https://www.facebook.com/roblox/,All,12,9865931248,124369430681784,sort:Trending in Puzzle,2026-09-26 05:20
274,4-MID,NEW,[CO-OP] Plant & Steal 🌱,https://www.roblox.com/games/93801483388308/,,,,,,,1016,1016,208250,,8595,929,126,88.1,4.88,31,2026-08-25,2026-09-26,Group,MILLOLL GAMES,https://www.roblox.com/groups/232168992,89946,olleboIIe,https://www.roblox.com/users/83036305/profile,,,,,,,,https://www.facebook.com/roblox/,All,6,10760891576,93801483388308,rec:10753796828,2026-09-26 05:20
﻿priority_score,tier,new_this_run,title,game_url,has_discord,discord_url,discord_server,discord_members,discord_online,discord_via,active,peak_active_seen,visits,visits_growth_per_day,favorites,likes,dislikes,like_ratio,heat_active_per_1k_visits,age_days,created,last_updated,creator_type,creator_name,creator_url,group_members,owner_name,owner_url,owner_roblox_signal,discord_name_signal,youtube,tiktok,twitter_x,twitch,instagram,other_links,genre,max_players,universe_id,place_id,found_via,checked_at_utc
1292,1-BEST (MUST BUY),NEW,[NEW] Don't Steal Too Much ,https://www.roblox.com/games/134179332960560/,,,,,,,165,165,4297,,25,6,4,60.0,38.4,4,2026-09-22,2026-09-26,Group,Greediest Gamers,https://www.roblox.com/groups/785724890,145,RaymanTheGardener,https://www.roblox.com/users/8654218480/profile,,,,,,,,https://www.facebook.com/roblox/,All,8,10767558495,134179332960560,seedfile:watchlist_history.csv,2026-09-26 05:43
1145,1-BEST (MUST BUY),NEW,Swim for Speed,https://www.roblox.com/games/126752325445596/,,,,,,,184,184,20333,,55,48,9,84.2,9.05,10,2026-09-15,2026-09-25,Group,Fish Collecting,https://www.roblox.com/groups/918702304,13,bozofox11,https://www.roblox.com/users/8788502743/profile,,,,,,,,https://www.facebook.com/roblox/,All,6,10766580704,126752325445596,seedfile:watchlist_history.csv,2026-09-26 05:43
1136,1-BEST (MUST BUY),NEW,🐲 Ride A Beast For Eggs!,https://www.roblox.com/games/107027764091621/,,,,,,,158,158,22197,,56,9,2,81.8,7.12,6,2026-09-19,2026-09-26,Group,Egg Hunting Guild,https://www.roblox.com/groups/179163029,971,voidlindon,https://www.roblox.com/users/10375995045/profile,,,,,,,,https://www.facebook.com/roblox/,All,6,10767130438,107027764091621,seedfile:watchlist_history.csv,2026-09-26 05:43
1124,1-BEST (MUST BUY),NEW,DAS H00D [WOW!],https://www.roblox.com/games/73790245633445/,,,,,,,111,111,23079,,84,12,5,70.6,4.81,2,2026-09-23,2026-09-23,User,pzfi8,https://www.roblox.com/users/11349713669/profile,,pzfi8,https://www.roblox.com/users/11349713669/profile,,,,,,,,https://www.facebook.com/roblox/,All,30,10767755166,73790245633445,seedfile:watchlist_history.csv,2026-09-26 05:43
1116,1-BEST (MUST BUY),NEW,Spray & Paint!,https://www.roblox.com/games/73106557118620/,,,,,,,112,112,35236,,1855,34,16,68.0,3.18,21,2026-09-04,2026-09-25,Group,Spray & Paint!,https://www.roblox.com/groups/441191399,33,monoraly,https://www.roblox.com/users/26555906/profile,,,,,https://x.com/DrawAnythingRbx | https://x.com/PixelpulseRBX,,,https://www.facebook.com/roblox/,All,25,10765120275,73106557118620,seedfile:watchlist_history.csv,2026-09-26 05:43
1023,1-BEST (MUST BUY),NEW,Infinite Blocks,https://www.roblox.com/games/74348830510694/,,,,,,,101,101,21733,,84,9,9,50.0,4.65,134,2026-05-14,2026-09-21,Group,Infinite Blocks,https://www.roblox.com/groups/343959868,49616,65hQjarMpSEW27L,https://www.roblox.com/users/10765425423/profile,,,,,,,,https://www.facebook.com/roblox/,All,24,10167786253,74348830510694,seedfile:watchlist_history.csv,2026-09-26 05:43
939,2-GREAT,NEW,[🍬] Swim For Eggs!,https://www.roblox.com/games/113956654824187/,,,,,,,1596,1596,89237,,296,64,33,66.0,17.88,20,2026-09-05,2026-09-26,Group,Blue Turtle Studio,https://www.roblox.com/groups/228719500,117,korbloxwithfedora,https://www.roblox.com/users/51563079/profile,,,,,,,,https://www.facebook.com/roblox/,All,6,10765312940,113956654824187,seedfile:watchlist_history.csv,2026-09-26 05:43
﻿priority_score,tier,new_this_run,title,game_url,has_discord,discord_url,discord_server,discord_members,discord_online,discord_via,active,peak_active_seen,visits,visits_growth_per_day,favorites,likes,dislikes,like_ratio,heat_active_per_1k_visits,age_days,created,last_updated,creator_type,creator_name,creator_url,group_members,owner_name,owner_url,owner_roblox_signal,discord_name_signal,youtube,tiktok,twitter_x,twitch,instagram,other_links,genre,max_players,universe_id,place_id,found_via,checked_at_utc
1458,1-BEST (MUST BUY),NEW,Fight Noobs for Treasure!,https://www.roblox.com/games/93406282410536/,YES,https://discord.gg/xrruZg4DnN,Albanian Bloxxers,342,35,official game link,326,326,10761,,39,8,3,72.7,30.29,20,2026-09-05,2026-09-26,Group,Anti Noob Action,https://www.roblox.com/groups/678638724,14,soydev1112,https://www.roblox.com/users/8839297805/profile,,,,,,,,https://www.facebook.com/roblox/,All,15,10765242382,93406282410536,seedfile:watchlist_history.csv,2026-09-26 06:12
1232,1-BEST (MUST BUY),NEW,[NEW] Don't Steal Too Much ,https://www.roblox.com/games/134179332960560/,,,,,,,123,123,4649,,30,8,4,66.7,26.46,4,2026-09-22,2026-09-26,Group,Greediest Gamers,https://www.roblox.com/groups/785724890,149,RaymanTheGardener,https://www.roblox.com/users/8654218480/profile,,,,,,,,https://www.facebook.com/roblox/,All,8,10767558495,134179332960560,seedfile:watchlist_history.csv,2026-09-26 06:12
1148,1-BEST (MUST BUY),NEW,🐲 Ride A Beast For Eggs!,https://www.roblox.com/games/107027764091621/,,,,,,,218,218,22623,,57,9,2,81.8,9.64,6,2026-09-19,2026-09-26,Group,Egg Hunting Guild,https://www.roblox.com/groups/179163029,1005,voidlindon,https://www.roblox.com/users/10375995045/profile,,,,,,,,https://www.facebook.com/roblox/,All,6,10767130438,107027764091621,seedfile:watchlist_history.csv,2026-09-26 06:12
1119,1-BEST (MUST BUY),NEW,[🐟🍣] Fish Farm Sushi,https://www.roblox.com/games/133644227090327/,,,,,,,121,121,31224,,3479,33,2,94.3,3.88,4,2026-09-21,2026-09-25,Group,Cubic_Games,https://www.roblox.com/groups/419791825,55212,Cubic_G4mes,https://www.roblox.com/users/10248332038/profile,,,,,,,,https://www.facebook.com/roblox/,All,6,10767391441,133644227090327,seedfile:watchlist_history.csv,2026-09-26 06:12
1116,1-BEST (MUST BUY),NEW,Spray & Paint!,https://www.roblox.com/games/73106557118620/,,,,,,,111,111,35594,,1888,34,16,68.0,3.12,21,2026-09-04,2026-09-25,Group,Spray & Paint!,https://www.roblox.com/groups/441191399,36,monoraly,https://www.roblox.com/users/26555906/profile,,,,,https://x.com/DrawAnythingRbx | https://x.com/PixelpulseRBX,,,https://www.facebook.com/roblox/,All,25,10765120275,73106557118620,seedfile:watchlist_history.csv,2026-09-26 06:12
1023,1-BEST (MUST BUY),NEW,Infinite Blocks,https://www.roblox.com/games/74348830510694/,,,,,,,102,102,22020,,87,9,9,50.0,4.63,134,2026-05-14,2026-09-21,Group,Infinite Blocks,https://www.roblox.com/groups/343959868,49616,65hQjarMpSEW27L,https://www.roblox.com/users/10765425423/profile,,,,,,,,https://www.facebook.com/roblox/,All,24,10167786253,74348830510694,seedfile:watchlist_history.csv,2026-09-26 06:12
936,2-GREAT,NEW,[🍬] Swim For Eggs!,https://www.roblox.com/games/113956654824187/,,,,,,,1587,1587,91874,,302,65,35,65.0,17.27,20,2026-09-05,2026-09-26,Group,Blue Turtle Studio,https://www.roblox.com/groups/228719500,121,korbloxwithfedora,https://www.roblox.com/users/51563079/profile,,,,,,,,https://www.facebook.com/roblox/,All,6,10765312940,113956654824187,seedfile:watchlist_history.csv,2026-09-26 06:12
521,4-MID,NEW,[Feeling🎶] Dance Troll Tower,https://www.roblox.com/games/86827142669824/,YES,https://discord.gg/44UjDbZwcu,JEMOKERS,2570,81,official group link: JEMO DANCE,943,943,245805,,22977,120,21,85.1,3.84,40,2026-08-16,2026-09-25,Group,JEMO DANCE,https://www.roblox.com/groups/93284906,75396,Jemorblx,https://www.roblox.com/users/11409173118/profile,,,,,,,,https://www.facebook.com/roblox/,All,32,10720818424,86827142669824,search:dance,2026-09-26 06:12
﻿priority_score,tier,new_this_run,title,game_url,has_discord,discord_url,discord_server,discord_members,discord_online,discord_via,active,peak_active_seen,visits,visits_growth_per_day,favorites,likes,dislikes,like_ratio,heat_active_per_1k_visits,age_days,created,last_updated,creator_type,creator_name,creator_url,group_members,owner_name,owner_url,owner_roblox_signal,discord_name_signal,youtube,tiktok,twitter_x,twitch,instagram,other_links,genre,max_players,universe_id,place_id,found_via,checked_at_utc
1259,1-BEST (MUST BUY),NEW,[NEW] Don't Steal Too Much ,https://www.roblox.com/games/134179332960560/,,,,,,,186,186,5850,,39,9,5,64.3,31.79,4,2026-09-22,2026-09-26,Group,Greediest Gamers,https://www.roblox.com/groups/785724890,181,RaymanTheGardener,https://www.roblox.com/users/8654218480/profile,,,,,,,,https://www.facebook.com/roblox/,All,8,10767558495,134179332960560,seedfile:watchlist_history.csv,2026-09-26 06:43
1140,1-BEST (MUST BUY),NEW,🐲 Ride A Beast For Eggs!,https://www.roblox.com/games/107027764091621/,,,,,,,183,183,23128,,57,9,2,81.8,7.91,6,2026-09-19,2026-09-26,Group,Egg Hunting Guild,https://www.roblox.com/groups/179163029,1031,voidlindon,https://www.roblox.com/users/10375995045/profile,,,,,,,,https://www.facebook.com/roblox/,All,6,10767130438,107027764091621,seedfile:watchlist_history.csv,2026-09-26 06:42
1117,1-BEST (MUST BUY),NEW,Spray & Paint!,https://www.roblox.com/games/73106557118620/,,,,,,,121,121,35939,,1919,35,16,68.6,3.37,21,2026-09-04,2026-09-25,Group,Spray & Paint!,https://www.roblox.com/groups/441191399,36,monoraly,https://www.roblox.com/users/26555906/profile,,,,,https://x.com/DrawAnythingRbx | https://x.com/PixelpulseRBX,,,https://www.facebook.com/roblox/,All,25,10765120275,73106557118620,seedfile:watchlist_history.csv,2026-09-26 06:42
1046,1-BEST (MUST BUY),NEW,🌍 Elemental Merge,https://www.roblox.com/games/98424516378716/,,,,,,,112,112,12191,,645,68,7,90.7,9.19,324,2025-11-05,2026-09-25,Group,EIemental,https://www.roblox.com/groups/13990191,1732,BK_8o,https://www.roblox.com/users/530795378/profile,,,,,,,,https://www.facebook.com/roblox/,All,6,9109147706,98424516378716,seedfile:watchlist_history.csv,2026-09-26 06:43
1029,1-BEST (MUST BUY),NEW,Infinite Blocks,https://www.roblox.com/games/74348830510694/,,,,,,,130,130,22340,,89,9,9,50.0,5.82,134,2026-05-14,2026-09-21,Group,Infinite Blocks,https://www.roblox.com/groups/343959868,49616,65hQjarMpSEW27L,https://www.roblox.com/users/10765425423/profile,,,,,,,,https://www.facebook.com/roblox/,All,24,10167786253,74348830510694,seedfile:watchlist_history.csv,2026-09-26 06:42
938,2-GREAT,NEW,[🍬] Swim For Eggs!,https://www.roblox.com/games/113956654824187/,,,,,,,1659,1659,94642,,306,67,35,65.7,17.53,20,2026-09-05,2026-09-26,Group,Blue Turtle Studio,https://www.roblox.com/groups/228719500,123,korbloxwithfedora,https://www.roblox.com/users/51563079/profile,,,,,,,,https://www.facebook.com/roblox/,All,6,10765312940,113956654824187,seedfile:watchlist_history.csv,2026-09-26 06:43
532,3-GOOD,NEW,Paint an ASMR 🎨,https://www.roblox.com/games/75570930405173/,,,,,,,845,845,130906,,383,28,14,66.7,6.46,54,2026-08-03,2026-09-23,Group,i like asmr,https://www.roblox.com/groups/604191004,1463,whk,https://www.roblox.com/users/9616277/profile,,,,,,,,https://www.facebook.com/roblox/,All,6,10622693591,75570930405173,seedfile:watchlist_history.csv,2026-09-26 06:43
﻿priority_score,tier,new_this_run,title,game_url,has_discord,discord_url,discord_server,discord_members,discord_online,discord_via,active,peak_active_seen,visits,visits_growth_per_day,favorites,likes,dislikes,like_ratio,heat_active_per_1k_visits,age_days,created,last_updated,creator_type,creator_name,creator_url,group_members,owner_name,owner_url,owner_roblox_signal,discord_name_signal,youtube,tiktok,twitter_x,twitch,instagram,other_links,genre,max_players,universe_id,place_id,found_via,checked_at_utc
1405,1-BEST (MUST BUY),NEW,Harvest Crops!,https://www.roblox.com/games/92877497194497/,YES,https://discord.gg/je3EhPTA4B,Mythoria Games!,69,4,"owned group socials (same owner, other community): Belive Studios",115,115,5525,,15,4,7,36.4,20.81,3,2026-09-22,2026-09-24,Group,Farm Life Games,https://www.roblox.com/groups/387816455,28,Amazecop,https://www.roblox.com/users/502311565/profile,,,,,https://x.com/BeliveStudios,,,https://www.facebook.com/roblox/,All,8,10767618517,92877497194497,search:farming,2026-09-26 07:15
1225,1-BEST (MUST BUY),NEW,[NEW] Don't Steal Too Much ,https://www.roblox.com/games/134179332960560/,,,,,,,174,174,6964,,46,9,7,56.2,24.99,4,2026-09-22,2026-09-26,Group,Greediest Gamers,https://www.roblox.com/groups/785724890,211,RaymanTheGardener,https://www.roblox.com/users/8654218480/profile,,,,,,,,https://www.facebook.com/roblox/,All,8,10767558495,134179332960560,seedfile:watchlist_history.csv,2026-09-26 07:15
1135,1-BEST (MUST BUY),NEW,🐲 Ride A Beast For Eggs!,https://www.roblox.com/games/107027764091621/,,,,,,,167,167,23690,,58,11,2,84.6,7.05,6,2026-09-19,2026-09-26,Group,Egg Hunting Guild,https://www.roblox.com/groups/179163029,1069,voidlindon,https://www.roblox.com/users/10375995045/profile,,,,,,,,https://www.facebook.com/roblox/,All,6,10767130438,107027764091621,seedfile:watchlist_history.csv,2026-09-26 07:14
1122,1-BEST (MUST BUY),NEW,[🐟🍣] Fish Farm Sushi,https://www.roblox.com/games/133644227090327/,,,,,,,142,142,32143,,3603,34,2,94.4,4.42,4,2026-09-21,2026-09-25,Group,Cubic_Games,https://www.roblox.com/groups/419791825,55216,Cubic_G4mes,https://www.roblox.com/users/10248332038/profile,,,,,,,,https://www.facebook.com/roblox/,All,6,10767391441,133644227090327,seedfile:watchlist_history.csv,2026-09-26 07:14
1114,1-BEST (MUST BUY),NEW,Spray & Paint!,https://www.roblox.com/games/73106557118620/,,,,,,,100,100,36306,,1951,35,16,68.6,2.75,21,2026-09-04,2026-09-25,Group,Spray & Paint!,https://www.roblox.com/groups/441191399,36,monoraly,https://www.roblox.com/users/26555906/profile,,,,,https://x.com/DrawAnythingRbx | https://x.com/PixelpulseRBX,,,https://www.facebook.com/roblox/,All,25,10765120275,73106557118620,seedfile:watchlist_history.csv,2026-09-26 07:14
1022,1-BEST (MUST BUY),NEW,Infinite Blocks,https://www.roblox.com/games/74348830510694/,,,,,,,102,102,22729,,89,9,9,50.0,4.49,134,2026-05-14,2026-09-21,Group,Infinite Blocks,https://www.roblox.com/groups/343959868,49617,65hQjarMpSEW27L,https://www.roblox.com/users/10765425423/profile,,,,,,,,https://www.facebook.com/roblox/,All,24,10167786253,74348830510694,seedfile:watchlist_history.csv,2026-09-26 07:15
930,2-GREAT,NEW,[🍬] Swim For Eggs!,https://www.roblox.com/games/113956654824187/,,,,,,,1562,1562,97625,,317,70,36,66.0,16.0,20,2026-09-05,2026-09-26,Group,Blue Turtle Studio,https://www.roblox.com/groups/228719500,129,korbloxwithfedora,https://www.roblox.com/users/51563079/profile,,,,,,,,https://www.facebook.com/roblox/,All,6,10765312940,113956654824187,seedfile:watchlist_history.csv,2026-09-26 07:15
535,3-GOOD,NEW,Paint an ASMR 🎨,https://www.roblox.com/games/75570930405173/,,,,,,,933,933,133438,,390,28,14,66.7,6.99,54,2026-08-03,2026-09-23,Group,i like asmr,https://www.roblox.com/groups/604191004,1500,whk,https://www.roblox.com/users/9616277/profile,,,,,,,,https://www.facebook.com/roblox/,All,6,10622693591,75570930405173,seedfile:watchlist_history.csv,2026-09-26 07:15
475,4-MID,NEW,Survive The Hulk (NEW HULKBUSTER!),https://www.roblox.com/games/109166720609444/,YES,https://discord.gg/qqwhyjrSMV,Survive The Hulk,332,75,official game link,1533,1533,406174,,11151,1610,368,81.4,3.77,37,2026-08-20,2026-09-23,Group,Survive The Hulk,https://www.roblox.com/groups/980493501,524,Whereugoin_fool,https://www.roblox.com/users/4683157538/profile,,,,,,,,https://www.facebook.com/roblox/,All,12,10742937135,109166720609444,sort:Top Trending,2026-09-26 07:15
﻿priority_score,tier,new_this_run,title,game_url,has_discord,discord_url,discord_server,discord_members,discord_online,discord_via,active,peak_active_seen,visits,visits_growth_per_day,favorites,likes,dislikes,like_ratio,heat_active_per_1k_visits,age_days,created,last_updated,creator_type,creator_name,creator_url,group_members,owner_name,owner_url,owner_roblox_signal,discord_name_signal,youtube,tiktok,twitter_x,twitch,instagram,other_links,genre,max_players,universe_id,place_id,found_via,checked_at_utc
1208,1-BEST (MUST BUY),NEW,[NEW] Don't Steal Too Much ,https://www.roblox.com/games/134179332960560/,,,,,,,176,176,8173,,50,9,8,52.9,21.53,4,2026-09-22,2026-09-26,Group,Greediest Gamers,https://www.roblox.com/groups/785724890,239,RaymanTheGardener,https://www.roblox.com/users/8654218480/profile,,,,,,,,https://www.facebook.com/roblox/,All,8,10767558495,134179332960560,seedfile:watchlist_history.csv,2026-09-26 07:43
1133,1-BEST (MUST BUY),NEW,🐲 Ride A Beast For Eggs!,https://www.roblox.com/games/107027764091621/,,,,,,,161,161,24154,,58,11,2,84.6,6.67,6,2026-09-19,2026-09-26,Group,Egg Hunting Guild,https://www.roblox.com/groups/179163029,1094,voidlindon,https://www.roblox.com/users/10375995045/profile,,,,,,,,https://www.facebook.com/roblox/,All,6,10767130438,107027764091621,seedfile:watchlist_history.csv,2026-09-26 07:43
1117,1-BEST (MUST BUY),NEW,[🐟🍣] Fish Farm Sushi,https://www.roblox.com/games/133644227090327/,,,,,,,114,114,32621,,3653,34,2,94.4,3.49,4,2026-09-21,2026-09-25,Group,Cubic_Games,https://www.roblox.com/groups/419791825,55216,Cubic_G4mes,https://www.roblox.com/users/10248332038/profile,,,,,,,,https://www.facebook.com/roblox/,All,6,10767391441,133644227090327,seedfile:watchlist_history.csv,2026-09-26 07:44
1024,1-BEST (MUST BUY),NEW,Infinite Blocks,https://www.roblox.com/games/74348830510694/,,,,,,,109,109,23043,,90,9,9,50.0,4.73,134,2026-05-14,2026-09-21,Group,Infinite Blocks,https://www.roblox.com/groups/343959868,49618,65hQjarMpSEW27L,https://www.roblox.com/users/10765425423/profile,,,,,,,,https://www.facebook.com/roblox/,All,24,10167786253,74348830510694,seedfile:watchlist_history.csv,2026-09-26 07:44
677,3-GOOD,NEW,[🍬] Swim For Eggs!,https://www.roblox.com/games/113956654824187/,,,,,,,1543,1543,100406,,328,70,37,65.4,15.37,20,2026-09-05,2026-09-26,Group,Blue Turtle Studio,https://www.roblox.com/groups/228719500,139,korbloxwithfedora,https://www.roblox.com/users/51563079/profile,,,,,,,,https://www.facebook.com/roblox/,All,6,10765312940,113956654824187,seedfile:watchlist_history.csv,2026-09-26 07:44
533,3-GOOD,NEW,Paint an ASMR 🎨,https://www.roblox.com/games/75570930405173/,,,,,,,895,895,135807,,395,28,14,66.7,6.59,54,2026-08-03,2026-09-23,Group,i like asmr,https://www.roblox.com/groups/604191004,1532,whk,https://www.roblox.com/users/9616277/profile,,,,,,,,https://www.facebook.com/roblox/,All,6,10622693591,75570930405173,seedfile:watchlist_history.csv,2026-09-26 07:44
﻿priority_score,tier,new_this_run,title,game_url,has_discord,discord_url,discord_server,discord_members,discord_online,discord_via,active,peak_active_seen,visits,visits_growth_per_day,favorites,likes,dislikes,like_ratio,heat_active_per_1k_visits,age_days,created,last_updated,creator_type,creator_name,creator_url,group_members,owner_name,owner_url,owner_roblox_signal,discord_name_signal,youtube,tiktok,twitter_x,twitch,instagram,other_links,genre,max_players,universe_id,place_id,found_via,checked_at_utc
1215,1-BEST (MUST BUY),NEW,Street Soccer Pro,https://www.roblox.com/games/119242658671952/,YES,https://discord.gg/CeyXS2Wqcw,Street Soccer Pro,7,4,official game link,102,102,33783,,94,22,22,50.0,3.02,38,2026-08-19,2026-09-25,Group,Unnamed Football Prod,https://www.roblox.com/groups/723016792,48,noctovoHoldings2,https://www.roblox.com/users/11419676642/profile,,,,,https://x.com/ikjjm778,,,https://www.facebook.com/roblox/,All,10,10739112966,119242658671952,seedfile:watchlist_history.csv,2026-09-26 08:13
1175,1-BEST (MUST BUY),NEW,[NEW] Don't Steal Too Much ,https://www.roblox.com/games/134179332960560/,,,,,,,140,140,9340,,51,10,9,52.6,14.99,4,2026-09-22,2026-09-26,Group,Greediest Gamers,https://www.roblox.com/groups/785724890,263,RaymanTheGardener,https://www.roblox.com/users/8654218480/profile,,,,,,,,https://www.facebook.com/roblox/,All,8,10767558495,134179332960560,seedfile:watchlist_history.csv,2026-09-26 08:13
1135,1-BEST (MUST BUY),NEW,🐲 Ride A Beast For Eggs!,https://www.roblox.com/games/107027764091621/,,,,,,,172,172,24613,,59,11,2,84.6,6.99,6,2026-09-19,2026-09-26,Group,Egg Hunting Guild,https://www.roblox.com/groups/179163029,1112,voidlindon,https://www.roblox.com/users/10375995045/profile,,,,,,,,https://www.facebook.com/roblox/,All,6,10767130438,107027764091621,seedfile:watchlist_history.csv,2026-09-26 08:13
1029,1-BEST (MUST BUY),NEW,Infinite Blocks,https://www.roblox.com/games/74348830510694/,,,,,,,134,134,23361,,92,9,9,50.0,5.74,134,2026-05-14,2026-09-21,Group,Infinite Blocks,https://www.roblox.com/groups/343959868,49618,65hQjarMpSEW27L,https://www.roblox.com/users/10765425423/profile,,,,,,,,https://www.facebook.com/roblox/,All,24,10167786253,74348830510694,seedfile:watchlist_history.csv,2026-09-26 08:13
673,3-GOOD,NEW,[🍬] Swim For Eggs!,https://www.roblox.com/games/113956654824187/,,,,,,,1504,1504,103108,,336,73,37,66.4,14.59,20,2026-09-05,2026-09-26,Group,Blue Turtle Studio,https://www.roblox.com/groups/228719500,142,korbloxwithfedora,https://www.roblox.com/users/51563079/profile,,,,,,,,https://www.facebook.com/roblox/,All,6,10765312940,113956654824187,seedfile:watchlist_history.csv,2026-09-26 08:13
531,3-GOOD,NEW,Paint an ASMR 🎨,https://www.roblox.com/games/75570930405173/,,,,,,,862,862,138283,,396,28,14,66.7,6.23,54,2026-08-03,2026-09-23,Group,i like asmr,https://www.roblox.com/groups/604191004,1573,whk,https://www.roblox.com/users/9616277/profile,,,,,,,,https://www.facebook.com/roblox/,All,6,10622693591,75570930405173,seedfile:watchlist_history.csv,2026-09-26 08:13
﻿priority_score,tier,new_this_run,title,game_url,has_discord,discord_url,discord_server,discord_members,discord_online,discord_via,active,peak_active_seen,visits,visits_growth_per_day,favorites,likes,dislikes,like_ratio,heat_active_per_1k_visits,age_days,created,last_updated,creator_type,creator_name,creator_url,group_members,owner_name,owner_url,owner_roblox_signal,discord_name_signal,youtube,tiktok,twitter_x,twitch,instagram,other_links,genre,max_players,universe_id,place_id,found_via,checked_at_utc
1193,1-BEST (MUST BUY),NEW,[NEW] Don't Steal Too Much ,https://www.roblox.com/games/134179332960560/,,,,,,,192,192,10315,,60,10,9,52.6,18.61,4,2026-09-22,2026-09-26,Group,Greediest Gamers,https://www.roblox.com/groups/785724890,292,RaymanTheGardener,https://www.roblox.com/users/8654218480/profile,,,,,,,,https://www.facebook.com/roblox/,All,8,10767558495,134179332960560,seedfile:watchlist_history.csv,2026-09-26 08:42
1127,1-BEST (MUST BUY),NEW,🐲 Ride A Beast For Eggs!,https://www.roblox.com/games/107027764091621/,,,,,,,134,134,25016,,59,11,2,84.6,5.36,6,2026-09-19,2026-09-26,Group,Egg Hunting Guild,https://www.roblox.com/groups/179163029,1144,voidlindon,https://www.roblox.com/users/10375995045/profile,,,,,,,,https://www.facebook.com/roblox/,All,6,10767130438,107027764091621,seedfile:watchlist_history.csv,2026-09-26 08:42
1026,1-BEST (MUST BUY),NEW,Infinite Blocks,https://www.roblox.com/games/74348830510694/,,,,,,,122,122,23719,,93,9,9,50.0,5.14,134,2026-05-14,2026-09-21,Group,Infinite Blocks,https://www.roblox.com/groups/343959868,49618,65hQjarMpSEW27L,https://www.roblox.com/users/10765425423/profile,,,,,,,,https://www.facebook.com/roblox/,All,24,10167786253,74348830510694,seedfile:watchlist_history.csv,2026-09-26 08:42
674,3-GOOD,NEW,[🍬] Swim For Eggs!,https://www.roblox.com/games/113956654824187/,,,,,,,1568,1568,105820,,339,73,37,66.4,14.82,20,2026-09-05,2026-09-26,Group,Blue Turtle Studio,https://www.roblox.com/groups/228719500,145,korbloxwithfedora,https://www.roblox.com/users/51563079/profile,,,,,,,,https://www.facebook.com/roblox/,All,6,10765312940,113956654824187,seedfile:watchlist_history.csv,2026-09-26 08:42
532,3-GOOD,NEW,Paint an ASMR 🎨,https://www.roblox.com/games/75570930405173/,,,,,,,886,886,140578,,404,28,14,66.7,6.3,54,2026-08-03,2026-09-23,Group,i like asmr,https://www.roblox.com/groups/604191004,1618,whk,https://www.roblox.com/users/9616277/profile,,,,,,,,https://www.facebook.com/roblox/,All,6,10622693591,75570930405173,seedfile:watchlist_history.csv,2026-09-26 08:42
367,4-MID,NEW,[NEW] Sand To Rich,https://www.roblox.com/games/117233847904908/,,,,,,,857,857,256842,,1240,437,211,67.4,3.34,20,2026-09-05,2026-09-25,User,KazTheReal,https://www.roblox.com/users/4466841744/profile,,KazTheReal,https://www.roblox.com/users/4466841744/profile,,,,,,,,https://www.facebook.com/roblox/,All,6,10765287762,117233847904908,search:rich,2026-09-26 08:42
﻿priority_score,tier,new_this_run,title,game_url,has_discord,discord_url,discord_server,discord_members,discord_online,discord_via,active,peak_active_seen,visits,visits_growth_per_day,favorites,likes,dislikes,like_ratio,heat_active_per_1k_visits,age_days,created,last_updated,creator_type,creator_name,creator_url,group_members,owner_name,owner_url,owner_roblox_signal,discord_name_signal,youtube,tiktok,twitter_x,twitch,instagram,other_links,genre,max_players,universe_id,place_id,found_via,checked_at_utc
1318,1-BEST (MUST BUY),NEW,My Mining Animals,https://www.roblox.com/games/85098252172844/,YES,https://discord.gg/ttVqNJYgAe,Sword RNG ⚔,84,5,"owned group socials (same owner, other community): RNG Byte",127,127,39968,,104,19,3,86.4,3.18,22,2026-09-03,2026-09-25,Group,BrazilianByte,https://www.roblox.com/groups/962837501,1919,BlazeFlame_Games,https://www.roblox.com/users/4971325557/profile,,,https://youtube.com/@Sword_RNG,,,,,https://www.facebook.com/roblox/,All,5,10764994156,85098252172844,seedfile:watchlist_history.csv,2026-09-26 09:13
1216,1-BEST (MUST BUY),NEW,Street Soccer Pro,https://www.roblox.com/games/119242658671952/,YES,https://discord.gg/CeyXS2Wqcw,Street Soccer Pro,7,5,official game link,108,108,34664,,97,23,23,50.0,3.12,38,2026-08-19,2026-09-25,Group,Unnamed Football Prod,https://www.roblox.com/groups/723016792,49,noctovoHoldings2,https://www.roblox.com/users/11419676642/profile,,,,,https://x.com/ikjjm778,,,https://www.facebook.com/roblox/,All,10,10739112966,119242658671952,seedfile:watchlist_history.csv,2026-09-26 09:13
1191,1-BEST (MUST BUY),NEW,[NEW] Don't Steal Too Much ,https://www.roblox.com/games/134179332960560/,,,,,,,207,207,11355,,71,11,9,55.0,18.23,4,2026-09-22,2026-09-26,Group,Greediest Gamers,https://www.roblox.com/groups/785724890,324,RaymanTheGardener,https://www.roblox.com/users/8654218480/profile,,,,,,,,https://www.facebook.com/roblox/,All,8,10767558495,134179332960560,seedfile:watchlist_history.csv,2026-09-26 09:13
1131,1-BEST (MUST BUY),NEW,🐲 Ride A Beast For Eggs!,https://www.roblox.com/games/107027764091621/,,,,,,,157,157,25439,,60,11,2,84.6,6.17,6,2026-09-19,2026-09-26,Group,Egg Hunting Guild,https://www.roblox.com/groups/179163029,1160,voidlindon,https://www.roblox.com/users/10375995045/profile,,,,,,,,https://www.facebook.com/roblox/,All,6,10767130438,107027764091621,seedfile:watchlist_history.csv,2026-09-26 09:13
1113,1-BEST (MUST BUY),NEW,Spray & Paint!,https://www.roblox.com/games/73106557118620/,,,,,,,101,101,37601,,2053,36,16,69.2,2.69,21,2026-09-04,2026-09-25,Group,Spray & Paint!,https://www.roblox.com/groups/441191399,37,monoraly,https://www.roblox.com/users/26555906/profile,,,,,https://x.com/DrawAnythingRbx | https://x.com/PixelpulseRBX,,,https://www.facebook.com/roblox/,All,25,10765120275,73106557118620,seedfile:watchlist_history.csv,2026-09-26 09:13
1030,1-BEST (MUST BUY),NEW,Infinite Blocks,https://www.roblox.com/games/74348830510694/,,,,,,,144,144,24035,,94,9,9,50.0,5.99,134,2026-05-14,2026-09-21,Group,Infinite Blocks,https://www.roblox.com/groups/343959868,49618,65hQjarMpSEW27L,https://www.roblox.com/users/10765425423/profile,,,,,,,,https://www.facebook.com/roblox/,All,24,10167786253,74348830510694,seedfile:watchlist_history.csv,2026-09-26 09:13
674,3-GOOD,NEW,[🍬] Swim For Eggs!,https://www.roblox.com/games/113956654824187/,,,,,,,1604,1604,108726,,344,74,37,66.7,14.75,20,2026-09-05,2026-09-26,Group,Blue Turtle Studio,https://www.roblox.com/groups/228719500,150,korbloxwithfedora,https://www.roblox.com/users/51563079/profile,,,,,,,,https://www.facebook.com/roblox/,All,6,10765312940,113956654824187,seedfile:watchlist_history.csv,2026-09-26 09:13
529,3-GOOD,NEW,Paint an ASMR 🎨,https://www.roblox.com/games/75570930405173/,,,,,,,820,820,143005,,411,29,14,67.4,5.73,54,2026-08-03,2026-09-23,Group,i like asmr,https://www.roblox.com/groups/604191004,1659,whk,https://www.roblox.com/users/9616277/profile,,,,,,,,https://www.facebook.com/roblox/,All,6,10622693591,75570930405173,seedfile:watchlist_history.csv,2026-09-26 09:13
381,4-MID,NEW,[🪙X2] Cameraman Tower Defense,https://www.roblox.com/games/132929771812494/,,,,,,,1391,1391,222580,,4311,3937,34,99.1,6.25,30,2026-08-26,2026-09-26,Group,Aligators Games,https://www.roblox.com/groups/1111394813,33314,iop_dev,https://www.roblox.com/users/10861503829/profile,,,,,,,,https://www.facebook.com/roblox/,All,15,10762636904,132929771812494,search:ttd,2026-09-26 09:13
﻿priority_score,tier,new_this_run,title,game_url,has_discord,discord_url,discord_server,discord_members,discord_online,discord_via,active,peak_active_seen,visits,visits_growth_per_day,favorites,likes,dislikes,like_ratio,heat_active_per_1k_visits,age_days,created,last_updated,creator_type,creator_name,creator_url,group_members,owner_name,owner_url,owner_roblox_signal,discord_name_signal,youtube,tiktok,twitter_x,twitch,instagram,other_links,genre,max_players,universe_id,place_id,found_via,checked_at_utc
1186,1-BEST (MUST BUY),NEW,[NEW] Don't Steal Too Much ,https://www.roblox.com/games/134179332960560/,,,,,,,212,212,12378,,79,11,9,55.0,17.13,4,2026-09-22,2026-09-26,Group,Greediest Gamers,https://www.roblox.com/groups/785724890,351,RaymanTheGardener,https://www.roblox.com/users/8654218480/profile,,,,,,,,https://www.facebook.com/roblox/,All,8,10767558495,134179332960560,seedfile:watchlist_history.csv,2026-09-26 09:43
1128,1-BEST (MUST BUY),NEW,🐲 Ride A Beast For Eggs!,https://www.roblox.com/games/107027764091621/,,,,,,,144,144,25927,,65,12,2,85.7,5.55,6,2026-09-19,2026-09-26,Group,Egg Hunting Guild,https://www.roblox.com/groups/179163029,1186,voidlindon,https://www.roblox.com/users/10375995045/profile,,,,,,,,https://www.facebook.com/roblox/,All,6,10767130438,107027764091621,seedfile:watchlist_history.csv,2026-09-26 09:43
1128,1-BEST (MUST BUY),NEW,Dig & Forge,https://www.roblox.com/games/140306223646746/,,,,,,,217,217,38709,,149,10,6,62.5,5.61,10,2026-09-16,2026-09-24,Group,CutTree213,https://www.roblox.com/groups/246922724,1321,evergreen_962,https://www.roblox.com/users/7161870487/profile,,,,,,,,https://www.facebook.com/roblox/,All,6,10766651044,140306223646746,search:digging,2026-09-26 09:43
1124,1-BEST (MUST BUY),NEW,⭐Star Karaoke⭐,https://www.roblox.com/games/127550041229156/,,,,,,,106,106,22264,,307,52,5,91.2,4.76,23,2026-09-02,2026-09-26,Group,Studio Byeol,https://www.roblox.com/groups/708089034,1,SSo_o31,https://www.roblox.com/users/11443827038/profile,,,,,,,,https://www.facebook.com/roblox/,All,50,10764870429,127550041229156,search:⭐,2026-09-26 09:43
1024,1-BEST (MUST BUY),NEW,Infinite Blocks,https://www.roblox.com/games/74348830510694/,,,,,,,117,117,24475,,95,9,9,50.0,4.78,134,2026-05-14,2026-09-21,Group,Infinite Blocks,https://www.roblox.com/groups/343959868,49618,65hQjarMpSEW27L,https://www.roblox.com/users/10765425423/profile,,,,,,,,https://www.facebook.com/roblox/,All,24,10167786253,74348830510694,seedfile:watchlist_history.csv,2026-09-26 09:43
676,3-GOOD,NEW,[🍬] Swim For Eggs!,https://www.roblox.com/games/113956654824187/,,,,,,,1708,1708,111775,,348,76,37,67.3,15.28,20,2026-09-05,2026-09-26,Group,Blue Turtle Studio,https://www.roblox.com/groups/228719500,157,korbloxwithfedora,https://www.roblox.com/users/51563079/profile,,,,,,,,https://www.facebook.com/roblox/,All,6,10765312940,113956654824187,seedfile:watchlist_history.csv,2026-09-26 09:43
528,3-GOOD,NEW,Paint an ASMR 🎨,https://www.roblox.com/games/75570930405173/,,,,,,,827,827,145310,,415,30,14,68.2,5.69,54,2026-08-03,2026-09-23,Group,i like asmr,https://www.roblox.com/groups/604191004,1682,whk,https://www.roblox.com/users/9616277/profile,,,,,,,,https://www.facebook.com/roblox/,All,6,10622693591,75570930405173,seedfile:watchlist_history.csv,2026-09-26 09:43
﻿priority_score,tier,new_this_run,title,game_url,has_discord,discord_url,discord_server,discord_members,discord_online,discord_via,active,peak_active_seen,visits,visits_growth_per_day,favorites,likes,dislikes,like_ratio,heat_active_per_1k_visits,age_days,created,last_updated,creator_type,creator_name,creator_url,group_members,owner_name,owner_url,owner_roblox_signal,discord_name_signal,youtube,tiktok,twitter_x,twitch,instagram,other_links,genre,max_players,universe_id,place_id,found_via,checked_at_utc
1186,1-BEST (MUST BUY),NEW,PARTY TO NIGHT [ NEW ],https://www.roblox.com/games/136959348750712/,,,,,,,118,118,6874,,9,46,136,25.3,17.17,20,2026-09-05,2026-09-26,Group,PARTY TO NIGHT,https://www.roblox.com/groups/1108415448,6338,abuxylone,https://www.roblox.com/users/9126831276/profile,,,,,,,,https://www.facebook.com/roblox/,All,200,10765290810,136959348750712,search:to,2026-09-26 10:04
1181,1-BEST (MUST BUY),NEW,[NEW] Don't Steal Too Much ,https://www.roblox.com/games/134179332960560/,,,,,,,213,213,13089,,82,12,9,57.1,16.27,4,2026-09-22,2026-09-26,Group,Greediest Gamers,https://www.roblox.com/groups/785724890,373,RaymanTheGardener,https://www.roblox.com/users/8654218480/profile,,,,,,,,https://www.facebook.com/roblox/,All,8,10767558495,134179332960560,seedfile:watchlist_history.csv,2026-09-26 10:04
1129,1-BEST (MUST BUY),NEW,🐲 Ride A Beast For Eggs!,https://www.roblox.com/games/107027764091621/,,,,,,,153,153,26230,,67,12,2,85.7,5.83,6,2026-09-19,2026-09-26,Group,Egg Hunting Guild,https://www.roblox.com/groups/179163029,1199,voidlindon,https://www.roblox.com/users/10375995045/profile,,,,,,,,https://www.facebook.com/roblox/,All,6,10767130438,107027764091621,seedfile:watchlist_history.csv,2026-09-26 10:04
1114,1-BEST (MUST BUY),NEW,Spray & Paint!,https://www.roblox.com/games/73106557118620/,,,,,,,104,104,38150,,2098,36,17,67.9,2.73,21,2026-09-04,2026-09-25,Group,Spray & Paint!,https://www.roblox.com/groups/441191399,37,monoraly,https://www.roblox.com/users/26555906/profile,,,,,https://x.com/DrawAnythingRbx | https://x.com/PixelpulseRBX,,,https://www.facebook.com/roblox/,All,25,10765120275,73106557118620,seedfile:watchlist_history.csv,2026-09-26 10:05
1024,1-BEST (MUST BUY),NEW,Infinite Blocks,https://www.roblox.com/games/74348830510694/,,,,,,,120,120,24714,,96,9,9,50.0,4.86,134,2026-05-14,2026-09-21,Group,Infinite Blocks,https://www.roblox.com/groups/343959868,49618,65hQjarMpSEW27L,https://www.roblox.com/users/10765425423/profile,,,,,,,,https://www.facebook.com/roblox/,All,24,10167786253,74348830510694,seedfile:watchlist_history.csv,2026-09-26 10:04
676,3-GOOD,NEW,[🍬] Swim For Eggs!,https://www.roblox.com/games/113956654824187/,,,,,,,1739,1739,114042,,352,78,37,67.8,15.25,20,2026-09-05,2026-09-26,Group,Blue Turtle Studio,https://www.roblox.com/groups/228719500,160,korbloxwithfedora,https://www.roblox.com/users/51563079/profile,,,,,,,,https://www.facebook.com/roblox/,All,6,10765312940,113956654824187,seedfile:watchlist_history.csv,2026-09-26 10:05
468,4-MID,NEW,Make Games 🎮,https://www.roblox.com/games/93974749507336/,YES,https://discord.gg/GJBYG6xmm5,Make Games,22,9,official game link,908,908,256076,,1971,472,128,78.7,3.55,64,2026-07-23,2026-09-25,Group,Triggurod Studios,https://www.roblox.com/groups/33455401,495,jica22,https://www.roblox.com/users/43907656/profile,,,,,,,,https://www.facebook.com/roblox/,All,4,10553509461,93974749507336,search:make a,2026-09-26 10:05
﻿priority_score,tier,new_this_run,title,game_url,has_discord,discord_url,discord_server,discord_members,discord_online,discord_via,active,peak_active_seen,visits,visits_growth_per_day,favorites,likes,dislikes,like_ratio,heat_active_per_1k_visits,age_days,created,last_updated,creator_type,creator_name,creator_url,group_members,owner_name,owner_url,owner_roblox_signal,discord_name_signal,youtube,tiktok,twitter_x,twitch,instagram,other_links,genre,max_players,universe_id,place_id,found_via,checked_at_utc
1208,1-BEST (MUST BUY),NEW,PARTY TO NIGHT [ NEW ],https://www.roblox.com/games/136959348750712/,,,,,,,150,150,6938,,10,47,138,25.4,21.62,20,2026-09-05,2026-09-26,Group,PARTY TO NIGHT,https://www.roblox.com/groups/1108415448,6338,abuxylone,https://www.roblox.com/users/9126831276/profile,,,,,,,,https://www.facebook.com/roblox/,All,200,10765290810,136959348750712,search:to,2026-09-26 10:17
1181,1-BEST (MUST BUY),NEW,[NEW] Don't Steal Too Much ,https://www.roblox.com/games/134179332960560/,,,,,,,221,221,13577,,85,12,9,57.1,16.28,4,2026-09-22,2026-09-26,Group,Greediest Gamers,https://www.roblox.com/groups/785724890,386,RaymanTheGardener,https://www.roblox.com/users/8654218480/profile,,,,,,,,https://www.facebook.com/roblox/,All,8,10767558495,134179332960560,seedfile:watchlist_history.csv,2026-09-26 10:17
1133,1-BEST (MUST BUY),NEW,🐲 Ride A Beast For Eggs!,https://www.roblox.com/games/107027764091621/,,,,,,,173,173,26467,,68,12,2,85.7,6.54,6,2026-09-19,2026-09-26,Group,Egg Hunting Guild,https://www.roblox.com/groups/179163029,1212,voidlindon,https://www.roblox.com/users/10375995045/profile,,,,,,,,https://www.facebook.com/roblox/,All,6,10767130438,107027764091621,seedfile:watchlist_history.csv,2026-09-26 10:17
1022,1-BEST (MUST BUY),NEW,Infinite Blocks,https://www.roblox.com/games/74348830510694/,,,,,,,108,108,24880,,95,9,9,50.0,4.34,134,2026-05-14,2026-09-21,Group,Infinite Blocks,https://www.roblox.com/groups/343959868,49618,65hQjarMpSEW27L,https://www.roblox.com/users/10765425423/profile,,,,,,,,https://www.facebook.com/roblox/,All,24,10167786253,74348830510694,seedfile:watchlist_history.csv,2026-09-26 10:17
679,3-GOOD,NEW,[🍬] Swim For Eggs!,https://www.roblox.com/games/113956654824187/,,,,,,,1829,1829,115284,,356,78,38,67.2,15.87,20,2026-09-05,2026-09-26,Group,Blue Turtle Studio,https://www.roblox.com/groups/228719500,165,korbloxwithfedora,https://www.roblox.com/users/51563079/profile,,,,,,,,https://www.facebook.com/roblox/,All,6,10765312940,113956654824187,seedfile:watchlist_history.csv,2026-09-26 10:17
468,4-MID,NEW,Make Games 🎮,https://www.roblox.com/games/93974749507336/,YES,https://discord.gg/GJBYG6xmm5,Make Games,22,8,official game link,883,883,256852,,1975,475,128,78.8,3.44,64,2026-07-23,2026-09-25,Group,Triggurod Studios,https://www.roblox.com/groups/33455401,497,jica22,https://www.roblox.com/users/43907656/profile,,,,,,,,https://www.facebook.com/roblox/,All,4,10553509461,93974749507336,search:make a,2026-09-26 10:17
﻿priority_score,tier,new_this_run,title,game_url,has_discord,discord_url,discord_server,discord_members,discord_online,discord_via,active,peak_active_seen,visits,visits_growth_per_day,favorites,likes,dislikes,like_ratio,heat_active_per_1k_visits,age_days,created,last_updated,creator_type,creator_name,creator_url,group_members,owner_name,owner_url,owner_roblox_signal,discord_name_signal,youtube,tiktok,twitter_x,twitch,instagram,other_links,genre,max_players,universe_id,place_id,found_via,checked_at_utc
1170,1-BEST (MUST BUY),NEW,[NEW] Don't Steal Too Much ,https://www.roblox.com/games/134179332960560/,,,,,,,203,203,14509,,90,13,9,59.1,13.99,4,2026-09-22,2026-09-26,Group,Greediest Gamers,https://www.roblox.com/groups/785724890,397,RaymanTheGardener,https://www.roblox.com/users/8654218480/profile,,,,,,,,https://www.facebook.com/roblox/,All,8,10767558495,134179332960560,seedfile:watchlist_history.csv,2026-09-26 10:42
1128,1-BEST (MUST BUY),NEW,[🐟🍣] Fish Farm Sushi,https://www.roblox.com/games/133644227090327/,,,,,,,204,204,36356,,4118,36,2,94.7,5.61,4,2026-09-21,2026-09-25,Group,Cubic_Games,https://www.roblox.com/groups/419791825,55225,Cubic_G4mes,https://www.roblox.com/users/10248332038/profile,,,,,,,,https://www.facebook.com/roblox/,All,6,10767391441,133644227090327,seedfile:watchlist_history.csv,2026-09-26 10:42
1125,1-BEST (MUST BUY),NEW,🐲 Ride A Beast For Eggs!,https://www.roblox.com/games/107027764091621/,,,,,,,135,135,26808,,68,12,2,85.7,5.04,6,2026-09-19,2026-09-26,Group,Egg Hunting Guild,https://www.roblox.com/groups/179163029,1229,voidlindon,https://www.roblox.com/users/10375995045/profile,,,,,,,,https://www.facebook.com/roblox/,All,6,10767130438,107027764091621,seedfile:watchlist_history.csv,2026-09-26 10:42
1024,1-BEST (MUST BUY),NEW,Infinite Blocks,https://www.roblox.com/games/74348830510694/,,,,,,,121,121,25144,,96,9,9,50.0,4.81,134,2026-05-14,2026-09-21,Group,Infinite Blocks,https://www.roblox.com/groups/343959868,49618,65hQjarMpSEW27L,https://www.roblox.com/users/10765425423/profile,,,,,,,,https://www.facebook.com/roblox/,All,24,10167786253,74348830510694,seedfile:watchlist_history.csv,2026-09-26 10:42
680,3-GOOD,NEW,[🍬] Swim For Eggs!,https://www.roblox.com/games/113956654824187/,,,,,,,1888,1888,118005,,361,79,38,67.5,16.0,20,2026-09-05,2026-09-26,Group,Blue Turtle Studio,https://www.roblox.com/groups/228719500,173,korbloxwithfedora,https://www.roblox.com/users/51563079/profile,,,,,,,,https://www.facebook.com/roblox/,All,6,10765312940,113956654824187,seedfile:watchlist_history.csv,2026-09-26 10:42
529,3-GOOD,NEW,Paint an ASMR 🎨,https://www.roblox.com/games/75570930405173/,,,,,,,872,872,149830,,424,32,15,68.1,5.82,54,2026-08-03,2026-09-23,Group,i like asmr,https://www.roblox.com/groups/604191004,1736,whk,https://www.roblox.com/users/9616277/profile,,,,,,,,https://www.facebook.com/roblox/,All,6,10622693591,75570930405173,seedfile:watchlist_history.csv,2026-09-26 10:42
﻿priority_score,tier,new_this_run,title,game_url,has_discord,discord_url,discord_server,discord_members,discord_online,discord_via,active,peak_active_seen,visits,visits_growth_per_day,favorites,likes,dislikes,like_ratio,heat_active_per_1k_visits,age_days,created,last_updated,creator_type,creator_name,creator_url,group_members,owner_name,owner_url,owner_roblox_signal,discord_name_signal,youtube,tiktok,twitter_x,twitch,instagram,other_links,genre,max_players,universe_id,place_id,found_via,checked_at_utc
1215,1-BEST (MUST BUY),NEW,Street Soccer Pro,https://www.roblox.com/games/119242658671952/,YES,https://discord.gg/CeyXS2Wqcw,Street Soccer Pro,7,5,official game link,108,108,36584,,99,24,26,48.0,2.95,38,2026-08-19,2026-09-26,Group,Unnamed Football Prod,https://www.roblox.com/groups/723016792,54,noctovoHoldings2,https://www.roblox.com/users/11419676642/profile,,,,,https://x.com/ikjjm778,,,https://www.facebook.com/roblox/,All,10,10739112966,119242658671952,seedfile:watchlist_history.csv,2026-09-26 11:12
1168,1-BEST (MUST BUY),NEW,[NEW] Don't Steal Too Much ,https://www.roblox.com/games/134179332960560/,,,,,,,212,212,15583,,97,13,9,59.1,13.6,4,2026-09-22,2026-09-26,Group,Greediest Gamers,https://www.roblox.com/groups/785724890,435,RaymanTheGardener,https://www.roblox.com/users/8654218480/profile,,,,,,,,https://www.facebook.com/roblox/,All,8,10767558495,134179332960560,seedfile:watchlist_history.csv,2026-09-26 11:12
1131,1-BEST (MUST BUY),NEW,🐲 Ride A Beast For Eggs!,https://www.roblox.com/games/107027764091621/,,,,,,,168,168,27283,,71,12,2,85.7,6.16,6,2026-09-19,2026-09-26,Group,Egg Hunting Guild,https://www.roblox.com/groups/179163029,1263,voidlindon,https://www.roblox.com/users/10375995045/profile,,,,,,,,https://www.facebook.com/roblox/,All,6,10767130438,107027764091621,seedfile:watchlist_history.csv,2026-09-26 11:12
1115,1-BEST (MUST BUY),NEW,Spray & Paint!,https://www.roblox.com/games/73106557118620/,,,,,,,116,116,38946,,2165,36,17,67.9,2.98,21,2026-09-04,2026-09-25,Group,Spray & Paint!,https://www.roblox.com/groups/441191399,37,monoraly,https://www.roblox.com/users/26555906/profile,,,,,https://x.com/DrawAnythingRbx | https://x.com/PixelpulseRBX,,,https://www.facebook.com/roblox/,All,25,10765120275,73106557118620,seedfile:watchlist_history.csv,2026-09-26 11:12
1029,1-BEST (MUST BUY),NEW,⛏️BlockCraft💎,https://www.roblox.com/games/136169205786617/,,,,,,,113,113,19276,,63,11,9,55.0,5.86,103,2026-06-14,2026-09-07,Group,10B CCU,https://www.roblox.com/groups/1046845424,11,nikki_forever17,https://www.roblox.com/users/10498813210/profile,,,,,,,,https://www.facebook.com/roblox/,All,30,10326294132,136169205786617,seedfile:watchlist_history.csv,2026-09-26 11:12
1026,1-BEST (MUST BUY),NEW,Infinite Blocks,https://www.roblox.com/games/74348830510694/,,,,,,,131,131,25535,,98,9,9,50.0,5.13,134,2026-05-14,2026-09-21,Group,Infinite Blocks,https://www.roblox.com/groups/343959868,49620,65hQjarMpSEW27L,https://www.roblox.com/users/10765425423/profile,,,,,,,,https://www.facebook.com/roblox/,All,24,10167786253,74348830510694,seedfile:watchlist_history.csv,2026-09-26 11:12
529,3-GOOD,NEW,Paint an ASMR 🎨,https://www.roblox.com/games/75570930405173/,,,,,,,876,876,152050,,427,32,15,68.1,5.76,54,2026-08-03,2026-09-23,Group,i like asmr,https://www.roblox.com/groups/604191004,1776,whk,https://www.roblox.com/users/9616277/profile,,,,,,,,https://www.facebook.com/roblox/,All,6,10622693591,75570930405173,seedfile:watchlist_history.csv,2026-09-26 11:12
﻿priority_score,tier,new_this_run,title,game_url,has_discord,discord_url,discord_server,discord_members,discord_online,discord_via,active,peak_active_seen,visits,visits_growth_per_day,favorites,likes,dislikes,like_ratio,heat_active_per_1k_visits,age_days,created,last_updated,creator_type,creator_name,creator_url,group_members,owner_name,owner_url,owner_roblox_signal,discord_name_signal,youtube,tiktok,twitter_x,twitch,instagram,other_links,genre,max_players,universe_id,place_id,found_via,checked_at_utc
1481,1-BEST (MUST BUY),NEW,Fight Noobs for Treasure!,https://www.roblox.com/games/93406282410536/,YES,https://discord.gg/xrruZg4DnN,Albanian Bloxxers,341,51,official game link,445,445,12776,,39,8,3,72.7,34.83,20,2026-09-05,2026-09-26,Group,Anti Noob Action,https://www.roblox.com/groups/678638724,14,soydev1112,https://www.roblox.com/users/8839297805/profile,,,,,,,,https://www.facebook.com/roblox/,All,15,10765242382,93406282410536,seedfile:watchlist_history.csv,2026-09-26 11:43
1215,1-BEST (MUST BUY),NEW,Street Soccer Pro,https://www.roblox.com/games/119242658671952/,YES,https://discord.gg/CeyXS2Wqcw,Street Soccer Pro,7,5,official game link,114,114,37087,,100,24,26,48.0,3.07,38,2026-08-19,2026-09-26,Group,Unnamed Football Prod,https://www.roblox.com/groups/723016792,54,noctovoHoldings2,https://www.roblox.com/users/11419676642/profile,,,,,https://x.com/ikjjm778,,,https://www.facebook.com/roblox/,All,10,10739112966,119242658671952,seedfile:watchlist_history.csv,2026-09-26 11:43
1168,1-BEST (MUST BUY),NEW,[NEW] Don't Steal Too Much ,https://www.roblox.com/games/134179332960560/,,,,,,,228,228,16832,,104,13,10,56.5,13.55,4,2026-09-22,2026-09-26,Group,Greediest Gamers,https://www.roblox.com/groups/785724890,466,RaymanTheGardener,https://www.roblox.com/users/8654218480/profile,,,,,,,,https://www.facebook.com/roblox/,All,8,10767558495,134179332960560,seedfile:watchlist_history.csv,2026-09-26 11:43
1126,1-BEST (MUST BUY),NEW,🐲 Ride A Beast For Eggs!,https://www.roblox.com/games/107027764091621/,,,,,,,146,146,27733,,71,12,3,80.0,5.26,6,2026-09-19,2026-09-26,Group,Egg Hunting Guild,https://www.roblox.com/groups/179163029,1278,voidlindon,https://www.roblox.com/users/10375995045/profile,,,,,,,,https://www.facebook.com/roblox/,All,6,10767130438,107027764091621,seedfile:watchlist_history.csv,2026-09-26 11:43
1116,1-BEST (MUST BUY),NEW,Spray & Paint!,https://www.roblox.com/games/73106557118620/,,,,,,,126,126,39344,,2193,36,17,67.9,3.2,21,2026-09-04,2026-09-25,Group,Spray & Paint!,https://www.roblox.com/groups/441191399,37,monoraly,https://www.roblox.com/users/26555906/profile,,,,,https://x.com/DrawAnythingRbx | https://x.com/PixelpulseRBX,,,https://www.facebook.com/roblox/,All,25,10765120275,73106557118620,seedfile:watchlist_history.csv,2026-09-26 11:43
1022,1-BEST (MUST BUY),NEW,Infinite Blocks,https://www.roblox.com/games/74348830510694/,,,,,,,113,113,25966,,100,9,9,50.0,4.35,134,2026-05-14,2026-09-21,Group,Infinite Blocks,https://www.roblox.com/groups/343959868,49619,65hQjarMpSEW27L,https://www.roblox.com/users/10765425423/profile,,,,,,,,https://www.facebook.com/roblox/,All,24,10167786253,74348830510694,seedfile:watchlist_history.csv,2026-09-26 11:42
529,3-GOOD,NEW,Paint an ASMR 🎨,https://www.roblox.com/games/75570930405173/,,,,,,,898,898,154528,,434,33,15,68.8,5.81,54,2026-08-03,2026-09-23,Group,i like asmr,https://www.roblox.com/groups/604191004,1802,whk,https://www.roblox.com/users/9616277/profile,,,,,,,,https://www.facebook.com/roblox/,All,6,10622693591,75570930405173,seedfile:watchlist_history.csv,2026-09-26 11:43
﻿priority_score,tier,new_this_run,title,game_url,has_discord,discord_url,discord_server,discord_members,discord_online,discord_via,active,peak_active_seen,visits,visits_growth_per_day,favorites,likes,dislikes,like_ratio,heat_active_per_1k_visits,age_days,created,last_updated,creator_type,creator_name,creator_url,group_members,owner_name,owner_url,owner_roblox_signal,discord_name_signal,youtube,tiktok,twitter_x,twitch,instagram,other_links,genre,max_players,universe_id,place_id,found_via,checked_at_utc
1319,1-BEST (MUST BUY),NEW,Formula Manager 26,https://www.roblox.com/games/115164023825884/,YES,https://discord.gg/YXJm6kjXhg,InsideLine,231,50,official group link: InsideLine,106,106,36287,,87,10,13,43.5,2.92,21,2026-09-04,2026-09-26,Group,InsideLine,https://www.roblox.com/groups/10584308,57497,korrRS3,https://www.roblox.com/users/8947069685/profile,,,,,x.com/communities,,,https://www.facebook.com/roblox/,All,2,10765145741,115164023825884,seedfile:watchlist_history.csv,2026-09-26 12:13
1300,1-BEST (MUST BUY),NEW,Build Your Business,https://www.roblox.com/games/98653056280080/,,https://discord.gg/CyXpF49tZz (UNVERIFIED/expired),,,,"owned group socials (same owner, other community): Cooking Sum Size",343,343,6317,,16,4,4,50.0,54.3,14,2026-09-11,2026-09-25,Group,CChart,https://www.roblox.com/groups/33635499,61,cstu_s,https://www.roblox.com/users/918163057/profile,,,,,,,,https://www.facebook.com/roblox/,All,6,10766004335,98653056280080,search:business,2026-09-26 12:14
1163,1-BEST (MUST BUY),NEW,[NEW] Don't Steal Too Much ,https://www.roblox.com/games/134179332960560/,,,,,,,226,226,18072,,107,13,10,56.5,12.51,4,2026-09-22,2026-09-26,Group,Greediest Gamers,https://www.roblox.com/groups/785724890,512,RaymanTheGardener,https://www.roblox.com/users/8654218480/profile,,,,,,,,https://www.facebook.com/roblox/,All,8,10767558495,134179332960560,seedfile:watchlist_history.csv,2026-09-26 12:13
1126,1-BEST (MUST BUY),NEW,🐲 Ride A Beast For Eggs!,https://www.roblox.com/games/107027764091621/,,,,,,,148,148,28212,,71,12,3,80.0,5.25,6,2026-09-19,2026-09-26,Group,Egg Hunting Guild,https://www.roblox.com/groups/179163029,1314,voidlindon,https://www.roblox.com/users/10375995045/profile,,,,,,,,https://www.facebook.com/roblox/,All,6,10767130438,107027764091621,seedfile:watchlist_history.csv,2026-09-26 12:14
1116,1-BEST (MUST BUY),NEW,Spray & Paint!,https://www.roblox.com/games/73106557118620/,,,,,,,124,124,39723,,2223,36,17,67.9,3.12,21,2026-09-04,2026-09-25,Group,Spray & Paint!,https://www.roblox.com/groups/441191399,37,monoraly,https://www.roblox.com/users/26555906/profile,,,,,https://x.com/DrawAnythingRbx | https://x.com/PixelpulseRBX,,,https://www.facebook.com/roblox/,All,25,10765120275,73106557118620,seedfile:watchlist_history.csv,2026-09-26 12:14
1027,1-BEST (MUST BUY),NEW,Infinite Blocks,https://www.roblox.com/games/74348830510694/,,,,,,,142,142,26367,,100,9,9,50.0,5.39,134,2026-05-14,2026-09-21,Group,Infinite Blocks,https://www.roblox.com/groups/343959868,49619,65hQjarMpSEW27L,https://www.roblox.com/users/10765425423/profile,,,,,,,,https://www.facebook.com/roblox/,All,24,10167786253,74348830510694,seedfile:watchlist_history.csv,2026-09-26 12:13
529,3-GOOD,NEW,Paint an ASMR 🎨,https://www.roblox.com/games/75570930405173/,,,,,,,912,912,157054,,435,34,15,69.4,5.81,54,2026-08-03,2026-09-23,Group,i like asmr,https://www.roblox.com/groups/604191004,1847,whk,https://www.roblox.com/users/9616277/profile,,,,,,,,https://www.facebook.com/roblox/,All,6,10622693591,75570930405173,seedfile:watchlist_history.csv,2026-09-26 12:14
272,4-MID,NEW,🎵 Guess the Thai Song,https://www.roblox.com/games/96998187286943/,,,,,,,1567,1567,355524,,1340,281,113,71.3,4.41,105,2026-06-12,2026-09-26,User,HqazaedctK_2004,https://www.roblox.com/users/2297559019/profile,,HqazaedctK_2004,https://www.roblox.com/users/2297559019/profile,YES,,,,,,,https://www.facebook.com/roblox/,All,12,10313654312,96998187286943,search:guess,2026-09-26 12:14
﻿priority_score,tier,new_this_run,title,game_url,has_discord,discord_url,discord_server,discord_members,discord_online,discord_via,active,peak_active_seen,visits,visits_growth_per_day,favorites,likes,dislikes,like_ratio,heat_active_per_1k_visits,age_days,created,last_updated,creator_type,creator_name,creator_url,group_members,owner_name,owner_url,owner_roblox_signal,discord_name_signal,youtube,tiktok,twitter_x,twitch,instagram,other_links,genre,max_players,universe_id,place_id,found_via,checked_at_utc
1501,1-BEST (MUST BUY),NEW,+1 Devil Fruit Evolution,https://www.roblox.com/games/109238145423218/,YES,https://discord.gg/kt9aBbqRNn,Descend Community,32,5,"owned group socials (same owner, other community): Descend Community",122,122,2966,,19,23,3,88.5,41.13,2,2026-09-23,2026-09-25,Group,Glide Certified,https://www.roblox.com/groups/378168817,2565,Skidfly,https://www.roblox.com/users/29533312/profile,,,,,,,,https://www.facebook.com/roblox/,All,10,10767749891,109238145423218,search:devil fruit,2026-09-26 12:43
1370,1-BEST (MUST BUY),NEW,[NEW & FREE TITLE] OBSTACLE ANDALAN V2,https://www.roblox.com/games/106197520237137/,YES,https://discord.gg/fd56qE5EX,ANDALAN COMMUNITY,1168,212,official game link,112,112,12003,,51,65,32,67.0,9.33,18,2026-09-08,2026-09-25,User,shinooajaaa,https://www.roblox.com/users/8745951218/profile,,shinooajaaa,https://www.roblox.com/users/8745951218/profile,,,,,,,,https://www.facebook.com/roblox/,All,40,10765640629,106197520237137,seedfile:watchlist_history.csv,2026-09-26 12:42
1369,1-BEST (MUST BUY),NEW,[🐴] Horse Ranch,https://www.roblox.com/games/83699919411251/,YES,https://discord.gg/chromerius,Chromerius,1929,172,official game link,106,106,17282,,182,66,24,73.3,6.13,28,2026-08-29,2026-09-26,Group,Horse Multiverse,https://www.roblox.com/groups/214197292,2075,0Craigs,https://www.roblox.com/users/289000389/profile,,,,,,,,https://www.facebook.com/roblox/,All,6,10764314295,83699919411251,seedfile:watchlist_history.csv,2026-09-26 12:42
1347,1-BEST (MUST BUY),NEW,Ball Picker ⛳ Clean Golf Range,https://www.roblox.com/games/113231093799073/,YES,https://discord.gg/rnwQhbYU9,Ball Picker,5,3,official game link,151,151,16208,,59,19,7,73.1,9.32,21,2026-09-05,2026-09-26,Group,InfernoDrive Studios,https://www.roblox.com/groups/64090932,2202,polk1233,https://www.roblox.com/users/57284699/profile,,,,,,,,https://www.facebook.com/roblox/,All,20,10765229953,113231093799073,seedfile:watchlist_history.csv,2026-09-26 12:42
1161,1-BEST (MUST BUY),NEW,[NEW] Don't Steal Too Much ,https://www.roblox.com/games/134179332960560/,,,,,,,235,235,19260,,114,14,10,58.3,12.2,4,2026-09-22,2026-09-26,Group,Greediest Gamers,https://www.roblox.com/groups/785724890,547,RaymanTheGardener,https://www.roblox.com/users/8654218480/profile,,,,,,,,https://www.facebook.com/roblox/,All,8,10767558495,134179332960560,seedfile:watchlist_history.csv,2026-09-26 12:42
1130,1-BEST (MUST BUY),NEW,🐲 Ride A Beast For Eggs!,https://www.roblox.com/games/107027764091621/,,,,,,,176,176,28876,,71,12,3,80.0,6.1,6,2026-09-19,2026-09-26,Group,Egg Hunting Guild,https://www.roblox.com/groups/179163029,1347,voidlindon,https://www.roblox.com/users/10375995045/profile,,,,,,,,https://www.facebook.com/roblox/,All,6,10767130438,107027764091621,seedfile:watchlist_history.csv,2026-09-26 12:42
1021,1-BEST (MUST BUY),NEW,Infinite Blocks,https://www.roblox.com/games/74348830510694/,,,,,,,110,110,26740,,102,9,9,50.0,4.11,134,2026-05-14,2026-09-21,Group,Infinite Blocks,https://www.roblox.com/groups/343959868,49619,65hQjarMpSEW27L,https://www.roblox.com/users/10765425423/profile,,,,,,,,https://www.facebook.com/roblox/,All,24,10167786253,74348830510694,seedfile:watchlist_history.csv,2026-09-26 12:42
529,3-GOOD,NEW,Paint an ASMR 🎨,https://www.roblox.com/games/75570930405173/,,,,,,,922,922,159551,,440,34,15,69.4,5.78,54,2026-08-03,2026-09-23,Group,i like asmr,https://www.roblox.com/groups/604191004,1883,whk,https://www.roblox.com/users/9616277/profile,,,,,,,,https://www.facebook.com/roblox/,All,6,10622693591,75570930405173,seedfile:watchlist_history.csv,2026-09-26 12:43
476,4-MID,NEW,Fight Enemies!,https://www.roblox.com/games/137878567503519/,YES,https://discord.gg/kTCazeSqx4,Script's Studios,383,55,official group link: » Script's Studios «,907,907,241923,,846,269,35,88.5,3.75,563,2025-03-11,2026-09-26,Group,» Script's Studios «,https://www.roblox.com/groups/33187916,2889,script_ingdev,https://www.roblox.com/users/5083997484/profile,,,,,https://x.com/script_ing,,,RobloxGroup:https://www.roblox.com/communities/33187916 | https://www.facebook.com/roblox/,All,9,7362931484,137878567503519,seedfile:watchlist_history.csv,2026-09-26 12:42
﻿priority_score,tier,new_this_run,title,game_url,has_discord,discord_url,discord_server,discord_members,discord_online,discord_via,active,peak_active_seen,visits,visits_growth_per_day,favorites,likes,dislikes,like_ratio,heat_active_per_1k_visits,age_days,created,last_updated,creator_type,creator_name,creator_url,group_members,owner_name,owner_url,owner_roblox_signal,discord_name_signal,youtube,tiktok,twitter_x,twitch,instagram,other_links,genre,max_players,universe_id,place_id,found_via,checked_at_utc
1600,1-BEST (MUST BUY),NEW,BUNKER II EVENT,https://www.roblox.com/games/103775536241420/,YES,https://discord.gg/eastcostra,єαѕт¢σѕтяα,17306,4616,official group link: Eastcosrtra Studio,100,100,605,,5,5,0,100.0,165.29,8,2026-09-17,2026-09-25,Group,Eastcosrtra Studio,https://www.roblox.com/groups/526713577,91428,Urdarlingy,https://www.roblox.com/users/477000047/profile,,,,,,,,https://www.facebook.com/roblox/,All,100,10766842919,103775536241420,search:iii,2026-09-26 13:13
1368,1-BEST (MUST BUY),NEW,[NEW & FREE TITLE] OBSTACLE ANDALAN V2,https://www.roblox.com/games/106197520237137/,YES,https://discord.gg/fd56qE5EX,ANDALAN COMMUNITY,1168,204,official game link,109,109,12162,,51,66,32,67.3,8.96,18,2026-09-08,2026-09-25,User,shinooajaaa,https://www.roblox.com/users/8745951218/profile,,shinooajaaa,https://www.roblox.com/users/8745951218/profile,,,,,,,,https://www.facebook.com/roblox/,All,40,10765640629,106197520237137,seedfile:watchlist_history.csv,2026-09-26 13:13
1167,1-BEST (MUST BUY),NEW,[NEW] Don't Steal Too Much ,https://www.roblox.com/games/134179332960560/,,,,,,,279,279,20695,,126,15,11,57.7,13.48,4,2026-09-22,2026-09-26,Group,Greediest Gamers,https://www.roblox.com/groups/785724890,581,RaymanTheGardener,https://www.roblox.com/users/8654218480/profile,,,,,,,,https://www.facebook.com/roblox/,All,8,10767558495,134179332960560,seedfile:watchlist_history.csv,2026-09-26 13:13
1129,1-BEST (MUST BUY),NEW,🐲 Ride A Beast For Eggs!,https://www.roblox.com/games/107027764091621/,,,,,,,169,169,29438,,74,12,3,80.0,5.74,6,2026-09-19,2026-09-26,Group,Egg Hunting Guild,https://www.roblox.com/groups/179163029,1376,voidlindon,https://www.roblox.com/users/10375995045/profile,,,,,,,,https://www.facebook.com/roblox/,All,6,10767130438,107027764091621,seedfile:watchlist_history.csv,2026-09-26 13:13
1078,1-BEST (MUST BUY),NEW,Grow a Capybara,https://www.roblox.com/games/74192990067524/,,,,,,,319,319,20500,,127,39,7,84.8,15.56,52,2026-08-04,2026-09-25,Group,Prota Games,https://www.roblox.com/groups/33121945,3980042,protagamestudio,https://www.roblox.com/users/5044397711/profile,,,,,,,,https://www.facebook.com/roblox/,All,6,10631081972,74192990067524,rec:10603247564,2026-09-26 13:13
1030,1-BEST (MUST BUY),NEW,⛏️BlockCraft💎,https://www.roblox.com/games/136169205786617/,,,,,,,121,121,20481,,71,12,9,57.1,5.91,104,2026-06-14,2026-09-07,Group,10B CCU,https://www.roblox.com/groups/1046845424,11,nikki_forever17,https://www.roblox.com/users/10498813210/profile,,,,,,,,https://www.facebook.com/roblox/,All,30,10326294132,136169205786617,seedfile:watchlist_history.csv,2026-09-26 13:13
1029,1-BEST (MUST BUY),NEW,Infinite Blocks,https://www.roblox.com/games/74348830510694/,,,,,,,157,157,27168,,102,9,9,50.0,5.78,134,2026-05-14,2026-09-21,Group,Infinite Blocks,https://www.roblox.com/groups/343959868,49620,65hQjarMpSEW27L,https://www.roblox.com/users/10765425423/profile,,,,,,,,https://www.facebook.com/roblox/,All,24,10167786253,74348830510694,seedfile:watchlist_history.csv,2026-09-26 13:13
906,2-GREAT,NEW,[NEW] Mountain of Death (Beta Test) ,https://www.roblox.com/games/120730739688218/,,https://discord.gg/fVSsd2CZ2 (UNVERIFIED/expired),,,,official group link: Indo Verse,603,603,54051,,480,215,45,82.7,11.16,23,2026-09-02,2026-09-26,Group,Indo Verse,https://www.roblox.com/groups/621063045,19325,pulsebloxlabs,https://www.roblox.com/users/10179666044/profile,,,,,,,,https://www.facebook.com/roblox/,All,35,10764862879,120730739688218,seedfile:watchlist_history.csv,2026-09-26 13:13
529,3-GOOD,NEW,Paint an ASMR 🎨,https://www.roblox.com/games/75570930405173/,,,,,,,949,949,162219,,447,35,15,70.0,5.85,54,2026-08-03,2026-09-23,Group,i like asmr,https://www.roblox.com/groups/604191004,1914,whk,https://www.roblox.com/users/9616277/profile,,,,,,,,https://www.facebook.com/roblox/,All,6,10622693591,75570930405173,seedfile:watchlist_history.csv,2026-09-26 13:13
467,4-MID,NEW,Airship Battles [Beta],https://www.roblox.com/games/135701822866389/,YES,https://discord.gg/fuEYE4shsx,Precise Convex Decomposition,216,61,official group link: Precise Convex Decomposition,961,961,370590,,4651,1450,450,76.3,2.59,319,2025-11-10,2026-09-25,Group,Precise Convex Decomposition,https://www.roblox.com/groups/755932078,442,PreciseConvexMan,https://www.roblox.com/users/10629816673/profile,,,,,,,,https://www.facebook.com/roblox/,All,8,9143837817,135701822866389,search:z battle,2026-09-26 13:13
﻿priority_score,tier,new_this_run,title,game_url,has_discord,discord_url,discord_server,discord_members,discord_online,discord_via,active,peak_active_seen,visits,visits_growth_per_day,favorites,likes,dislikes,like_ratio,heat_active_per_1k_visits,age_days,created,last_updated,creator_type,creator_name,creator_url,group_members,owner_name,owner_url,owner_roblox_signal,discord_name_signal,youtube,tiktok,twitter_x,twitch,instagram,other_links,genre,max_players,universe_id,place_id,found_via,checked_at_utc
1330,1-BEST (MUST BUY),NEW,Ball Picker ⛳ Clean Golf Range,https://www.roblox.com/games/113231093799073/,YES,https://discord.gg/rnwQhbYU9,Ball Picker,5,3,official game link,102,102,17099,,61,19,7,73.1,5.97,21,2026-09-05,2026-09-26,Group,InfernoDrive Studios,https://www.roblox.com/groups/64090932,2324,polk1233,https://www.roblox.com/users/57284699/profile,,,,,,,,https://www.facebook.com/roblox/,All,20,10765229953,113231093799073,seedfile:watchlist_history.csv,2026-09-26 13:43
1300,1-BEST (MUST BUY),NEW,"Steal, Plant, Grow!",https://www.roblox.com/games/105224102909354/,,,,,,,852,852,1502,,917,220,5,97.8,567.24,19,2026-09-06,2026-09-26,Group,S4L Games,https://www.roblox.com/groups/34727512,2459,EmoBoyHighman,https://www.roblox.com/users/3587875151/profile,,,https://youtube.com/user/highman,,,,,https://www.facebook.com/roblox/,All,6,10765463584,105224102909354,search:plant,2026-09-26 13:43
1191,1-BEST (MUST BUY),NEW,+1 Random Flip Obby Escape,https://www.roblox.com/games/129837790221359/,,,,,,,130,130,7179,,58,43,0,100.0,18.11,3,2026-09-22,2026-09-25,User,LelekaTiropita,https://www.roblox.com/users/10888540487/profile,,LelekaTiropita,https://www.roblox.com/users/10888540487/profile,,,,,,,,https://www.facebook.com/roblox/,All,22,10767605030,129837790221359,search:random,2026-09-26 13:43
1172,1-BEST (MUST BUY),NEW,[NEW] Don't Steal Too Much ,https://www.roblox.com/games/134179332960560/,,,,,,,317,317,22166,,134,18,11,62.1,14.3,4,2026-09-22,2026-09-26,Group,Greediest Gamers,https://www.roblox.com/groups/785724890,620,RaymanTheGardener,https://www.roblox.com/users/8654218480/profile,,,,,,,,https://www.facebook.com/roblox/,All,8,10767558495,134179332960560,seedfile:watchlist_history.csv,2026-09-26 13:43
1129,1-BEST (MUST BUY),NEW,[🐟🍣] Fish Farm Sushi,https://www.roblox.com/games/133644227090327/,,,,,,,220,220,37693,,4281,37,2,94.9,5.84,5,2026-09-21,2026-09-25,Group,Cubic_Games,https://www.roblox.com/groups/419791825,55228,Cubic_G4mes,https://www.roblox.com/users/10248332038/profile,,,,,,,,https://www.facebook.com/roblox/,All,6,10767391441,133644227090327,seedfile:watchlist_history.csv,2026-09-26 13:43
1129,1-BEST (MUST BUY),NEW,🐲 Ride A Beast For Eggs!,https://www.roblox.com/games/107027764091621/,,,,,,,172,172,29987,,75,12,3,80.0,5.74,6,2026-09-19,2026-09-26,Group,Egg Hunting Guild,https://www.roblox.com/groups/179163029,1405,voidlindon,https://www.roblox.com/users/10375995045/profile,,,,,,,,https://www.facebook.com/roblox/,All,6,10767130438,107027764091621,seedfile:watchlist_history.csv,2026-09-26 13:43
1094,1-BEST (MUST BUY),NEW,[NEW] Mine a Meteor,https://www.roblox.com/games/99176311430959/,,,,,,,102,102,5444,,67,12,3,80.0,18.74,32,2026-08-24,2026-09-26,User,ThyGoodG,https://www.roblox.com/users/10316191740/profile,,ThyGoodG,https://www.roblox.com/users/10316191740/profile,,,,,,,,https://www.facebook.com/roblox/,All,6,10759626664,99176311430959,seedfile:watchlist_history.csv,2026-09-26 13:43
1028,1-BEST (MUST BUY),NEW,⛏️BlockCraft💎,https://www.roblox.com/games/136169205786617/,,,,,,,118,118,20802,,73,12,9,57.1,5.67,104,2026-06-14,2026-09-07,Group,10B CCU,https://www.roblox.com/groups/1046845424,11,nikki_forever17,https://www.roblox.com/users/10498813210/profile,,,,,,,,https://www.facebook.com/roblox/,All,30,10326294132,136169205786617,seedfile:watchlist_history.csv,2026-09-26 13:43
1028,1-BEST (MUST BUY),NEW,Infinite Blocks,https://www.roblox.com/games/74348830510694/,,,,,,,153,153,27594,,102,9,9,50.0,5.54,134,2026-05-14,2026-09-21,Group,Infinite Blocks,https://www.roblox.com/groups/343959868,49621,65hQjarMpSEW27L,https://www.roblox.com/users/10765425423/profile,,,,,,,,https://www.facebook.com/roblox/,All,24,10167786253,74348830510694,seedfile:watchlist_history.csv,2026-09-26 13:43
921,2-GREAT,NEW,Cook An Animal,https://www.roblox.com/games/86435894760071/,,,,,,,926,926,65367,,260,45,28,61.6,14.17,22,2026-09-03,2026-09-25,Group,GuildCat Games,https://www.roblox.com/groups/215886677,582119,JamieGamesHolder,https://www.roblox.com/users/5024088009/profile,,,,,,,,https://www.facebook.com/roblox/,All,5,10764985343,86435894760071,search:cooking,2026-09-26 13:43
917,2-GREAT,NEW,[NEW] Mountain of Death (Beta Test) ,https://www.roblox.com/games/120730739688218/,,https://discord.gg/fVSsd2CZ2 (UNVERIFIED/expired),,,,official group link: Indo Verse,735,735,54944,,488,215,45,82.7,13.38,23,2026-09-02,2026-09-26,Group,Indo Verse,https://www.roblox.com/groups/621063045,19570,pulsebloxlabs,https://www.roblox.com/users/10179666044/profile,,,,,,,,https://www.facebook.com/roblox/,All,35,10764862879,120730739688218,seedfile:watchlist_history.csv,2026-09-26 13:43
530,3-GOOD,NEW,Paint an ASMR 🎨,https://www.roblox.com/games/75570930405173/,,,,,,,1004,1004,164806,,452,35,15,70.0,6.09,54,2026-08-03,2026-09-23,Group,i like asmr,https://www.roblox.com/groups/604191004,1938,whk,https://www.roblox.com/users/9616277/profile,,,,,,,,https://www.facebook.com/roblox/,All,6,10622693591,75570930405173,seedfile:watchlist_history.csv,2026-09-26 13:43
﻿priority_score,tier,new_this_run,title,game_url,has_discord,discord_url,discord_server,discord_members,discord_online,discord_via,active,peak_active_seen,visits,visits_growth_per_day,favorites,likes,dislikes,like_ratio,heat_active_per_1k_visits,age_days,created,last_updated,creator_type,creator_name,creator_url,group_members,owner_name,owner_url,owner_roblox_signal,discord_name_signal,youtube,tiktok,twitter_x,twitch,instagram,other_links,genre,max_players,universe_id,place_id,found_via,checked_at_utc
1344,1-BEST (MUST BUY),NEW,Fight Noobs for Treasure!,https://www.roblox.com/games/93406282410536/,YES,https://discord.gg/xrruZg4DnN,Albanian Bloxxers,341,60,official group link: Anti Noob Action,101,101,13610,,39,8,3,72.7,7.42,21,2026-09-05,2026-09-26,Group,Anti Noob Action,https://www.roblox.com/groups/678638724,14,soydev1112,https://www.roblox.com/users/8839297805/profile,,,,,,,,https://www.facebook.com/roblox/,All,15,10765242382,93406282410536,seedfile:watchlist_history.csv,2026-09-26 14:13
1167,1-BEST (MUST BUY),NEW,[NEW] Don't Steal Too Much ,https://www.roblox.com/games/134179332960560/,,,,,,,317,317,23667,,145,18,11,62.1,13.39,4,2026-09-22,2026-09-26,Group,Greediest Gamers,https://www.roblox.com/groups/785724890,683,RaymanTheGardener,https://www.roblox.com/users/8654218480/profile,,,,,,,,https://www.facebook.com/roblox/,All,8,10767558495,134179332960560,seedfile:watchlist_history.csv,2026-09-26 14:13
1148,1-BEST (MUST BUY),NEW,[NEW & FREE TITLE] OBSTACLE ANDALAN V2,https://www.roblox.com/games/106197520237137/,,,,,,,118,118,12413,,51,67,32,67.7,9.51,18,2026-09-08,2026-09-25,User,shinooajaaa,https://www.roblox.com/users/8745951218/profile,,shinooajaaa,https://www.roblox.com/users/8745951218/profile,,,,,,,,https://www.facebook.com/roblox/,All,40,10765640629,106197520237137,seedfile:watchlist_history.csv,2026-09-26 14:13
1124,1-BEST (MUST BUY),NEW,🐲 Ride A Beast For Eggs!,https://www.roblox.com/games/107027764091621/,,,,,,,148,148,30556,,78,12,3,80.0,4.84,6,2026-09-19,2026-09-26,Group,Egg Hunting Guild,https://www.roblox.com/groups/179163029,1448,voidlindon,https://www.roblox.com/users/10375995045/profile,,,,,,,,https://www.facebook.com/roblox/,All,6,10767130438,107027764091621,seedfile:watchlist_history.csv,2026-09-26 14:13
1121,1-BEST (MUST BUY),NEW,DAS H00D [WOW!],https://www.roblox.com/games/73790245633445/,,,,,,,110,110,26286,,90,11,7,61.1,4.18,2,2026-09-23,2026-09-23,User,pzfi8,https://www.roblox.com/users/11349713669/profile,,pzfi8,https://www.roblox.com/users/11349713669/profile,,,,,,,,https://www.facebook.com/roblox/,All,30,10767755166,73790245633445,seedfile:watchlist_history.csv,2026-09-26 14:13
1119,1-BEST (MUST BUY),NEW,[🐟🍣] Fish Farm Sushi,https://www.roblox.com/games/133644227090327/,,,,,,,148,148,38507,,4401,40,2,95.2,3.84,5,2026-09-21,2026-09-25,Group,Cubic_Games,https://www.roblox.com/groups/419791825,55231,Cubic_G4mes,https://www.roblox.com/users/10248332038/profile,,,,,,,,https://www.facebook.com/roblox/,All,6,10767391441,133644227090327,seedfile:watchlist_history.csv,2026-09-26 14:13
1030,1-BEST (MUST BUY),NEW,Infinite Blocks,https://www.roblox.com/games/74348830510694/,,,,,,,169,169,28086,,102,9,9,50.0,6.02,134,2026-05-14,2026-09-21,Group,Infinite Blocks,https://www.roblox.com/groups/343959868,49623,65hQjarMpSEW27L,https://www.roblox.com/users/10765425423/profile,,,,,,,,https://www.facebook.com/roblox/,All,24,10167786253,74348830510694,seedfile:watchlist_history.csv,2026-09-26 14:13
1026,1-BEST (MUST BUY),NEW,⛏️BlockCraft💎,https://www.roblox.com/games/136169205786617/,,,,,,,108,108,21157,,74,12,9,57.1,5.1,104,2026-06-14,2026-09-07,Group,10B CCU,https://www.roblox.com/groups/1046845424,11,nikki_forever17,https://www.roblox.com/users/10498813210/profile,,,,,,,,https://www.facebook.com/roblox/,All,30,10326294132,136169205786617,seedfile:watchlist_history.csv,2026-09-26 14:13
927,2-GREAT,NEW,[NEW] Mountain of Death (Beta Test) ,https://www.roblox.com/games/120730739688218/,,https://discord.gg/fVSsd2CZ2 (UNVERIFIED/expired),,,,official group link: Indo Verse,866,866,56020,,490,215,45,82.7,15.46,23,2026-09-02,2026-09-26,Group,Indo Verse,https://www.roblox.com/groups/621063045,19855,pulsebloxlabs,https://www.roblox.com/users/10179666044/profile,,,,,,,,https://www.facebook.com/roblox/,All,35,10764862879,120730739688218,seedfile:watchlist_history.csv,2026-09-26 14:13
525,3-GOOD,NEW,Paint an ASMR 🎨,https://www.roblox.com/games/75570930405173/,,,,,,,849,849,167490,,464,35,15,70.0,5.07,54,2026-08-03,2026-09-23,Group,i like asmr,https://www.roblox.com/groups/604191004,1980,whk,https://www.roblox.com/users/9616277/profile,,,,,,,,https://www.facebook.com/roblox/,All,6,10622693591,75570930405173,seedfile:watchlist_history.csv,2026-09-26 14:13
361,4-MID,NEW,Find the Holy Land 👁️‍🗨️,https://www.roblox.com/games/108709045756259/,,,,,,,837,837,389770,,13328,2052,307,87.0,2.15,17,2026-09-08,2026-09-26,Group,tekel studio,https://www.roblox.com/groups/193679370,11541,ZORAKFR,https://www.roblox.com/users/115422678/profile,,,,,,,,https://www.facebook.com/roblox/,All,20,10765718108,108709045756259,seedfile:watchlist_history.csv,2026-09-26 14:13
274,4-MID,NEW,STOP! Word Duel,https://www.roblox.com/games/126325864277234/,,,,,,,1078,1078,227344,,853,77,23,77.0,4.74,33,2026-08-23,2026-09-26,Group,Guri Games,https://www.roblox.com/groups/720281690,2900,gurigames16,https://www.roblox.com/users/11509576586/profile,,,,,,,,https://www.facebook.com/roblox/,All,24,10756780270,126325864277234,rec:9917929102,2026-09-26 14:13
﻿priority_score,tier,new_this_run,title,game_url,has_discord,discord_url,discord_server,discord_members,discord_online,discord_via,active,peak_active_seen,visits,visits_growth_per_day,favorites,likes,dislikes,like_ratio,heat_active_per_1k_visits,age_days,created,last_updated,creator_type,creator_name,creator_url,group_members,owner_name,owner_url,owner_roblox_signal,discord_name_signal,youtube,tiktok,twitter_x,twitch,instagram,other_links,genre,max_players,universe_id,place_id,found_via,checked_at_utc
1374,1-BEST (MUST BUY),NEW,[NEW & FREE TITLE] OBSTACLE ANDALAN V2,https://www.roblox.com/games/106197520237137/,YES,https://discord.gg/fd56qE5EX,ANDALAN COMMUNITY,1168,210,official game link,126,126,12531,,51,67,32,67.7,10.06,18,2026-09-08,2026-09-25,User,shinooajaaa,https://www.roblox.com/users/8745951218/profile,,shinooajaaa,https://www.roblox.com/users/8745951218/profile,,,,,,,,https://www.facebook.com/roblox/,All,40,10765640629,106197520237137,seedfile:watchlist_history.csv,2026-09-26 14:40
1167,1-BEST (MUST BUY),NEW,[NEW] Don't Steal Too Much ,https://www.roblox.com/games/134179332960560/,,,,,,,337,337,25264,,156,18,11,62.1,13.34,4,2026-09-22,2026-09-26,Group,Greediest Gamers,https://www.roblox.com/groups/785724890,726,RaymanTheGardener,https://www.roblox.com/users/8654218480/profile,,,,,,,,https://www.facebook.com/roblox/,All,8,10767558495,134179332960560,seedfile:watchlist_history.csv,2026-09-26 14:41
1133,1-BEST (MUST BUY),NEW,Catch & Clean Animals,https://www.roblox.com/games/110144892843278/,,,,,,,193,193,29368,,107,18,18,50.0,6.57,10,2026-09-16,2026-09-26,Group,wow such clean animals!,https://www.roblox.com/groups/461035802,681,AckPIays,https://www.roblox.com/users/321178532/profile,,,,,,,,https://www.facebook.com/roblox/,All,7,10766683865,110144892843278,seedfile:watchlist_history.csv,2026-09-26 14:40
1126,1-BEST (MUST BUY),NEW,🐲 Ride A Beast For Eggs!,https://www.roblox.com/games/107027764091621/,,,,,,,159,159,30980,,78,12,3,80.0,5.13,6,2026-09-19,2026-09-26,Group,Egg Hunting Guild,https://www.roblox.com/groups/179163029,1478,voidlindon,https://www.roblox.com/users/10375995045/profile,,,,,,,,https://www.facebook.com/roblox/,All,6,10767130438,107027764091621,seedfile:watchlist_history.csv,2026-09-26 14:40
1125,1-BEST (MUST BUY),NEW,DAS H00D [WOW!],https://www.roblox.com/games/73790245633445/,,,,,,,133,133,26500,,92,11,7,61.1,5.02,2,2026-09-23,2026-09-23,User,pzfi8,https://www.roblox.com/users/11349713669/profile,,pzfi8,https://www.roblox.com/users/11349713669/profile,,,,,,,,https://www.facebook.com/roblox/,All,30,10767755166,73790245633445,seedfile:watchlist_history.csv,2026-09-26 14:41
1042,1-BEST (MUST BUY),NEW,Infinite Blocks,https://www.roblox.com/games/74348830510694/,,,,,,,242,242,28847,,104,9,9,50.0,8.39,134,2026-05-14,2026-09-21,Group,Infinite Blocks,https://www.roblox.com/groups/343959868,49623,65hQjarMpSEW27L,https://www.roblox.com/users/10765425423/profile,,,,,,,,https://www.facebook.com/roblox/,All,24,10167786253,74348830510694,seedfile:watchlist_history.csv,2026-09-26 14:40
1026,1-BEST (MUST BUY),NEW,⛏️BlockCraft💎,https://www.roblox.com/games/136169205786617/,,,,,,,110,110,21505,,78,12,9,57.1,5.12,104,2026-06-14,2026-09-07,Group,10B CCU,https://www.roblox.com/groups/1046845424,11,nikki_forever17,https://www.roblox.com/users/10498813210/profile,,,,,,,,https://www.facebook.com/roblox/,All,30,10326294132,136169205786617,seedfile:watchlist_history.csv,2026-09-26 14:40
935,2-GREAT,NEW,[NEW] Mountain of Death (Beta Test) ,https://www.roblox.com/games/120730739688218/,,https://discord.gg/fVSsd2CZ2 (UNVERIFIED/expired),,,,official group link: Indo Verse,970,970,56998,,493,216,46,82.4,17.02,23,2026-09-02,2026-09-26,Group,Indo Verse,https://www.roblox.com/groups/621063045,20117,pulsebloxlabs,https://www.roblox.com/users/10179666044/profile,,,,,,,,https://www.facebook.com/roblox/,All,35,10764862879,120730739688218,seedfile:watchlist_history.csv,2026-09-26 14:41
360,4-MID,NEW,Find the Holy Land 👁️‍🗨️,https://www.roblox.com/games/108709045756259/,,,,,,,828,828,393670,,13411,2072,313,86.9,2.1,17,2026-09-08,2026-09-26,Group,tekel studio,https://www.roblox.com/groups/193679370,11670,ZORAKFR,https://www.roblox.com/users/115422678/profile,,,,,,,,https://www.facebook.com/roblox/,All,20,10765718108,108709045756259,seedfile:watchlist_history.csv,2026-09-26 14:40
359,4-MID,NEW,Honcho Practice,https://www.roblox.com/games/71276239588427/,,,,,,,893,893,486510,,31251,2543,433,85.5,1.84,18,2026-09-07,2026-09-26,User,xmatissus,https://www.roblox.com/users/8663742810/profile,,xmatissus,https://www.roblox.com/users/8663742810/profile,,,,,,,,https://www.facebook.com/roblox/,All,50,10765566974,71276239588427,search:seek,2026-09-26 14:41
﻿priority_score,tier,new_this_run,title,game_url,has_discord,discord_url,discord_server,discord_members,discord_online,discord_via,active,peak_active_seen,visits,visits_growth_per_day,favorites,likes,dislikes,like_ratio,heat_active_per_1k_visits,age_days,created,last_updated,creator_type,creator_name,creator_url,group_members,owner_name,owner_url,owner_roblox_signal,discord_name_signal,youtube,tiktok,twitter_x,twitch,instagram,other_links,genre,max_players,universe_id,place_id,found_via,checked_at_utc
1430,1-BEST (MUST BUY),NEW,Dive & Mine ⛏️,https://www.roblox.com/games/137461001878613/,YES,https://discord.gg/fJERBDwZzb,The Tokyo Era [TESTING],645,52,"owned group socials (same owner, other community): The Tokyo Era",199,199,8508,,38,12,4,75.0,23.39,24,2026-09-02,2026-09-26,Group,Another cool game,https://www.roblox.com/groups/426479959,14,wsptkayyy,https://www.roblox.com/users/1191962150/profile,,,,,,,,https://www.facebook.com/roblox/,All,6,10764827789,137461001878613,seedfile:watchlist_history.csv,2026-09-26 14:54
1398,1-BEST (MUST BUY),NEW,MAYHEM,https://www.roblox.com/games/74271582115172/,YES,https://discord.gg/qNue4TmewE,Mayhem Studio Games,430,64,official group link: Mayhem Studio Games,166,166,9317,,61,55,11,83.3,17.82,13,2026-09-13,2026-09-26,Group,Mayhem Studio Games,https://www.roblox.com/groups/33327252,38381,Galactiq,https://www.roblox.com/users/82250066/profile,,,,,https://x.com/blades_bullets,,,https://www.facebook.com/roblox/,All,8,10766311250,74271582115172,search:mage,2026-09-26 14:54
1151,1-BEST (MUST BUY),NEW,[NEW & FREE TITLE] OBSTACLE ANDALAN V2,https://www.roblox.com/games/106197520237137/,,,,,,,128,128,12602,,51,67,32,67.7,10.16,18,2026-09-08,2026-09-25,User,shinooajaaa,https://www.roblox.com/users/8745951218/profile,,shinooajaaa,https://www.roblox.com/users/8745951218/profile,,,,,,,,https://www.facebook.com/roblox/,All,40,10765640629,106197520237137,seedfile:watchlist_history.csv,2026-09-26 14:54
1150,1-BEST (MUST BUY),NEW,[NEW] Don't Steal Too Much ,https://www.roblox.com/games/134179332960560/,,,,,,,259,259,25952,,161,20,12,62.5,9.98,4,2026-09-22,2026-09-26,Group,Greediest Gamers,https://www.roblox.com/groups/785724890,745,RaymanTheGardener,https://www.roblox.com/users/8654218480/profile,,,,,,,,https://www.facebook.com/roblox/,All,8,10767558495,134179332960560,seedfile:watchlist_history.csv,2026-09-26 14:54
1126,1-BEST (MUST BUY),NEW,DAS H00D [WOW!],https://www.roblox.com/games/73790245633445/,,,,,,,141,141,26646,,92,11,7,61.1,5.29,2,2026-09-23,2026-09-23,User,pzfi8,https://www.roblox.com/users/11349713669/profile,,pzfi8,https://www.roblox.com/users/11349713669/profile,,,,,,,,https://www.facebook.com/roblox/,All,30,10767755166,73790245633445,seedfile:watchlist_history.csv,2026-09-26 14:54
1123,1-BEST (MUST BUY),NEW,🐲 Ride A Beast For Eggs!,https://www.roblox.com/games/107027764091621/,,,,,,,143,143,31225,,78,12,3,80.0,4.58,6,2026-09-19,2026-09-26,Group,Egg Hunting Guild,https://www.roblox.com/groups/179163029,1482,voidlindon,https://www.roblox.com/users/10375995045/profile,,,,,,,,https://www.facebook.com/roblox/,All,6,10767130438,107027764091621,seedfile:watchlist_history.csv,2026-09-26 14:54
1119,1-BEST (MUST BUY),NEW,Catch & Clean Animals,https://www.roblox.com/games/110144892843278/,,,,,,,111,111,29794,,107,18,18,50.0,3.73,10,2026-09-16,2026-09-26,Group,wow such clean animals!,https://www.roblox.com/groups/461035802,687,AckPIays,https://www.roblox.com/users/321178532/profile,,,,,,,,https://www.facebook.com/roblox/,All,7,10766683865,110144892843278,seedfile:watchlist_history.csv,2026-09-26 14:54
1114,1-BEST (MUST BUY),NEW,[🐟🍣] Fish Farm Sushi,https://www.roblox.com/games/133644227090327/,,,,,,,108,108,39258,,4486,40,2,95.2,2.75,5,2026-09-21,2026-09-25,Group,Cubic_Games,https://www.roblox.com/groups/419791825,55232,Cubic_G4mes,https://www.roblox.com/users/10248332038/profile,,,,,,,,https://www.facebook.com/roblox/,All,6,10767391441,133644227090327,seedfile:watchlist_history.csv,2026-09-26 14:54
1031,1-BEST (MUST BUY),NEW,Infinite Blocks,https://www.roblox.com/games/74348830510694/,,,,,,,182,182,29101,,104,9,9,50.0,6.25,134,2026-05-14,2026-09-21,Group,Infinite Blocks,https://www.roblox.com/groups/343959868,49623,65hQjarMpSEW27L,https://www.roblox.com/users/10765425423/profile,,,,,,,,https://www.facebook.com/roblox/,All,24,10167786253,74348830510694,seedfile:watchlist_history.csv,2026-09-26 14:54
1027,1-BEST (MUST BUY),NEW,⛏️BlockCraft💎,https://www.roblox.com/games/136169205786617/,,,,,,,118,118,21685,,79,12,9,57.1,5.44,104,2026-06-14,2026-09-07,Group,10B CCU,https://www.roblox.com/groups/1046845424,11,nikki_forever17,https://www.roblox.com/users/10498813210/profile,,,,,,,,https://www.facebook.com/roblox/,All,30,10326294132,136169205786617,seedfile:watchlist_history.csv,2026-09-26 14:54
938,2-GREAT,NEW,[NEW] Mountain of Death (Beta Test) ,https://www.roblox.com/games/120730739688218/,,https://discord.gg/fVSsd2CZ2 (UNVERIFIED/expired),,,,official group link: Indo Verse,1006,1006,57463,,494,216,46,82.4,17.51,23,2026-09-02,2026-09-26,Group,Indo Verse,https://www.roblox.com/groups/621063045,20238,pulsebloxlabs,https://www.roblox.com/users/10179666044/profile,,,,,,,,https://www.facebook.com/roblox/,All,35,10764862879,120730739688218,seedfile:watchlist_history.csv,2026-09-26 14:54
361,4-MID,NEW,Find the Holy Land 👁️‍🗨️,https://www.roblox.com/games/108709045756259/,,,,,,,869,869,395534,,13428,2083,314,86.9,2.2,17,2026-09-08,2026-09-26,Group,tekel studio,https://www.roblox.com/groups/193679370,11730,ZORAKFR,https://www.roblox.com/users/115422678/profile,,,,,,,,https://www.facebook.com/roblox/,All,20,10765718108,108709045756259,seedfile:watchlist_history.csv,2026-09-26 14:54
359,4-MID,NEW,Honcho Practice,https://www.roblox.com/games/71276239588427/,,,,,,,837,837,488502,,31378,2549,436,85.4,1.71,18,2026-09-07,2026-09-26,User,xmatissus,https://www.roblox.com/users/8663742810/profile,,xmatissus,https://www.roblox.com/users/8663742810/profile,,,,,,,,https://www.facebook.com/roblox/,All,50,10765566974,71276239588427,search:seek,2026-09-26 14:54
﻿priority_score,tier,new_this_run,title,game_url,has_discord,discord_url,discord_server,discord_members,discord_online,discord_via,active,peak_active_seen,visits,visits_growth_per_day,favorites,likes,dislikes,like_ratio,heat_active_per_1k_visits,age_days,created,last_updated,creator_type,creator_name,creator_url,group_members,owner_name,owner_url,owner_roblox_signal,discord_name_signal,youtube,tiktok,twitter_x,twitch,instagram,other_links,genre,max_players,universe_id,place_id,found_via,checked_at_utc
1379,1-BEST (MUST BUY),NEW,[NEW & FREE TITLE] OBSTACLE ANDALAN V2,https://www.roblox.com/games/106197520237137/,YES,https://discord.gg/fd56qE5EX,ANDALAN COMMUNITY,1169,200,official game link,142,142,12687,,51,68,32,68.0,11.19,18,2026-09-08,2026-09-25,User,shinooajaaa,https://www.roblox.com/users/8745951218/profile,,shinooajaaa,https://www.roblox.com/users/8745951218/profile,,,,,,,,https://www.facebook.com/roblox/,All,40,10765640629,106197520237137,seedfile:watchlist_history.csv,2026-09-26 15:13
1149,1-BEST (MUST BUY),NEW,[NEW] Don't Steal Too Much ,https://www.roblox.com/games/134179332960560/,,,,,,,264,264,26864,,172,21,12,63.6,9.83,4,2026-09-22,2026-09-26,Group,Greediest Gamers,https://www.roblox.com/groups/785724890,781,RaymanTheGardener,https://www.roblox.com/users/8654218480/profile,,,,,,,,https://www.facebook.com/roblox/,All,8,10767558495,134179332960560,seedfile:watchlist_history.csv,2026-09-26 15:13
1122,1-BEST (MUST BUY),NEW,DAS H00D [WOW!],https://www.roblox.com/games/73790245633445/,,,,,,,119,119,26842,,92,11,7,61.1,4.43,2,2026-09-23,2026-09-23,User,pzfi8,https://www.roblox.com/users/11349713669/profile,,pzfi8,https://www.roblox.com/users/11349713669/profile,,,,,,,,https://www.facebook.com/roblox/,All,30,10767755166,73790245633445,seedfile:watchlist_history.csv,2026-09-26 15:13
1119,1-BEST (MUST BUY),NEW,[20x] 1$ Car VS 1B$ Car,https://www.roblox.com/games/128940549075153/,,,,,,,109,109,28609,,214,87,8,91.6,3.81,15,2026-09-11,2026-09-25,Group,Games Down - LOL,https://www.roblox.com/groups/616826064,762,Laksh_2739,https://www.roblox.com/users/1786859437/profile,,,,,,,,https://www.facebook.com/roblox/,All,12,10765995316,128940549075153,seedfile:watchlist_history.csv,2026-09-26 15:13
1117,1-BEST (MUST BUY),NEW,🐲 Ride A Beast For Eggs!,https://www.roblox.com/games/107027764091621/,,,,,,,107,107,31490,,78,12,3,80.0,3.4,6,2026-09-19,2026-09-26,Group,Egg Hunting Guild,https://www.roblox.com/groups/179163029,1499,voidlindon,https://www.roblox.com/users/10375995045/profile,,,,,,,,https://www.facebook.com/roblox/,All,6,10767130438,107027764091621,seedfile:watchlist_history.csv,2026-09-26 15:12
1029,1-BEST (MUST BUY),NEW,⛏️BlockCraft💎,https://www.roblox.com/games/136169205786617/,,,,,,,126,126,22059,,80,12,9,57.1,5.71,104,2026-06-14,2026-09-07,Group,10B CCU,https://www.roblox.com/groups/1046845424,11,nikki_forever17,https://www.roblox.com/users/10498813210/profile,,,,,,,,https://www.facebook.com/roblox/,All,30,10326294132,136169205786617,seedfile:watchlist_history.csv,2026-09-26 15:12
1025,1-BEST (MUST BUY),NEW,Infinite Blocks,https://www.roblox.com/games/74348830510694/,,,,,,,149,149,29405,,104,9,9,50.0,5.07,134,2026-05-14,2026-09-21,Group,Infinite Blocks,https://www.roblox.com/groups/343959868,49623,65hQjarMpSEW27L,https://www.roblox.com/users/10765425423/profile,,,,,,,,https://www.facebook.com/roblox/,All,24,10167786253,74348830510694,seedfile:watchlist_history.csv,2026-09-26 15:12
940,2-GREAT,NEW,[NEW] Mountain of Death (Beta Test) ,https://www.roblox.com/games/120730739688218/,,https://discord.gg/fVSsd2CZ2 (UNVERIFIED/expired),,,,official group link: Indo Verse,1044,1044,58173,,494,217,48,81.9,17.95,23,2026-09-02,2026-09-26,Group,Indo Verse,https://www.roblox.com/groups/621063045,20397,pulsebloxlabs,https://www.roblox.com/users/10179666044/profile,,,,,,,,https://www.facebook.com/roblox/,All,35,10764862879,120730739688218,seedfile:watchlist_history.csv,2026-09-26 15:13
361,4-MID,NEW,Find the Holy Land 👁️‍🗨️,https://www.roblox.com/games/108709045756259/,,,,,,,902,902,398022,,13491,2101,315,87.0,2.27,17,2026-09-08,2026-09-26,Group,tekel studio,https://www.roblox.com/groups/193679370,11825,ZORAKFR,https://www.roblox.com/users/115422678/profile,,,,,,,,https://www.facebook.com/roblox/,All,20,10765718108,108709045756259,seedfile:watchlist_history.csv,2026-09-26 15:13
﻿priority_score,tier,new_this_run,title,game_url,has_discord,discord_url,discord_server,discord_members,discord_online,discord_via,active,peak_active_seen,visits,visits_growth_per_day,favorites,likes,dislikes,like_ratio,heat_active_per_1k_visits,age_days,created,last_updated,creator_type,creator_name,creator_url,group_members,owner_name,owner_url,owner_roblox_signal,discord_name_signal,youtube,tiktok,twitter_x,twitch,instagram,other_links,genre,max_players,universe_id,place_id,found_via,checked_at_utc
1176,1-BEST (MUST BUY),NEW,Defend A Pet,https://www.roblox.com/games/119666842592699/,,,,,,,235,235,15369,,327,13,3,81.2,15.29,16,2026-09-10,2026-09-26,Group,Defense Labs,https://www.roblox.com/groups/54403019,669,Oxaviron,https://www.roblox.com/users/140497661/profile,,,,,,,,https://www.facebook.com/roblox/,All,6,10765897863,119666842592699,seedfile:watchlist_history.csv,2026-09-26 15:43
1150,1-BEST (MUST BUY),NEW,[NEW] Don't Steal Too Much ,https://www.roblox.com/games/134179332960560/,,,,,,,281,281,28257,,185,21,14,60.0,9.94,4,2026-09-22,2026-09-26,Group,Greediest Gamers,https://www.roblox.com/groups/785724890,807,RaymanTheGardener,https://www.roblox.com/users/8654218480/profile,,,,,,,,https://www.facebook.com/roblox/,All,8,10767558495,134179332960560,seedfile:watchlist_history.csv,2026-09-26 15:43
1128,1-BEST (MUST BUY),NEW,DAS H00D [WOW!],https://www.roblox.com/games/73790245633445/,,,,,,,153,153,27177,,92,11,7,61.1,5.63,2,2026-09-23,2026-09-23,User,pzfi8,https://www.roblox.com/users/11349713669/profile,,pzfi8,https://www.roblox.com/users/11349713669/profile,,,,,,,,https://www.facebook.com/roblox/,All,30,10767755166,73790245633445,seedfile:watchlist_history.csv,2026-09-26 15:43
1027,1-BEST (MUST BUY),NEW,⛏️BlockCraft💎,https://www.roblox.com/games/136169205786617/,,,,,,,121,121,22390,,80,12,9,57.1,5.4,104,2026-06-14,2026-09-07,Group,10B CCU,https://www.roblox.com/groups/1046845424,11,nikki_forever17,https://www.roblox.com/users/10498813210/profile,,,,,,,,https://www.facebook.com/roblox/,All,30,10326294132,136169205786617,seedfile:watchlist_history.csv,2026-09-26 15:43
1021,1-BEST (MUST BUY),NEW,Infinite Blocks,https://www.roblox.com/games/74348830510694/,,,,,,,127,127,29795,,105,9,9,50.0,4.26,135,2026-05-14,2026-09-21,Group,Infinite Blocks,https://www.roblox.com/groups/343959868,49624,65hQjarMpSEW27L,https://www.roblox.com/users/10765425423/profile,,,,,,,,https://www.facebook.com/roblox/,All,24,10167786253,74348830510694,seedfile:watchlist_history.csv,2026-09-26 15:43
941,2-GREAT,NEW,[NEW] Mountain of Death (Beta Test) ,https://www.roblox.com/games/120730739688218/,,https://discord.gg/fVSsd2CZ2 (UNVERIFIED/expired),,,,official group link: Indo Verse,1077,1077,59404,,499,219,49,81.7,18.13,24,2026-09-02,2026-09-26,Group,Indo Verse,https://www.roblox.com/groups/621063045,20740,pulsebloxlabs,https://www.roblox.com/users/10179666044/profile,,,,,,,,https://www.facebook.com/roblox/,All,35,10764862879,120730739688218,seedfile:watchlist_history.csv,2026-09-26 15:43
528,3-GOOD,NEW,Paint an ASMR 🎨,https://www.roblox.com/games/75570930405173/,,,,,,,976,976,174125,,480,37,16,69.8,5.61,54,2026-08-03,2026-09-23,Group,i like asmr,https://www.roblox.com/groups/604191004,2067,whk,https://www.roblox.com/users/9616277/profile,,,,,,,,https://www.facebook.com/roblox/,All,6,10622693591,75570930405173,seedfile:watchlist_history.csv,2026-09-26 15:43
362,4-MID,NEW,Find the Holy Land 👁️‍🗨️,https://www.roblox.com/games/108709045756259/,,,,,,,958,958,402702,,13602,2124,317,87.0,2.38,17,2026-09-08,2026-09-26,Group,tekel studio,https://www.roblox.com/groups/193679370,11992,ZORAKFR,https://www.roblox.com/users/115422678/profile,,,,,,,,https://www.facebook.com/roblox/,All,20,10765718108,108709045756259,seedfile:watchlist_history.csv,2026-09-26 15:43
